#VRML V2.0 utf8
# Exportiert mit Blender-WRL-Export (The Real API Fix)

Shape # Material: Material
{
	geometry IndexedFaceSet {
		coord Coordinate { point [
			10.620000 0.320000 -6.460000,
			10.620000 -0.320000 -6.460000,
			9.659999 0.320000 6.460000,
			9.659999 -0.320000 6.460000,
			-10.620000 0.320000 -6.460000,
			-10.620000 -0.320000 -6.460000,
			-9.659999 0.320000 6.460000,
			-9.659999 -0.320000 6.460000,
			-10.620000 -0.320000 5.020000,
			10.620000 0.320000 5.020000,
			-10.620000 0.320000 5.020000,
			10.620000 -0.320000 5.020000,
			6.891999 -0.320000 -6.460000,
			7.852000 0.320000 6.460000,
			7.852000 -0.320000 6.460000,
			6.891999 0.320000 -6.460000,
			6.891999 -0.320000 5.020000,
			6.891999 0.320000 5.020000,
			-6.899999 -0.320000 -6.460000,
			-7.859999 0.320000 6.460000,
			-6.899999 -0.320000 5.020000,
			-7.859999 -0.320000 6.460000,
			-6.899999 0.320000 -6.460000,
			-6.899999 0.320000 5.020000,
		] }
		coordIndex [
			23 6 19 -1,
			19 7 21 -1,
			10 5 8 -1,
			11 14 16 -1,
			9 3 11 -1,
			15 1 12 -1,
			0 11 1 -1,
			1 16 12 -1,
			6 8 7 -1,
			4 23 22 -1,
			15 9 0 -1,
			12 20 18 -1,
			22 12 18 -1,
			16 23 20 -1,
			2 14 3 -1,
			17 2 9 -1,
			20 7 8 -1,
			4 18 5 -1,
			18 8 5 -1,
			22 17 15 -1,
			23 21 20 -1,
			13 16 14 -1,
			23 10 6 -1,
			19 6 7 -1,
			10 4 5 -1,
			11 3 14 -1,
			9 2 3 -1,
			15 0 1 -1,
			0 9 11 -1,
			1 11 16 -1,
			6 10 8 -1,
			4 10 23 -1,
			15 17 9 -1,
			12 16 20 -1,
			22 15 12 -1,
			16 17 23 -1,
			2 13 14 -1,
			17 13 2 -1,
			20 21 7 -1,
			4 22 18 -1,
			18 20 8 -1,
			22 23 17 -1,
			23 19 21 -1,
			13 17 16 -1,
		]
		normal Normal { vector [
			0.577357 0.577347 -0.577347,
			0.577363 -0.577333 -0.577355,
			0.372181 0.614733 0.695403,
			0.372158 -0.614741 0.695407,
			-0.577363 0.577333 -0.577355,
			-0.577357 -0.577347 -0.577347,
			-0.372161 0.614733 0.695413,
			-0.372181 -0.614733 0.695403,
			-0.729510 -0.647325 0.220872,
			0.729511 0.647325 0.220872,
			-0.729510 0.647324 0.220876,
			0.729512 -0.647321 0.220877,
			0.000000 -0.707112 -0.707102,
			-0.372158 0.614741 0.695407,
			-0.372181 -0.614733 0.695403,
			0.000000 0.707100 -0.707114,
			-0.263062 -0.830162 0.491558,
			-0.263068 0.830166 0.491548,
			0.000000 -0.707100 -0.707114,
			0.372178 0.614741 0.695397,
			0.263069 -0.830166 0.491548,
			0.372158 -0.614741 0.695407,
			0.000000 0.707112 -0.707102,
			0.263063 0.830161 0.491560,
		] }
		normalPerVertex TRUE
		solid TRUE
	}
	appearance Appearance {
		material Material {
			diffuseColor 0.8000 0.8000 0.8000
			transparency 0.0000
			shininess 0.5000
		}
	}
}

Shape # Material: m20-9990345_color_1.004
{
	geometry IndexedFaceSet {
		coord Coordinate { point [
			8.803999 -1.100000 5.359999,
			8.704000 -1.100000 5.259999,
			8.984799 -1.100000 4.979199,
			8.704000 -1.100000 4.443999,
			8.984799 -1.100000 4.724799,
			8.803999 -1.100000 4.343999,
			9.419999 -1.100000 4.343999,
			9.239200 -1.100000 4.724799,
			9.520000 -1.100000 4.443999,
			9.520000 -1.100000 5.259999,
			9.239200 -1.100000 4.979199,
			9.419999 -1.100000 5.359999,
			8.603999 -1.000000 5.159999,
			8.603999 -1.000000 4.543999,
			8.603999 -0.424000 4.543999,
			8.803999 -0.324000 4.343999,
			8.704000 -0.324000 4.443999,
			9.419999 -0.324000 4.343999,
			9.419999 -0.324000 4.543999,
			8.803999 -0.324000 5.359999,
			8.803999 -0.324000 5.159999,
			9.419999 -0.324000 5.359999,
			9.419999 -0.324000 5.159999,
			8.803999 -0.324000 4.543999,
			8.704000 -0.324000 5.259999,
			8.984799 -0.324000 4.724799,
			9.239200 -0.324000 4.724799,
			9.239200 -0.324000 4.979199,
			8.984799 -0.324000 4.979199,
			9.520000 -0.324000 5.259999,
			9.520000 -0.324000 4.443999,
			8.603999 -0.424000 5.159999,
			9.619999 -0.424000 4.543999,
			9.619999 -1.000000 4.543999,
			9.619999 -1.000000 5.159999,
			9.619999 -0.424000 5.159999,
			8.984799 -1.100000 4.857930,
			9.117930 -1.100000 4.724799,
			9.239200 -1.100000 4.857930,
			9.117930 -1.100000 4.979199,
			9.162186 -0.324000 4.724799,
			9.239200 -0.324000 4.902186,
			9.162186 -0.324000 4.979199,
			8.984799 -0.324000 4.902186,
			7.787999 -1.100000 5.359999,
			7.687999 -1.100000 5.259999,
			7.968799 -1.100000 4.979199,
			7.687999 -1.100000 4.443999,
			7.968799 -1.100000 4.724799,
			7.787999 -1.100000 4.343999,
			8.403999 -1.100000 4.343999,
			8.223200 -1.100000 4.724799,
			8.504000 -1.100000 4.443999,
			8.504000 -1.100000 5.259999,
			8.223200 -1.100000 4.979199,
			8.403999 -1.100000 5.359999,
			7.587999 -1.000000 5.159999,
			7.587999 -1.000000 4.543999,
			7.587999 -0.424000 4.543999,
			7.787999 -0.324000 4.343999,
			7.687999 -0.324000 4.443999,
			8.403999 -0.324000 4.343999,
			8.403999 -0.324000 4.543999,
			7.787999 -0.324000 5.359999,
			7.787999 -0.324000 5.159999,
			8.403999 -0.324000 5.359999,
			8.403999 -0.324000 5.159999,
			7.787999 -0.324000 4.543999,
			7.687999 -0.324000 5.259999,
			7.968799 -0.324000 4.724799,
			8.223200 -0.324000 4.724799,
			8.223200 -0.324000 4.979199,
			7.968799 -0.324000 4.979199,
			8.504000 -0.324000 5.259999,
			8.504000 -0.324000 4.443999,
			7.587999 -0.424000 5.159999,
			8.603999 -0.424000 4.543999,
			8.603999 -1.000000 4.543999,
			8.603999 -1.000000 5.159999,
			8.603999 -0.424000 5.159999,
			7.968799 -1.100000 4.857930,
			8.101931 -1.100000 4.724799,
			8.223200 -1.100000 4.857930,
			8.101931 -1.100000 4.979199,
			8.146186 -0.324000 4.724799,
			8.223200 -0.324000 4.902186,
			8.146186 -0.324000 4.979199,
			7.968799 -0.324000 4.902186,
		] }
		coordIndex [
			0 1 2 -1,
			2 1 3 -1,
			3 36 2 -1,
			4 3 5 -1,
			4 5 6 -1,
			6 37 4 -1,
			8 7 6 -1,
			9 7 8 -1,
			9 38 7 -1,
			11 10 9 -1,
			11 39 10 -1,
			11 0 2 -1,
			12 13 1 -1,
			1 13 3 -1,
			3 13 5 -1,
			5 13 14 -1,
			5 14 15 -1,
			15 14 16 -1,
			17 6 15 -1,
			15 6 5 -1,
			21 19 11 -1,
			11 19 0 -1,
			15 16 23 -1,
			23 16 24 -1,
			23 24 20 -1,
			20 24 19 -1,
			18 40 26 -1,
			41 18 26 -1,
			22 18 27 -1,
			42 22 27 -1,
			22 28 20 -1,
			43 20 28 -1,
			25 23 20 -1,
			25 18 23 -1,
			21 29 22 -1,
			22 29 30 -1,
			22 30 18 -1,
			18 30 17 -1,
			14 31 16 -1,
			16 31 24 -1,
			31 13 12 -1,
			24 31 19 -1,
			19 31 12 -1,
			19 12 0 -1,
			0 12 1 -1,
			30 32 17 -1,
			17 32 33 -1,
			17 33 6 -1,
			6 33 8 -1,
			9 8 34 -1,
			34 8 33 -1,
			29 21 35 -1,
			35 21 11 -1,
			35 11 34 -1,
			34 11 9 -1,
			35 32 29 -1,
			29 32 30 -1,
			32 35 33 -1,
			33 35 34 -1,
			19 22 20 -1,
			17 23 18 -1,
			44 45 46 -1,
			46 45 47 -1,
			47 80 46 -1,
			48 47 49 -1,
			48 49 50 -1,
			50 81 48 -1,
			52 51 50 -1,
			53 51 52 -1,
			53 82 51 -1,
			55 54 53 -1,
			55 83 54 -1,
			55 44 46 -1,
			56 57 45 -1,
			45 57 47 -1,
			47 57 49 -1,
			49 57 58 -1,
			49 58 59 -1,
			59 58 60 -1,
			61 50 59 -1,
			59 50 49 -1,
			65 63 55 -1,
			55 63 44 -1,
			59 60 67 -1,
			67 60 68 -1,
			67 68 64 -1,
			64 68 63 -1,
			62 84 70 -1,
			85 62 70 -1,
			66 62 71 -1,
			86 66 71 -1,
			66 72 64 -1,
			87 64 72 -1,
			69 67 64 -1,
			69 62 67 -1,
			65 73 66 -1,
			66 73 74 -1,
			66 74 62 -1,
			62 74 61 -1,
			58 75 60 -1,
			60 75 68 -1,
			75 57 56 -1,
			68 75 63 -1,
			63 75 56 -1,
			63 56 44 -1,
			44 56 45 -1,
			74 76 61 -1,
			61 76 77 -1,
			61 77 50 -1,
			50 77 52 -1,
			53 52 78 -1,
			78 52 77 -1,
			73 65 79 -1,
			79 65 55 -1,
			79 55 78 -1,
			78 55 53 -1,
			79 76 73 -1,
			73 76 74 -1,
			76 79 77 -1,
			77 79 78 -1,
			63 66 64 -1,
			61 67 62 -1,
			3 4 36 -1,
			6 7 37 -1,
			9 10 38 -1,
			11 2 39 -1,
			18 25 40 -1,
			41 27 18 -1,
			42 28 22 -1,
			43 25 20 -1,
			31 14 13 -1,
			19 21 22 -1,
			17 15 23 -1,
			47 48 80 -1,
			50 51 81 -1,
			53 54 82 -1,
			55 46 83 -1,
			62 69 84 -1,
			85 71 62 -1,
			86 72 66 -1,
			87 69 64 -1,
			75 58 57 -1,
			63 65 66 -1,
			61 59 67 -1,
		]
		normal Normal { vector [
			-0.297102 -0.630259 0.717289,
			-0.573236 -0.705972 0.415937,
			-0.000000 -1.000000 -0.000000,
			-0.573248 -0.705958 -0.415944,
			-0.000000 -1.000000 -0.000000,
			-0.297109 -0.630253 -0.717292,
			0.297098 -0.630251 -0.717298,
			-0.000000 -1.000000 -0.000000,
			0.573236 -0.705972 -0.415937,
			0.573249 -0.705958 0.415945,
			-0.000000 -1.000000 -0.000000,
			0.297105 -0.630245 0.717300,
			-0.905411 -0.300194 0.300191,
			-0.905413 -0.300189 -0.300189,
			-0.905411 0.300195 -0.300191,
			-0.297092 0.630272 -0.717282,
			-0.573236 0.705972 -0.415937,
			0.297106 0.630260 -0.717286,
			0.000000 1.000000 0.000000,
			-0.297103 0.630253 0.717295,
			0.000000 1.000000 0.000000,
			0.297096 0.630280 0.717274,
			0.000000 1.000000 0.000000,
			0.000000 1.000000 0.000000,
			-0.573241 0.705967 0.415939,
			0.000000 1.000000 0.000000,
			0.000000 1.000000 0.000000,
			0.000000 1.000000 0.000000,
			0.000000 1.000000 0.000000,
			0.573236 0.705972 0.415937,
			0.573241 0.705967 -0.415939,
			-0.905413 0.300190 0.300189,
			0.905410 0.300194 -0.300194,
			0.905414 -0.300190 -0.300187,
			0.905410 -0.300194 0.300194,
			0.905414 0.300190 0.300187,
			-0.000000 -1.000000 -0.000000,
			-0.000000 -1.000000 -0.000000,
			-0.000000 -1.000000 -0.000000,
			-0.000000 -1.000000 -0.000000,
			0.000000 1.000000 0.000000,
			0.000000 1.000000 0.000000,
			0.000000 1.000000 0.000000,
			0.000000 1.000000 0.000000,
			-0.297102 -0.630259 0.717289,
			-0.573236 -0.705972 0.415937,
			-0.000000 -1.000000 -0.000000,
			-0.573248 -0.705958 -0.415944,
			-0.000000 -1.000000 -0.000000,
			-0.297109 -0.630253 -0.717292,
			0.297098 -0.630251 -0.717298,
			-0.000000 -1.000000 -0.000000,
			0.573236 -0.705972 -0.415937,
			0.573249 -0.705958 0.415945,
			-0.000000 -1.000000 -0.000000,
			0.297105 -0.630245 0.717300,
			-0.905411 -0.300194 0.300191,
			-0.905413 -0.300189 -0.300189,
			-0.905411 0.300195 -0.300191,
			-0.297092 0.630272 -0.717282,
			-0.573236 0.705972 -0.415937,
			0.297106 0.630260 -0.717286,
			0.000000 1.000000 0.000000,
			-0.297103 0.630253 0.717295,
			0.000000 1.000000 0.000000,
			0.297096 0.630280 0.717274,
			0.000000 1.000000 0.000000,
			0.000000 1.000000 0.000000,
			-0.573241 0.705967 0.415939,
			0.000000 1.000000 0.000000,
			0.000000 1.000000 0.000000,
			0.000000 1.000000 0.000000,
			0.000000 1.000000 0.000000,
			0.573236 0.705972 0.415937,
			0.573241 0.705967 -0.415939,
			-0.905413 0.300190 0.300189,
			0.905410 0.300194 -0.300194,
			0.905414 -0.300190 -0.300187,
			0.905410 -0.300194 0.300194,
			0.905414 0.300190 0.300187,
			-0.000000 -1.000000 -0.000000,
			-0.000000 -1.000000 -0.000000,
			-0.000000 -1.000000 -0.000000,
			-0.000000 -1.000000 -0.000000,
			0.000000 1.000000 0.000000,
			0.000000 1.000000 0.000000,
			0.000000 1.000000 0.000000,
			0.000000 1.000000 0.000000,
		] }
		normalPerVertex TRUE
		solid TRUE
	}
	appearance Appearance {
		material Material {
			diffuseColor 0.2980 0.2980 0.2980
			transparency 0.0000
			shininess 0.0000
		}
	}
}

Shape # Material: Gold
{
	geometry IndexedFaceSet {
		coord Coordinate { point [
			9.046000 1.132000 4.785999,
			9.046000 1.132000 4.917999,
			8.984799 -1.100000 4.979199,
			9.177999 1.132000 4.785999,
			9.177999 1.132000 4.917999,
			8.984799 -1.100000 4.724799,
			8.984799 1.026400 4.979199,
			8.984799 1.026400 4.724799,
			9.239200 1.026400 4.979199,
			9.239200 -1.100000 4.724799,
			9.239200 1.026400 4.724799,
			8.984799 -3.434400 4.724799,
			9.239199 -3.434400 4.724799,
			9.239200 -1.100000 4.979199,
			8.984799 -3.434400 4.979199,
			9.239199 -3.434400 4.979199,
			9.177999 -3.540000 4.917999,
			9.177999 -3.540000 4.785999,
			9.046000 -3.540000 4.917999,
			9.046000 -3.540000 4.785999,
			8.984799 -0.324000 4.724799,
			9.239200 -0.324000 4.724799,
			9.239200 -0.324000 4.979199,
			8.984799 -0.324000 4.979199,
			8.984799 -1.100000 4.857930,
			9.117930 -1.100000 4.724799,
			9.239200 -1.100000 4.857930,
			9.117930 -1.100000 4.979199,
			9.162186 -0.324000 4.724799,
			9.239200 -0.324000 4.902186,
			9.162186 -0.324000 4.979199,
			8.984799 -0.324000 4.902186,
			8.030000 1.132000 4.785999,
			8.030000 1.132000 4.917999,
			7.968799 -1.100000 4.979199,
			8.162000 1.132000 4.785999,
			8.162000 1.132000 4.917999,
			7.968799 -1.100000 4.724799,
			7.968800 1.026400 4.979199,
			7.968800 1.026400 4.724799,
			8.223200 1.026400 4.979199,
			8.223200 -1.100000 4.724799,
			8.223200 1.026400 4.724799,
			7.968799 -3.434400 4.724799,
			8.223199 -3.434400 4.724799,
			8.223200 -1.100000 4.979199,
			7.968799 -3.434400 4.979199,
			8.223199 -3.434400 4.979199,
			8.161999 -3.540000 4.917999,
			8.161999 -3.540000 4.785999,
			8.029999 -3.540000 4.917999,
			8.029999 -3.540000 4.785999,
			7.968799 -0.324000 4.724799,
			8.223200 -0.324000 4.724799,
			8.223200 -0.324000 4.979199,
			7.968799 -0.324000 4.979199,
			7.968799 -1.100000 4.857930,
			8.101931 -1.100000 4.724799,
			8.223200 -1.100000 4.857930,
			8.101931 -1.100000 4.979199,
			8.146186 -0.324000 4.724799,
			8.223200 -0.324000 4.902186,
			8.146186 -0.324000 4.979199,
			7.968799 -0.324000 4.902186,
		] }
		coordIndex [
			0 1 3 -1,
			3 1 4 -1,
			1 0 6 -1,
			6 0 7 -1,
			4 1 8 -1,
			8 1 6 -1,
			3 4 10 -1,
			10 4 8 -1,
			0 3 7 -1,
			7 3 10 -1,
			5 25 11 -1,
			7 28 20 -1,
			21 28 10 -1,
			12 25 9 -1,
			7 31 6 -1,
			24 5 11 -1,
			31 23 6 -1,
			14 24 11 -1,
			2 14 27 -1,
			30 6 23 -1,
			22 8 30 -1,
			27 15 13 -1,
			10 29 21 -1,
			26 12 9 -1,
			29 8 22 -1,
			15 26 13 -1,
			16 17 15 -1,
			15 17 12 -1,
			18 19 16 -1,
			16 19 17 -1,
			19 18 11 -1,
			11 18 14 -1,
			17 19 12 -1,
			12 19 11 -1,
			18 16 14 -1,
			14 16 15 -1,
			32 33 35 -1,
			35 33 36 -1,
			33 32 38 -1,
			38 32 39 -1,
			36 33 40 -1,
			40 33 38 -1,
			35 36 42 -1,
			42 36 40 -1,
			32 35 39 -1,
			39 35 42 -1,
			37 57 43 -1,
			39 60 52 -1,
			53 60 42 -1,
			44 57 41 -1,
			39 63 38 -1,
			56 37 43 -1,
			63 55 38 -1,
			46 56 43 -1,
			34 46 59 -1,
			62 38 55 -1,
			54 40 62 -1,
			59 47 45 -1,
			42 61 53 -1,
			58 44 41 -1,
			61 40 54 -1,
			47 58 45 -1,
			48 49 47 -1,
			47 49 44 -1,
			50 51 48 -1,
			48 51 49 -1,
			51 50 43 -1,
			43 50 46 -1,
			49 51 44 -1,
			44 51 43 -1,
			50 48 46 -1,
			46 48 47 -1,
			7 10 28 -1,
			12 11 25 -1,
			7 20 31 -1,
			14 2 24 -1,
			30 8 6 -1,
			27 14 15 -1,
			10 8 29 -1,
			15 12 26 -1,
			39 42 60 -1,
			44 43 57 -1,
			39 52 63 -1,
			46 34 56 -1,
			62 40 38 -1,
			59 46 47 -1,
			42 40 61 -1,
			47 44 58 -1,
		]
		normal Normal { vector [
			-0.401402 0.823259 -0.401398,
			-0.401391 0.823266 0.401396,
			-0.707107 0.000000 0.707107,
			0.401392 0.823266 -0.401396,
			0.401403 0.823259 0.401398,
			-0.707107 0.000000 -0.707107,
			-0.675355 0.296338 0.675337,
			-0.675339 0.296339 -0.675352,
			0.675340 0.296337 0.675352,
			0.707107 -0.000000 -0.707107,
			0.675349 0.296338 -0.675343,
			-0.675352 -0.296337 -0.675340,
			0.675340 -0.296337 -0.675352,
			0.707107 -0.000000 0.707107,
			-0.675340 -0.296337 0.675352,
			0.675352 -0.296337 0.675340,
			0.401391 -0.823266 0.401396,
			0.401402 -0.823259 -0.401398,
			-0.401403 -0.823259 0.401398,
			-0.401392 -0.823265 -0.401396,
			-0.707107 0.000000 -0.707107,
			0.707107 -0.000000 -0.707107,
			0.707107 -0.000000 0.707107,
			-0.707107 0.000000 0.707107,
			-1.000000 0.000000 -0.000000,
			0.000000 0.000000 -1.000000,
			1.000000 -0.000000 0.000000,
			-0.000000 -0.000000 1.000000,
			0.000000 0.000000 -1.000000,
			1.000000 -0.000000 0.000000,
			-0.000000 -0.000000 1.000000,
			-1.000000 0.000000 -0.000000,
			-0.401402 0.823259 -0.401398,
			-0.401391 0.823266 0.401396,
			-0.707107 0.000000 0.707107,
			0.401392 0.823266 -0.401396,
			0.401403 0.823259 0.401398,
			-0.707107 0.000000 -0.707107,
			-0.675355 0.296338 0.675337,
			-0.675339 0.296339 -0.675352,
			0.675340 0.296337 0.675352,
			0.707107 -0.000000 -0.707107,
			0.675349 0.296338 -0.675343,
			-0.675352 -0.296337 -0.675340,
			0.675340 -0.296337 -0.675352,
			0.707107 -0.000000 0.707107,
			-0.675340 -0.296337 0.675352,
			0.675352 -0.296337 0.675340,
			0.401391 -0.823266 0.401396,
			0.401402 -0.823259 -0.401398,
			-0.401403 -0.823259 0.401398,
			-0.401392 -0.823265 -0.401396,
			-0.707107 0.000000 -0.707107,
			0.707107 -0.000000 -0.707107,
			0.707107 -0.000000 0.707107,
			-0.707107 0.000000 0.707107,
			-1.000000 0.000000 -0.000000,
			0.000000 0.000000 -1.000000,
			1.000000 -0.000000 0.000000,
			-0.000000 -0.000000 1.000000,
			0.000000 0.000000 -1.000000,
			1.000000 -0.000000 0.000000,
			-0.000000 -0.000000 1.000000,
			-1.000000 0.000000 -0.000000,
		] }
		normalPerVertex TRUE
		solid TRUE
	}
	appearance Appearance {
		material Material {
			diffuseColor 0.9714 0.9167 0.4554
			transparency 0.0000
			shininess 0.0000
		}
	}
}

Shape # Material: m20-9990345_color_1.003
{
	geometry IndexedFaceSet {
		coord Coordinate { point [
			-9.420002 -1.100000 5.359999,
			-9.520001 -1.100000 5.259999,
			-9.239202 -1.100000 4.979199,
			-9.520001 -1.100000 4.443999,
			-9.239202 -1.100000 4.724799,
			-9.420002 -1.100000 4.343999,
			-8.804002 -1.100000 4.343999,
			-8.984801 -1.100000 4.724799,
			-8.704001 -1.100000 4.443999,
			-8.704001 -1.100000 5.259999,
			-8.984801 -1.100000 4.979199,
			-8.804002 -1.100000 5.359999,
			-9.620002 -1.000000 5.159999,
			-9.620002 -1.000000 4.543999,
			-9.620002 -0.424000 4.543999,
			-9.420002 -0.324000 4.343999,
			-9.520001 -0.324000 4.443999,
			-8.804002 -0.324000 4.343999,
			-8.804002 -0.324000 4.543999,
			-9.420002 -0.324000 5.359999,
			-9.420002 -0.324000 5.159999,
			-8.804002 -0.324000 5.359999,
			-8.804002 -0.324000 5.159999,
			-9.420002 -0.324000 4.543999,
			-9.520001 -0.324000 5.259999,
			-9.239202 -0.324000 4.724799,
			-8.984801 -0.324000 4.724799,
			-8.984801 -0.324000 4.979199,
			-9.239202 -0.324000 4.979199,
			-8.704001 -0.324000 5.259999,
			-8.704001 -0.324000 4.443999,
			-9.620002 -0.424000 5.159999,
			-8.604002 -0.424000 4.543999,
			-8.604002 -1.000000 4.543999,
			-8.604002 -1.000000 5.159999,
			-8.604002 -0.424000 5.159999,
			-9.239202 -1.100000 4.857930,
			-9.106071 -1.100000 4.724799,
			-8.984801 -1.100000 4.857930,
			-9.106071 -1.100000 4.979199,
			-9.061815 -0.324000 4.724799,
			-8.984801 -0.324000 4.902186,
			-9.061815 -0.324000 4.979199,
			-9.239202 -0.324000 4.902186,
			-8.404001 -1.100000 5.359999,
			-8.504002 -1.100000 5.259999,
			-8.223202 -1.100000 4.979199,
			-8.504002 -1.100000 4.443999,
			-8.223202 -1.100000 4.724799,
			-8.404001 -1.100000 4.343999,
			-7.788002 -1.100000 4.343999,
			-7.968801 -1.100000 4.724799,
			-7.688002 -1.100000 4.443999,
			-7.688002 -1.100000 5.259999,
			-7.968801 -1.100000 4.979199,
			-7.788002 -1.100000 5.359999,
			-8.604002 -1.000000 5.159999,
			-8.604002 -1.000000 4.543999,
			-8.604002 -0.424000 4.543999,
			-8.404001 -0.324000 4.343999,
			-8.504002 -0.324000 4.443999,
			-7.788002 -0.324000 4.343999,
			-7.788002 -0.324000 4.543999,
			-8.404001 -0.324000 5.359999,
			-8.404001 -0.324000 5.159999,
			-7.788002 -0.324000 5.359999,
			-7.788002 -0.324000 5.159999,
			-8.404001 -0.324000 4.543999,
			-8.504002 -0.324000 5.259999,
			-8.223202 -0.324000 4.724799,
			-7.968801 -0.324000 4.724799,
			-7.968801 -0.324000 4.979199,
			-8.223202 -0.324000 4.979199,
			-7.688002 -0.324000 5.259999,
			-7.688002 -0.324000 4.443999,
			-8.604002 -0.424000 5.159999,
			-7.588002 -0.424000 4.543999,
			-7.588002 -1.000000 4.543999,
			-7.588002 -1.000000 5.159999,
			-7.588002 -0.424000 5.159999,
			-8.223202 -1.100000 4.857930,
			-8.090071 -1.100000 4.724799,
			-7.968801 -1.100000 4.857930,
			-8.090071 -1.100000 4.979199,
			-8.045815 -0.324000 4.724799,
			-7.968801 -0.324000 4.902186,
			-8.045815 -0.324000 4.979199,
			-8.223202 -0.324000 4.902186,
		] }
		coordIndex [
			0 1 2 -1,
			2 1 3 -1,
			3 36 2 -1,
			4 3 5 -1,
			4 5 6 -1,
			6 37 4 -1,
			8 7 6 -1,
			9 7 8 -1,
			9 38 7 -1,
			11 10 9 -1,
			11 39 10 -1,
			11 0 2 -1,
			12 13 1 -1,
			1 13 3 -1,
			3 13 5 -1,
			5 13 14 -1,
			5 14 15 -1,
			15 14 16 -1,
			17 6 15 -1,
			15 6 5 -1,
			21 19 11 -1,
			11 19 0 -1,
			15 16 23 -1,
			23 16 24 -1,
			23 24 20 -1,
			20 24 19 -1,
			18 40 26 -1,
			41 18 26 -1,
			22 18 27 -1,
			42 22 27 -1,
			22 28 20 -1,
			43 20 28 -1,
			25 23 20 -1,
			25 18 23 -1,
			21 29 22 -1,
			22 29 30 -1,
			22 30 18 -1,
			18 30 17 -1,
			14 31 16 -1,
			16 31 24 -1,
			31 13 12 -1,
			24 31 19 -1,
			19 31 12 -1,
			19 12 0 -1,
			0 12 1 -1,
			30 32 17 -1,
			17 32 33 -1,
			17 33 6 -1,
			6 33 8 -1,
			9 8 34 -1,
			34 8 33 -1,
			29 21 35 -1,
			35 21 11 -1,
			35 11 34 -1,
			34 11 9 -1,
			35 32 29 -1,
			29 32 30 -1,
			32 35 33 -1,
			33 35 34 -1,
			19 22 20 -1,
			17 23 18 -1,
			44 45 46 -1,
			46 45 47 -1,
			47 80 46 -1,
			48 47 49 -1,
			48 49 50 -1,
			50 81 48 -1,
			52 51 50 -1,
			53 51 52 -1,
			53 82 51 -1,
			55 54 53 -1,
			55 83 54 -1,
			55 44 46 -1,
			56 57 45 -1,
			45 57 47 -1,
			47 57 49 -1,
			49 57 58 -1,
			49 58 59 -1,
			59 58 60 -1,
			61 50 59 -1,
			59 50 49 -1,
			65 63 55 -1,
			55 63 44 -1,
			59 60 67 -1,
			67 60 68 -1,
			67 68 64 -1,
			64 68 63 -1,
			62 84 70 -1,
			85 62 70 -1,
			66 62 71 -1,
			86 66 71 -1,
			66 72 64 -1,
			87 64 72 -1,
			69 67 64 -1,
			69 62 67 -1,
			65 73 66 -1,
			66 73 74 -1,
			66 74 62 -1,
			62 74 61 -1,
			58 75 60 -1,
			60 75 68 -1,
			75 57 56 -1,
			68 75 63 -1,
			63 75 56 -1,
			63 56 44 -1,
			44 56 45 -1,
			74 76 61 -1,
			61 76 77 -1,
			61 77 50 -1,
			50 77 52 -1,
			53 52 78 -1,
			78 52 77 -1,
			73 65 79 -1,
			79 65 55 -1,
			79 55 78 -1,
			78 55 53 -1,
			79 76 73 -1,
			73 76 74 -1,
			76 79 77 -1,
			77 79 78 -1,
			63 66 64 -1,
			61 67 62 -1,
			3 4 36 -1,
			6 7 37 -1,
			9 10 38 -1,
			11 2 39 -1,
			18 25 40 -1,
			41 27 18 -1,
			42 28 22 -1,
			43 25 20 -1,
			31 14 13 -1,
			19 21 22 -1,
			17 15 23 -1,
			47 48 80 -1,
			50 51 81 -1,
			53 54 82 -1,
			55 46 83 -1,
			62 69 84 -1,
			85 71 62 -1,
			86 72 66 -1,
			87 69 64 -1,
			75 58 57 -1,
			63 65 66 -1,
			61 59 67 -1,
		]
		normal Normal { vector [
			-0.297102 -0.630259 0.717289,
			-0.573236 -0.705972 0.415937,
			-0.000000 -1.000000 -0.000000,
			-0.573248 -0.705958 -0.415944,
			-0.000000 -1.000000 -0.000000,
			-0.297109 -0.630253 -0.717292,
			0.297098 -0.630251 -0.717298,
			-0.000000 -1.000000 -0.000000,
			0.573236 -0.705972 -0.415937,
			0.573249 -0.705958 0.415945,
			-0.000000 -1.000000 -0.000000,
			0.297105 -0.630245 0.717300,
			-0.905411 -0.300194 0.300191,
			-0.905413 -0.300189 -0.300189,
			-0.905411 0.300195 -0.300191,
			-0.297092 0.630272 -0.717282,
			-0.573236 0.705972 -0.415937,
			0.297106 0.630260 -0.717286,
			0.000000 1.000000 0.000000,
			-0.297103 0.630253 0.717295,
			0.000000 1.000000 0.000000,
			0.297096 0.630280 0.717274,
			0.000000 1.000000 0.000000,
			0.000000 1.000000 0.000000,
			-0.573241 0.705967 0.415939,
			0.000000 1.000000 0.000000,
			0.000000 1.000000 0.000000,
			0.000000 1.000000 0.000000,
			0.000000 1.000000 0.000000,
			0.573236 0.705972 0.415937,
			0.573241 0.705967 -0.415939,
			-0.905413 0.300190 0.300189,
			0.905410 0.300194 -0.300194,
			0.905414 -0.300190 -0.300187,
			0.905410 -0.300194 0.300194,
			0.905414 0.300190 0.300187,
			-0.000000 -1.000000 -0.000000,
			-0.000000 -1.000000 -0.000000,
			-0.000000 -1.000000 -0.000000,
			-0.000000 -1.000000 -0.000000,
			0.000000 1.000000 0.000000,
			0.000000 1.000000 0.000000,
			0.000000 1.000000 0.000000,
			0.000000 1.000000 0.000000,
			-0.297102 -0.630259 0.717289,
			-0.573236 -0.705972 0.415937,
			-0.000000 -1.000000 -0.000000,
			-0.573248 -0.705958 -0.415944,
			-0.000000 -1.000000 -0.000000,
			-0.297109 -0.630253 -0.717292,
			0.297098 -0.630251 -0.717298,
			-0.000000 -1.000000 -0.000000,
			0.573236 -0.705972 -0.415937,
			0.573249 -0.705958 0.415945,
			-0.000000 -1.000000 -0.000000,
			0.297105 -0.630245 0.717300,
			-0.905411 -0.300194 0.300191,
			-0.905413 -0.300189 -0.300189,
			-0.905411 0.300195 -0.300191,
			-0.297092 0.630272 -0.717282,
			-0.573236 0.705972 -0.415937,
			0.297106 0.630260 -0.717286,
			0.000000 1.000000 0.000000,
			-0.297103 0.630253 0.717295,
			0.000000 1.000000 0.000000,
			0.297096 0.630280 0.717274,
			0.000000 1.000000 0.000000,
			0.000000 1.000000 0.000000,
			-0.573241 0.705967 0.415939,
			0.000000 1.000000 0.000000,
			0.000000 1.000000 0.000000,
			0.000000 1.000000 0.000000,
			0.000000 1.000000 0.000000,
			0.573236 0.705972 0.415937,
			0.573241 0.705967 -0.415939,
			-0.905413 0.300190 0.300189,
			0.905410 0.300194 -0.300194,
			0.905414 -0.300190 -0.300187,
			0.905410 -0.300194 0.300194,
			0.905414 0.300190 0.300187,
			-0.000000 -1.000000 -0.000000,
			-0.000000 -1.000000 -0.000000,
			-0.000000 -1.000000 -0.000000,
			-0.000000 -1.000000 -0.000000,
			0.000000 1.000000 0.000000,
			0.000000 1.000000 0.000000,
			0.000000 1.000000 0.000000,
			0.000000 1.000000 0.000000,
		] }
		normalPerVertex TRUE
		solid TRUE
	}
	appearance Appearance {
		material Material {
			diffuseColor 0.2980 0.2980 0.2980
			transparency 0.0000
			shininess 0.0000
		}
	}
}

Shape # Material: Gold.002
{
	geometry IndexedFaceSet {
		coord Coordinate { point [
			-9.178001 1.132000 4.785999,
			-9.178001 1.132000 4.917999,
			-9.239202 -1.100000 4.979199,
			-9.046001 1.132000 4.785999,
			-9.046001 1.132000 4.917999,
			-9.239202 -1.100000 4.724799,
			-9.239202 1.026400 4.979199,
			-9.239202 1.026400 4.724799,
			-8.984801 1.026400 4.979199,
			-8.984801 -1.100000 4.724799,
			-8.984801 1.026400 4.724799,
			-9.239202 -3.434400 4.724799,
			-8.984802 -3.434400 4.724799,
			-8.984801 -1.100000 4.979199,
			-9.239202 -3.434400 4.979199,
			-8.984802 -3.434400 4.979199,
			-9.046001 -3.540000 4.917999,
			-9.046001 -3.540000 4.785999,
			-9.178001 -3.540000 4.917999,
			-9.178001 -3.540000 4.785999,
			-9.239202 -0.324000 4.724799,
			-8.984801 -0.324000 4.724799,
			-8.984801 -0.324000 4.979199,
			-9.239202 -0.324000 4.979199,
			-9.239202 -1.100000 4.857930,
			-9.106071 -1.100000 4.724799,
			-8.984801 -1.100000 4.857930,
			-9.106071 -1.100000 4.979199,
			-9.061815 -0.324000 4.724799,
			-8.984801 -0.324000 4.902186,
			-9.061815 -0.324000 4.979199,
			-9.239202 -0.324000 4.902186,
			-8.162002 1.132000 4.785999,
			-8.162002 1.132000 4.917999,
			-8.223202 -1.100000 4.979199,
			-8.030002 1.132000 4.785999,
			-8.030002 1.132000 4.917999,
			-8.223202 -1.100000 4.724799,
			-8.223202 1.026400 4.979199,
			-8.223202 1.026400 4.724799,
			-7.968801 1.026400 4.979199,
			-7.968801 -1.100000 4.724799,
			-7.968801 1.026400 4.724799,
			-8.223202 -3.434400 4.724799,
			-7.968802 -3.434400 4.724799,
			-7.968801 -1.100000 4.979199,
			-8.223202 -3.434400 4.979199,
			-7.968802 -3.434400 4.979199,
			-8.030002 -3.540000 4.917999,
			-8.030002 -3.540000 4.785999,
			-8.162002 -3.540000 4.917999,
			-8.162002 -3.540000 4.785999,
			-8.223202 -0.324000 4.724799,
			-7.968801 -0.324000 4.724799,
			-7.968801 -0.324000 4.979199,
			-8.223202 -0.324000 4.979199,
			-8.223202 -1.100000 4.857930,
			-8.090071 -1.100000 4.724799,
			-7.968801 -1.100000 4.857930,
			-8.090071 -1.100000 4.979199,
			-8.045815 -0.324000 4.724799,
			-7.968801 -0.324000 4.902186,
			-8.045815 -0.324000 4.979199,
			-8.223202 -0.324000 4.902186,
		] }
		coordIndex [
			0 1 3 -1,
			3 1 4 -1,
			1 0 6 -1,
			6 0 7 -1,
			4 1 8 -1,
			8 1 6 -1,
			3 4 10 -1,
			10 4 8 -1,
			0 3 7 -1,
			7 3 10 -1,
			5 25 11 -1,
			7 28 20 -1,
			21 28 10 -1,
			12 25 9 -1,
			7 31 6 -1,
			24 5 11 -1,
			31 23 6 -1,
			14 24 11 -1,
			2 14 27 -1,
			30 6 23 -1,
			22 8 30 -1,
			27 15 13 -1,
			10 29 21 -1,
			26 12 9 -1,
			29 8 22 -1,
			15 26 13 -1,
			16 17 15 -1,
			15 17 12 -1,
			18 19 16 -1,
			16 19 17 -1,
			19 18 11 -1,
			11 18 14 -1,
			17 19 12 -1,
			12 19 11 -1,
			18 16 14 -1,
			14 16 15 -1,
			32 33 35 -1,
			35 33 36 -1,
			33 32 38 -1,
			38 32 39 -1,
			36 33 40 -1,
			40 33 38 -1,
			35 36 42 -1,
			42 36 40 -1,
			32 35 39 -1,
			39 35 42 -1,
			37 57 43 -1,
			39 60 52 -1,
			53 60 42 -1,
			44 57 41 -1,
			39 63 38 -1,
			56 37 43 -1,
			63 55 38 -1,
			46 56 43 -1,
			34 46 59 -1,
			62 38 55 -1,
			54 40 62 -1,
			59 47 45 -1,
			42 61 53 -1,
			58 44 41 -1,
			61 40 54 -1,
			47 58 45 -1,
			48 49 47 -1,
			47 49 44 -1,
			50 51 48 -1,
			48 51 49 -1,
			51 50 43 -1,
			43 50 46 -1,
			49 51 44 -1,
			44 51 43 -1,
			50 48 46 -1,
			46 48 47 -1,
			7 10 28 -1,
			12 11 25 -1,
			7 20 31 -1,
			14 2 24 -1,
			30 8 6 -1,
			27 14 15 -1,
			10 8 29 -1,
			15 12 26 -1,
			39 42 60 -1,
			44 43 57 -1,
			39 52 63 -1,
			46 34 56 -1,
			62 40 38 -1,
			59 46 47 -1,
			42 40 61 -1,
			47 44 58 -1,
		]
		normal Normal { vector [
			-0.401402 0.823259 -0.401398,
			-0.401391 0.823266 0.401396,
			-0.707107 0.000000 0.707107,
			0.401392 0.823266 -0.401396,
			0.401403 0.823259 0.401398,
			-0.707107 0.000000 -0.707107,
			-0.675355 0.296338 0.675337,
			-0.675339 0.296339 -0.675352,
			0.675340 0.296337 0.675352,
			0.707107 -0.000000 -0.707107,
			0.675349 0.296338 -0.675343,
			-0.675352 -0.296337 -0.675340,
			0.675340 -0.296337 -0.675352,
			0.707107 -0.000000 0.707107,
			-0.675340 -0.296337 0.675352,
			0.675352 -0.296337 0.675340,
			0.401391 -0.823266 0.401396,
			0.401402 -0.823259 -0.401398,
			-0.401403 -0.823259 0.401398,
			-0.401392 -0.823265 -0.401396,
			-0.707107 0.000000 -0.707107,
			0.707107 -0.000000 -0.707107,
			0.707107 -0.000000 0.707107,
			-0.707107 0.000000 0.707107,
			-1.000000 0.000000 -0.000000,
			0.000000 0.000000 -1.000000,
			1.000000 -0.000000 0.000000,
			-0.000000 -0.000000 1.000000,
			0.000000 0.000000 -1.000000,
			1.000000 -0.000000 0.000000,
			-0.000000 -0.000000 1.000000,
			-1.000000 0.000000 -0.000000,
			-0.401402 0.823259 -0.401398,
			-0.401391 0.823266 0.401396,
			-0.707107 0.000000 0.707107,
			0.401392 0.823266 -0.401396,
			0.401403 0.823259 0.401398,
			-0.707107 0.000000 -0.707107,
			-0.675355 0.296338 0.675337,
			-0.675339 0.296339 -0.675352,
			0.675340 0.296337 0.675352,
			0.707107 -0.000000 -0.707107,
			0.675349 0.296338 -0.675343,
			-0.675352 -0.296337 -0.675340,
			0.675340 -0.296337 -0.675352,
			0.707107 -0.000000 0.707107,
			-0.675340 -0.296337 0.675352,
			0.675352 -0.296337 0.675340,
			0.401391 -0.823266 0.401396,
			0.401402 -0.823259 -0.401398,
			-0.401403 -0.823259 0.401398,
			-0.401392 -0.823265 -0.401396,
			-0.707107 0.000000 -0.707107,
			0.707107 -0.000000 -0.707107,
			0.707107 -0.000000 0.707107,
			-0.707107 0.000000 0.707107,
			-1.000000 0.000000 -0.000000,
			0.000000 0.000000 -1.000000,
			1.000000 -0.000000 0.000000,
			-0.000000 -0.000000 1.000000,
			0.000000 0.000000 -1.000000,
			1.000000 -0.000000 0.000000,
			-0.000000 -0.000000 1.000000,
			-1.000000 0.000000 -0.000000,
		] }
		normalPerVertex TRUE
		solid TRUE
	}
	appearance Appearance {
		material Material {
			diffuseColor 0.9714 0.9167 0.4554
			transparency 0.0000
			shininess 0.0000
		}
	}
}

Shape # Material: m20-9990345_color_1.006
{
	geometry IndexedFaceSet {
		coord Coordinate { point [
			-2.620000 1.100000 3.003998,
			-2.720000 1.100000 3.103998,
			-2.439200 1.100000 3.384799,
			-2.720000 1.100000 3.919998,
			-2.439200 1.100000 3.639198,
			-2.620000 1.100000 4.019999,
			-2.004000 1.100000 4.019999,
			-2.184800 1.100000 3.639198,
			-1.904000 1.100000 3.919998,
			-1.904000 1.100000 3.103998,
			-2.184800 1.100000 3.384799,
			-2.004000 1.100000 3.003999,
			-2.820000 1.000000 3.203998,
			-2.820000 1.000000 3.819999,
			-2.820000 0.424000 3.819999,
			-2.620000 0.324000 4.019999,
			-2.720000 0.324000 3.919998,
			-2.004000 0.324000 4.019999,
			-2.004000 0.324000 3.819999,
			-2.620000 0.324000 3.003998,
			-2.620000 0.324000 3.203998,
			-2.004000 0.324000 3.003999,
			-2.004000 0.324000 3.203998,
			-2.620000 0.324000 3.819999,
			-2.720000 0.324000 3.103998,
			-2.439200 0.324000 3.639198,
			-2.184800 0.324000 3.639198,
			-2.184800 0.324000 3.384799,
			-2.439200 0.324000 3.384799,
			-1.904000 0.324000 3.103998,
			-1.904000 0.324000 3.919998,
			-2.820000 0.424000 3.203998,
			-1.804000 0.424000 3.819999,
			-1.804000 1.000000 3.819999,
			-1.804000 1.000000 3.203998,
			-1.804000 0.424000 3.203998,
			-2.439200 1.100000 3.506067,
			-2.306069 1.100000 3.639198,
			-2.184800 1.100000 3.506067,
			-2.306069 1.100000 3.384799,
			-2.261814 0.324000 3.639198,
			-2.184800 0.324000 3.461812,
			-2.261814 0.324000 3.384799,
			-2.439200 0.324000 3.461812,
			-3.636000 1.100000 3.003998,
			-3.736000 1.100000 3.103998,
			-3.455200 1.100000 3.384799,
			-3.736000 1.100000 3.919998,
			-3.455200 1.100000 3.639198,
			-3.636000 1.100000 4.019999,
			-3.020000 1.100000 4.019999,
			-3.200800 1.100000 3.639198,
			-2.920000 1.100000 3.919998,
			-2.920000 1.100000 3.103998,
			-3.200800 1.100000 3.384799,
			-3.020000 1.100000 3.003998,
			-3.836000 1.000000 3.203998,
			-3.836000 1.000000 3.819999,
			-3.836000 0.424000 3.819999,
			-3.636000 0.324000 4.019999,
			-3.736000 0.324000 3.919998,
			-3.020000 0.324000 4.019999,
			-3.020000 0.324000 3.819999,
			-3.636000 0.324000 3.003998,
			-3.636000 0.324000 3.203998,
			-3.020000 0.324000 3.003998,
			-3.020000 0.324000 3.203998,
			-3.636000 0.324000 3.819999,
			-3.736000 0.324000 3.103998,
			-3.455200 0.324000 3.639198,
			-3.200800 0.324000 3.639198,
			-3.200800 0.324000 3.384799,
			-3.455200 0.324000 3.384799,
			-2.920000 0.324000 3.103998,
			-2.920000 0.324000 3.919998,
			-3.836000 0.424000 3.203998,
			-2.820000 0.424000 3.819999,
			-2.820000 1.000000 3.819999,
			-2.820000 1.000000 3.203998,
			-2.820000 0.424000 3.203998,
			-3.455200 1.100000 3.506067,
			-3.322069 1.100000 3.639198,
			-3.200800 1.100000 3.506067,
			-3.322069 1.100000 3.384799,
			-3.277814 0.324000 3.639198,
			-3.200800 0.324000 3.461812,
			-3.277814 0.324000 3.384799,
			-3.455200 0.324000 3.461812,
			-2.620000 1.100000 1.987998,
			-2.720000 1.100000 2.087998,
			-2.439200 1.100000 2.368798,
			-2.720000 1.100000 2.903998,
			-2.439200 1.100000 2.623199,
			-2.620000 1.100000 3.003998,
			-2.004000 1.100000 3.003999,
			-2.184800 1.100000 2.623199,
			-1.904000 1.100000 2.903998,
			-1.904000 1.100000 2.087998,
			-2.184800 1.100000 2.368798,
			-2.004000 1.100000 1.987998,
			-2.820000 1.000000 2.187998,
			-2.820000 1.000000 2.803998,
			-2.820000 0.424000 2.803998,
			-2.620000 0.324000 3.003998,
			-2.720000 0.324000 2.903998,
			-2.004000 0.324000 3.003999,
			-2.004000 0.324000 2.803998,
			-2.620000 0.324000 1.987998,
			-2.620000 0.324000 2.187998,
			-2.004000 0.324000 1.987998,
			-2.004000 0.324000 2.187999,
			-2.620000 0.324000 2.803998,
			-2.720000 0.324000 2.087998,
			-2.439200 0.324000 2.623199,
			-2.184800 0.324000 2.623199,
			-2.184800 0.324000 2.368798,
			-2.439200 0.324000 2.368798,
			-1.904000 0.324000 2.087998,
			-1.904000 0.324000 2.903998,
			-2.820000 0.424000 2.187998,
			-1.804000 0.424000 2.803998,
			-1.804000 1.000000 2.803998,
			-1.804000 1.000000 2.187999,
			-1.804000 0.424000 2.187999,
			-2.439200 1.100000 2.490067,
			-2.306069 1.100000 2.623199,
			-2.184800 1.100000 2.490067,
			-2.306069 1.100000 2.368798,
			-2.261814 0.324000 2.623199,
			-2.184800 0.324000 2.445812,
			-2.261814 0.324000 2.368798,
			-2.439200 0.324000 2.445812,
			-3.636000 1.100000 1.987998,
			-3.736000 1.100000 2.087998,
			-3.455200 1.100000 2.368798,
			-3.736000 1.100000 2.903998,
			-3.455200 1.100000 2.623199,
			-3.636000 1.100000 3.003998,
			-3.020000 1.100000 3.003998,
			-3.200800 1.100000 2.623199,
			-2.920000 1.100000 2.903998,
			-2.920000 1.100000 2.087998,
			-3.200800 1.100000 2.368798,
			-3.020000 1.100000 1.987998,
			-3.836000 1.000000 2.187998,
			-3.836000 1.000000 2.803998,
			-3.836000 0.424000 2.803998,
			-3.636000 0.324000 3.003998,
			-3.736000 0.324000 2.903998,
			-3.020000 0.324000 3.003998,
			-3.020000 0.324000 2.803998,
			-3.636000 0.324000 1.987998,
			-3.636000 0.324000 2.187998,
			-3.020000 0.324000 1.987998,
			-3.020000 0.324000 2.187998,
			-3.636000 0.324000 2.803998,
			-3.736000 0.324000 2.087998,
			-3.455200 0.324000 2.623199,
			-3.200800 0.324000 2.623199,
			-3.200800 0.324000 2.368798,
			-3.455200 0.324000 2.368798,
			-2.920000 0.324000 2.087998,
			-2.920000 0.324000 2.903998,
			-3.836000 0.424000 2.187998,
			-2.820000 0.424000 2.803998,
			-2.820000 1.000000 2.803998,
			-2.820000 1.000000 2.187998,
			-2.820000 0.424000 2.187998,
			-3.455200 1.100000 2.490067,
			-3.322069 1.100000 2.623199,
			-3.200800 1.100000 2.490067,
			-3.322069 1.100000 2.368798,
			-3.277814 0.324000 2.623199,
			-3.200800 0.324000 2.445812,
			-3.277814 0.324000 2.368798,
			-3.455200 0.324000 2.445812,
			-2.620000 1.100000 0.971998,
			-2.720000 1.100000 1.071998,
			-2.439200 1.100000 1.352798,
			-2.720000 1.100000 1.887998,
			-2.439200 1.100000 1.607198,
			-2.620000 1.100000 1.987998,
			-2.004000 1.100000 1.987998,
			-2.184800 1.100000 1.607198,
			-1.904000 1.100000 1.887998,
			-1.904000 1.100000 1.071998,
			-2.184800 1.100000 1.352798,
			-2.004000 1.100000 0.971998,
			-2.820000 1.000000 1.171999,
			-2.820000 1.000000 1.787998,
			-2.820000 0.424000 1.787998,
			-2.620000 0.324000 1.987998,
			-2.720000 0.324000 1.887998,
			-2.004000 0.324000 1.987998,
			-2.004000 0.324000 1.787998,
			-2.620000 0.324000 0.971998,
			-2.620000 0.324000 1.171999,
			-2.004000 0.324000 0.971998,
			-2.004000 0.324000 1.171999,
			-2.620000 0.324000 1.787998,
			-2.720000 0.324000 1.071998,
			-2.439200 0.324000 1.607198,
			-2.184800 0.324000 1.607198,
			-2.184800 0.324000 1.352798,
			-2.439200 0.324000 1.352798,
			-1.904000 0.324000 1.071998,
			-1.904000 0.324000 1.887998,
			-2.820000 0.424000 1.171999,
			-1.804000 0.424000 1.787998,
			-1.804000 1.000000 1.787998,
			-1.804000 1.000000 1.171999,
			-1.804000 0.424000 1.171999,
			-2.439200 1.100000 1.474067,
			-2.306069 1.100000 1.607198,
			-2.184800 1.100000 1.474067,
			-2.306069 1.100000 1.352798,
			-2.261814 0.324000 1.607198,
			-2.184800 0.324000 1.429812,
			-2.261814 0.324000 1.352798,
			-2.439200 0.324000 1.429812,
			-3.636000 1.100000 0.971998,
			-3.736000 1.100000 1.071998,
			-3.455200 1.100000 1.352798,
			-3.736000 1.100000 1.887998,
			-3.455200 1.100000 1.607198,
			-3.636000 1.100000 1.987998,
			-3.020000 1.100000 1.987998,
			-3.200800 1.100000 1.607198,
			-2.920000 1.100000 1.887998,
			-2.920000 1.100000 1.071998,
			-3.200800 1.100000 1.352798,
			-3.020000 1.100000 0.971998,
			-3.836000 1.000000 1.171999,
			-3.836000 1.000000 1.787998,
			-3.836000 0.424000 1.787998,
			-3.636000 0.324000 1.987998,
			-3.736000 0.324000 1.887998,
			-3.020000 0.324000 1.987998,
			-3.020000 0.324000 1.787998,
			-3.636000 0.324000 0.971998,
			-3.636000 0.324000 1.171999,
			-3.020000 0.324000 0.971998,
			-3.020000 0.324000 1.171999,
			-3.636000 0.324000 1.787998,
			-3.736000 0.324000 1.071998,
			-3.455200 0.324000 1.607198,
			-3.200800 0.324000 1.607198,
			-3.200800 0.324000 1.352798,
			-3.455200 0.324000 1.352798,
			-2.920000 0.324000 1.071998,
			-2.920000 0.324000 1.887998,
			-3.836000 0.424000 1.171999,
			-2.820000 0.424000 1.787998,
			-2.820000 1.000000 1.787998,
			-2.820000 1.000000 1.171999,
			-2.820000 0.424000 1.171999,
			-3.455200 1.100000 1.474067,
			-3.322069 1.100000 1.607198,
			-3.200800 1.100000 1.474067,
			-3.322069 1.100000 1.352798,
			-3.277814 0.324000 1.607198,
			-3.200800 0.324000 1.429812,
			-3.277814 0.324000 1.352798,
			-3.455200 0.324000 1.429812,
			-2.620000 1.100000 -0.044001,
			-2.720000 1.100000 0.055999,
			-2.439200 1.100000 0.336798,
			-2.720000 1.100000 0.871998,
			-2.439200 1.100000 0.591198,
			-2.620000 1.100000 0.971998,
			-2.004000 1.100000 0.971998,
			-2.184800 1.100000 0.591198,
			-1.904000 1.100000 0.871998,
			-1.904000 1.100000 0.055999,
			-2.184800 1.100000 0.336798,
			-2.004000 1.100000 -0.044001,
			-2.820000 1.000000 0.155999,
			-2.820000 1.000000 0.771998,
			-2.820000 0.424000 0.771998,
			-2.620000 0.324000 0.971998,
			-2.720000 0.324000 0.871998,
			-2.004000 0.324000 0.971998,
			-2.004000 0.324000 0.771998,
			-2.620000 0.324000 -0.044001,
			-2.620000 0.324000 0.155999,
			-2.004000 0.324000 -0.044001,
			-2.004000 0.324000 0.155999,
			-2.620000 0.324000 0.771998,
			-2.720000 0.324000 0.055999,
			-2.439200 0.324000 0.591198,
			-2.184800 0.324000 0.591198,
			-2.184800 0.324000 0.336798,
			-2.439200 0.324000 0.336798,
			-1.904000 0.324000 0.055999,
			-1.904000 0.324000 0.871998,
			-2.820000 0.424000 0.155999,
			-1.804000 0.424000 0.771998,
			-1.804000 1.000000 0.771998,
			-1.804000 1.000000 0.155999,
			-1.804000 0.424000 0.155999,
			-2.439200 1.100000 0.458067,
			-2.306069 1.100000 0.591198,
			-2.184800 1.100000 0.458067,
			-2.306069 1.100000 0.336798,
			-2.261814 0.324000 0.591198,
			-2.184800 0.324000 0.413812,
			-2.261814 0.324000 0.336798,
			-2.439200 0.324000 0.413812,
			-3.636000 1.100000 -0.044001,
			-3.736000 1.100000 0.055999,
			-3.455200 1.100000 0.336798,
			-3.736000 1.100000 0.871998,
			-3.455200 1.100000 0.591198,
			-3.636000 1.100000 0.971998,
			-3.020000 1.100000 0.971998,
			-3.200800 1.100000 0.591198,
			-2.920000 1.100000 0.871998,
			-2.920000 1.100000 0.055999,
			-3.200800 1.100000 0.336798,
			-3.020000 1.100000 -0.044001,
			-3.836000 1.000000 0.155999,
			-3.836000 1.000000 0.771998,
			-3.836000 0.424000 0.771998,
			-3.636000 0.324000 0.971998,
			-3.736000 0.324000 0.871998,
			-3.020000 0.324000 0.971998,
			-3.020000 0.324000 0.771998,
			-3.636000 0.324000 -0.044001,
			-3.636000 0.324000 0.155999,
			-3.020000 0.324000 -0.044001,
			-3.020000 0.324000 0.155999,
			-3.636000 0.324000 0.771998,
			-3.736000 0.324000 0.055999,
			-3.455200 0.324000 0.591198,
			-3.200800 0.324000 0.591198,
			-3.200800 0.324000 0.336798,
			-3.455200 0.324000 0.336798,
			-2.920000 0.324000 0.055999,
			-2.920000 0.324000 0.871998,
			-3.836000 0.424000 0.155999,
			-2.820000 0.424000 0.771998,
			-2.820000 1.000000 0.771998,
			-2.820000 1.000000 0.155999,
			-2.820000 0.424000 0.155999,
			-3.455200 1.100000 0.458067,
			-3.322069 1.100000 0.591198,
			-3.200800 1.100000 0.458067,
			-3.322069 1.100000 0.336798,
			-3.277814 0.324000 0.591198,
			-3.200800 0.324000 0.413812,
			-3.277814 0.324000 0.336798,
			-3.455200 0.324000 0.413812,
		] }
		coordIndex [
			0 1 2 -1,
			2 1 3 -1,
			3 36 2 -1,
			4 3 5 -1,
			4 5 6 -1,
			6 37 4 -1,
			8 7 6 -1,
			9 7 8 -1,
			9 38 7 -1,
			11 10 9 -1,
			11 39 10 -1,
			11 0 2 -1,
			12 13 1 -1,
			1 13 3 -1,
			3 13 5 -1,
			5 13 14 -1,
			5 14 15 -1,
			15 14 16 -1,
			17 6 15 -1,
			15 6 5 -1,
			21 19 11 -1,
			11 19 0 -1,
			15 16 23 -1,
			23 16 24 -1,
			23 24 20 -1,
			20 24 19 -1,
			18 40 26 -1,
			41 18 26 -1,
			22 18 27 -1,
			42 22 27 -1,
			22 28 20 -1,
			43 20 28 -1,
			25 23 20 -1,
			25 18 23 -1,
			21 29 22 -1,
			22 29 30 -1,
			22 30 18 -1,
			18 30 17 -1,
			14 31 16 -1,
			16 31 24 -1,
			31 13 12 -1,
			24 31 19 -1,
			19 31 12 -1,
			19 12 0 -1,
			0 12 1 -1,
			30 32 17 -1,
			17 32 33 -1,
			17 33 6 -1,
			6 33 8 -1,
			9 8 34 -1,
			34 8 33 -1,
			29 21 35 -1,
			35 21 11 -1,
			35 11 34 -1,
			34 11 9 -1,
			35 32 29 -1,
			29 32 30 -1,
			32 35 33 -1,
			33 35 34 -1,
			19 22 20 -1,
			17 23 18 -1,
			44 45 46 -1,
			46 45 47 -1,
			47 80 46 -1,
			48 47 49 -1,
			48 49 50 -1,
			50 81 48 -1,
			52 51 50 -1,
			53 51 52 -1,
			53 82 51 -1,
			55 54 53 -1,
			55 83 54 -1,
			55 44 46 -1,
			56 57 45 -1,
			45 57 47 -1,
			47 57 49 -1,
			49 57 58 -1,
			49 58 59 -1,
			59 58 60 -1,
			61 50 59 -1,
			59 50 49 -1,
			65 63 55 -1,
			55 63 44 -1,
			59 60 67 -1,
			67 60 68 -1,
			67 68 64 -1,
			64 68 63 -1,
			62 84 70 -1,
			85 62 70 -1,
			66 62 71 -1,
			86 66 71 -1,
			66 72 64 -1,
			87 64 72 -1,
			69 67 64 -1,
			69 62 67 -1,
			65 73 66 -1,
			66 73 74 -1,
			66 74 62 -1,
			62 74 61 -1,
			58 75 60 -1,
			60 75 68 -1,
			75 57 56 -1,
			68 75 63 -1,
			63 75 56 -1,
			63 56 44 -1,
			44 56 45 -1,
			74 76 61 -1,
			61 76 77 -1,
			61 77 50 -1,
			50 77 52 -1,
			53 52 78 -1,
			78 52 77 -1,
			73 65 79 -1,
			79 65 55 -1,
			79 55 78 -1,
			78 55 53 -1,
			79 76 73 -1,
			73 76 74 -1,
			76 79 77 -1,
			77 79 78 -1,
			63 66 64 -1,
			61 67 62 -1,
			88 89 90 -1,
			90 89 91 -1,
			91 124 90 -1,
			92 91 93 -1,
			92 93 94 -1,
			94 125 92 -1,
			96 95 94 -1,
			97 95 96 -1,
			97 126 95 -1,
			99 98 97 -1,
			99 127 98 -1,
			99 88 90 -1,
			100 101 89 -1,
			89 101 91 -1,
			91 101 93 -1,
			93 101 102 -1,
			93 102 103 -1,
			103 102 104 -1,
			105 94 103 -1,
			103 94 93 -1,
			109 107 99 -1,
			99 107 88 -1,
			103 104 111 -1,
			111 104 112 -1,
			111 112 108 -1,
			108 112 107 -1,
			106 128 114 -1,
			129 106 114 -1,
			110 106 115 -1,
			130 110 115 -1,
			110 116 108 -1,
			131 108 116 -1,
			113 111 108 -1,
			113 106 111 -1,
			109 117 110 -1,
			110 117 118 -1,
			110 118 106 -1,
			106 118 105 -1,
			102 119 104 -1,
			104 119 112 -1,
			119 101 100 -1,
			112 119 107 -1,
			107 119 100 -1,
			107 100 88 -1,
			88 100 89 -1,
			118 120 105 -1,
			105 120 121 -1,
			105 121 94 -1,
			94 121 96 -1,
			97 96 122 -1,
			122 96 121 -1,
			117 109 123 -1,
			123 109 99 -1,
			123 99 122 -1,
			122 99 97 -1,
			123 120 117 -1,
			117 120 118 -1,
			120 123 121 -1,
			121 123 122 -1,
			107 110 108 -1,
			105 111 106 -1,
			132 133 134 -1,
			134 133 135 -1,
			135 168 134 -1,
			136 135 137 -1,
			136 137 138 -1,
			138 169 136 -1,
			140 139 138 -1,
			141 139 140 -1,
			141 170 139 -1,
			143 142 141 -1,
			143 171 142 -1,
			143 132 134 -1,
			144 145 133 -1,
			133 145 135 -1,
			135 145 137 -1,
			137 145 146 -1,
			137 146 147 -1,
			147 146 148 -1,
			149 138 147 -1,
			147 138 137 -1,
			153 151 143 -1,
			143 151 132 -1,
			147 148 155 -1,
			155 148 156 -1,
			155 156 152 -1,
			152 156 151 -1,
			150 172 158 -1,
			173 150 158 -1,
			154 150 159 -1,
			174 154 159 -1,
			154 160 152 -1,
			175 152 160 -1,
			157 155 152 -1,
			157 150 155 -1,
			153 161 154 -1,
			154 161 162 -1,
			154 162 150 -1,
			150 162 149 -1,
			146 163 148 -1,
			148 163 156 -1,
			163 145 144 -1,
			156 163 151 -1,
			151 163 144 -1,
			151 144 132 -1,
			132 144 133 -1,
			162 164 149 -1,
			149 164 165 -1,
			149 165 138 -1,
			138 165 140 -1,
			141 140 166 -1,
			166 140 165 -1,
			161 153 167 -1,
			167 153 143 -1,
			167 143 166 -1,
			166 143 141 -1,
			167 164 161 -1,
			161 164 162 -1,
			164 167 165 -1,
			165 167 166 -1,
			151 154 152 -1,
			149 155 150 -1,
			176 177 178 -1,
			178 177 179 -1,
			179 212 178 -1,
			180 179 181 -1,
			180 181 182 -1,
			182 213 180 -1,
			184 183 182 -1,
			185 183 184 -1,
			185 214 183 -1,
			187 186 185 -1,
			187 215 186 -1,
			187 176 178 -1,
			188 189 177 -1,
			177 189 179 -1,
			179 189 181 -1,
			181 189 190 -1,
			181 190 191 -1,
			191 190 192 -1,
			193 182 191 -1,
			191 182 181 -1,
			197 195 187 -1,
			187 195 176 -1,
			191 192 199 -1,
			199 192 200 -1,
			199 200 196 -1,
			196 200 195 -1,
			194 216 202 -1,
			217 194 202 -1,
			198 194 203 -1,
			218 198 203 -1,
			198 204 196 -1,
			219 196 204 -1,
			201 199 196 -1,
			201 194 199 -1,
			197 205 198 -1,
			198 205 206 -1,
			198 206 194 -1,
			194 206 193 -1,
			190 207 192 -1,
			192 207 200 -1,
			207 189 188 -1,
			200 207 195 -1,
			195 207 188 -1,
			195 188 176 -1,
			176 188 177 -1,
			206 208 193 -1,
			193 208 209 -1,
			193 209 182 -1,
			182 209 184 -1,
			185 184 210 -1,
			210 184 209 -1,
			205 197 211 -1,
			211 197 187 -1,
			211 187 210 -1,
			210 187 185 -1,
			211 208 205 -1,
			205 208 206 -1,
			208 211 209 -1,
			209 211 210 -1,
			195 198 196 -1,
			193 199 194 -1,
			220 221 222 -1,
			222 221 223 -1,
			223 256 222 -1,
			224 223 225 -1,
			224 225 226 -1,
			226 257 224 -1,
			228 227 226 -1,
			229 227 228 -1,
			229 258 227 -1,
			231 230 229 -1,
			231 259 230 -1,
			231 220 222 -1,
			232 233 221 -1,
			221 233 223 -1,
			223 233 225 -1,
			225 233 234 -1,
			225 234 235 -1,
			235 234 236 -1,
			237 226 235 -1,
			235 226 225 -1,
			241 239 231 -1,
			231 239 220 -1,
			235 236 243 -1,
			243 236 244 -1,
			243 244 240 -1,
			240 244 239 -1,
			238 260 246 -1,
			261 238 246 -1,
			242 238 247 -1,
			262 242 247 -1,
			242 248 240 -1,
			263 240 248 -1,
			245 243 240 -1,
			245 238 243 -1,
			241 249 242 -1,
			242 249 250 -1,
			242 250 238 -1,
			238 250 237 -1,
			234 251 236 -1,
			236 251 244 -1,
			251 233 232 -1,
			244 251 239 -1,
			239 251 232 -1,
			239 232 220 -1,
			220 232 221 -1,
			250 252 237 -1,
			237 252 253 -1,
			237 253 226 -1,
			226 253 228 -1,
			229 228 254 -1,
			254 228 253 -1,
			249 241 255 -1,
			255 241 231 -1,
			255 231 254 -1,
			254 231 229 -1,
			255 252 249 -1,
			249 252 250 -1,
			252 255 253 -1,
			253 255 254 -1,
			239 242 240 -1,
			237 243 238 -1,
			264 265 266 -1,
			266 265 267 -1,
			267 300 266 -1,
			268 267 269 -1,
			268 269 270 -1,
			270 301 268 -1,
			272 271 270 -1,
			273 271 272 -1,
			273 302 271 -1,
			275 274 273 -1,
			275 303 274 -1,
			275 264 266 -1,
			276 277 265 -1,
			265 277 267 -1,
			267 277 269 -1,
			269 277 278 -1,
			269 278 279 -1,
			279 278 280 -1,
			281 270 279 -1,
			279 270 269 -1,
			285 283 275 -1,
			275 283 264 -1,
			279 280 287 -1,
			287 280 288 -1,
			287 288 284 -1,
			284 288 283 -1,
			282 304 290 -1,
			305 282 290 -1,
			286 282 291 -1,
			306 286 291 -1,
			286 292 284 -1,
			307 284 292 -1,
			289 287 284 -1,
			289 282 287 -1,
			285 293 286 -1,
			286 293 294 -1,
			286 294 282 -1,
			282 294 281 -1,
			278 295 280 -1,
			280 295 288 -1,
			295 277 276 -1,
			288 295 283 -1,
			283 295 276 -1,
			283 276 264 -1,
			264 276 265 -1,
			294 296 281 -1,
			281 296 297 -1,
			281 297 270 -1,
			270 297 272 -1,
			273 272 298 -1,
			298 272 297 -1,
			293 285 299 -1,
			299 285 275 -1,
			299 275 298 -1,
			298 275 273 -1,
			299 296 293 -1,
			293 296 294 -1,
			296 299 297 -1,
			297 299 298 -1,
			283 286 284 -1,
			281 287 282 -1,
			308 309 310 -1,
			310 309 311 -1,
			311 344 310 -1,
			312 311 313 -1,
			312 313 314 -1,
			314 345 312 -1,
			316 315 314 -1,
			317 315 316 -1,
			317 346 315 -1,
			319 318 317 -1,
			319 347 318 -1,
			319 308 310 -1,
			320 321 309 -1,
			309 321 311 -1,
			311 321 313 -1,
			313 321 322 -1,
			313 322 323 -1,
			323 322 324 -1,
			325 314 323 -1,
			323 314 313 -1,
			329 327 319 -1,
			319 327 308 -1,
			323 324 331 -1,
			331 324 332 -1,
			331 332 328 -1,
			328 332 327 -1,
			326 348 334 -1,
			349 326 334 -1,
			330 326 335 -1,
			350 330 335 -1,
			330 336 328 -1,
			351 328 336 -1,
			333 331 328 -1,
			333 326 331 -1,
			329 337 330 -1,
			330 337 338 -1,
			330 338 326 -1,
			326 338 325 -1,
			322 339 324 -1,
			324 339 332 -1,
			339 321 320 -1,
			332 339 327 -1,
			327 339 320 -1,
			327 320 308 -1,
			308 320 309 -1,
			338 340 325 -1,
			325 340 341 -1,
			325 341 314 -1,
			314 341 316 -1,
			317 316 342 -1,
			342 316 341 -1,
			337 329 343 -1,
			343 329 319 -1,
			343 319 342 -1,
			342 319 317 -1,
			343 340 337 -1,
			337 340 338 -1,
			340 343 341 -1,
			341 343 342 -1,
			327 330 328 -1,
			325 331 326 -1,
			3 4 36 -1,
			6 7 37 -1,
			9 10 38 -1,
			11 2 39 -1,
			18 25 40 -1,
			41 27 18 -1,
			42 28 22 -1,
			43 25 20 -1,
			31 14 13 -1,
			19 21 22 -1,
			17 15 23 -1,
			47 48 80 -1,
			50 51 81 -1,
			53 54 82 -1,
			55 46 83 -1,
			62 69 84 -1,
			85 71 62 -1,
			86 72 66 -1,
			87 69 64 -1,
			75 58 57 -1,
			63 65 66 -1,
			61 59 67 -1,
			91 92 124 -1,
			94 95 125 -1,
			97 98 126 -1,
			99 90 127 -1,
			106 113 128 -1,
			129 115 106 -1,
			130 116 110 -1,
			131 113 108 -1,
			119 102 101 -1,
			107 109 110 -1,
			105 103 111 -1,
			135 136 168 -1,
			138 139 169 -1,
			141 142 170 -1,
			143 134 171 -1,
			150 157 172 -1,
			173 159 150 -1,
			174 160 154 -1,
			175 157 152 -1,
			163 146 145 -1,
			151 153 154 -1,
			149 147 155 -1,
			179 180 212 -1,
			182 183 213 -1,
			185 186 214 -1,
			187 178 215 -1,
			194 201 216 -1,
			217 203 194 -1,
			218 204 198 -1,
			219 201 196 -1,
			207 190 189 -1,
			195 197 198 -1,
			193 191 199 -1,
			223 224 256 -1,
			226 227 257 -1,
			229 230 258 -1,
			231 222 259 -1,
			238 245 260 -1,
			261 247 238 -1,
			262 248 242 -1,
			263 245 240 -1,
			251 234 233 -1,
			239 241 242 -1,
			237 235 243 -1,
			267 268 300 -1,
			270 271 301 -1,
			273 274 302 -1,
			275 266 303 -1,
			282 289 304 -1,
			305 291 282 -1,
			306 292 286 -1,
			307 289 284 -1,
			295 278 277 -1,
			283 285 286 -1,
			281 279 287 -1,
			311 312 344 -1,
			314 315 345 -1,
			317 318 346 -1,
			319 310 347 -1,
			326 333 348 -1,
			349 335 326 -1,
			350 336 330 -1,
			351 333 328 -1,
			339 322 321 -1,
			327 329 330 -1,
			325 323 331 -1,
		]
		normal Normal { vector [
			-0.297102 0.630259 -0.717289,
			-0.573236 0.705972 -0.415937,
			0.000000 1.000000 0.000000,
			-0.573248 0.705958 0.415944,
			0.000000 1.000000 0.000000,
			-0.297109 0.630253 0.717292,
			0.297098 0.630251 0.717298,
			0.000000 1.000000 0.000000,
			0.573236 0.705972 0.415937,
			0.573249 0.705958 -0.415945,
			0.000000 1.000000 0.000000,
			0.297105 0.630245 -0.717300,
			-0.905411 0.300195 -0.300191,
			-0.905413 0.300190 0.300189,
			-0.905411 -0.300194 0.300191,
			-0.297092 -0.630272 0.717282,
			-0.573236 -0.705972 0.415937,
			0.297106 -0.630260 0.717286,
			-0.000000 -1.000000 -0.000000,
			-0.297103 -0.630252 -0.717295,
			-0.000000 -1.000000 -0.000000,
			0.297095 -0.630280 -0.717274,
			-0.000000 -1.000000 -0.000000,
			-0.000000 -1.000000 -0.000000,
			-0.573241 -0.705967 -0.415939,
			-0.000000 -1.000000 -0.000000,
			-0.000000 -1.000000 -0.000000,
			-0.000000 -1.000000 -0.000000,
			-0.000000 -1.000000 -0.000000,
			0.573236 -0.705972 -0.415937,
			0.573241 -0.705967 0.415939,
			-0.905413 -0.300189 -0.300189,
			0.905410 -0.300194 0.300194,
			0.905414 0.300190 0.300187,
			0.905410 0.300194 -0.300194,
			0.905414 -0.300190 -0.300187,
			0.000000 1.000000 0.000000,
			0.000000 1.000000 0.000000,
			0.000000 1.000000 0.000000,
			0.000000 1.000000 0.000000,
			-0.000000 -1.000000 -0.000000,
			-0.000000 -1.000000 -0.000000,
			-0.000000 -1.000000 -0.000000,
			-0.000000 -1.000000 -0.000000,
			-0.297102 0.630259 -0.717289,
			-0.573236 0.705972 -0.415937,
			0.000000 1.000000 0.000000,
			-0.573248 0.705958 0.415944,
			0.000000 1.000000 0.000000,
			-0.297109 0.630253 0.717292,
			0.297098 0.630251 0.717298,
			0.000000 1.000000 0.000000,
			0.573236 0.705972 0.415937,
			0.573249 0.705958 -0.415945,
			0.000000 1.000000 0.000000,
			0.297105 0.630245 -0.717300,
			-0.905411 0.300195 -0.300191,
			-0.905413 0.300190 0.300189,
			-0.905411 -0.300194 0.300191,
			-0.297092 -0.630272 0.717282,
			-0.573236 -0.705972 0.415937,
			0.297106 -0.630260 0.717286,
			-0.000000 -1.000000 -0.000000,
			-0.297103 -0.630252 -0.717295,
			-0.000000 -1.000000 -0.000000,
			0.297095 -0.630280 -0.717274,
			-0.000000 -1.000000 -0.000000,
			-0.000000 -1.000000 -0.000000,
			-0.573241 -0.705967 -0.415939,
			-0.000000 -1.000000 -0.000000,
			-0.000000 -1.000000 -0.000000,
			-0.000000 -1.000000 -0.000000,
			-0.000000 -1.000000 -0.000000,
			0.573236 -0.705972 -0.415937,
			0.573241 -0.705967 0.415939,
			-0.905413 -0.300189 -0.300189,
			0.905410 -0.300194 0.300194,
			0.905414 0.300190 0.300187,
			0.905410 0.300194 -0.300194,
			0.905414 -0.300190 -0.300187,
			0.000000 1.000000 0.000000,
			0.000000 1.000000 0.000000,
			0.000000 1.000000 0.000000,
			0.000000 1.000000 0.000000,
			-0.000000 -1.000000 -0.000000,
			-0.000000 -1.000000 -0.000000,
			-0.000000 -1.000000 -0.000000,
			-0.000000 -1.000000 -0.000000,
			-0.297102 0.630259 -0.717289,
			-0.573236 0.705972 -0.415937,
			0.000000 1.000000 0.000000,
			-0.573248 0.705958 0.415944,
			0.000000 1.000000 0.000000,
			-0.297109 0.630253 0.717292,
			0.297098 0.630251 0.717298,
			0.000000 1.000000 0.000000,
			0.573236 0.705972 0.415937,
			0.573249 0.705958 -0.415944,
			0.000000 1.000000 0.000000,
			0.297105 0.630245 -0.717301,
			-0.905411 0.300195 -0.300191,
			-0.905413 0.300190 0.300189,
			-0.905411 -0.300194 0.300191,
			-0.297092 -0.630272 0.717282,
			-0.573236 -0.705972 0.415937,
			0.297106 -0.630260 0.717286,
			-0.000000 -1.000000 -0.000000,
			-0.297103 -0.630252 -0.717295,
			-0.000000 -1.000000 -0.000000,
			0.297095 -0.630280 -0.717274,
			-0.000000 -1.000000 -0.000000,
			-0.000000 -1.000000 -0.000000,
			-0.573241 -0.705967 -0.415939,
			-0.000000 -1.000000 -0.000000,
			-0.000000 -1.000000 -0.000000,
			-0.000000 -1.000000 -0.000000,
			-0.000000 -1.000000 -0.000000,
			0.573236 -0.705972 -0.415937,
			0.573241 -0.705967 0.415939,
			-0.905413 -0.300189 -0.300189,
			0.905410 -0.300194 0.300194,
			0.905414 0.300190 0.300187,
			0.905410 0.300194 -0.300194,
			0.905414 -0.300190 -0.300187,
			0.000000 1.000000 0.000000,
			0.000000 1.000000 0.000000,
			0.000000 1.000000 0.000000,
			0.000000 1.000000 0.000000,
			-0.000000 -1.000000 -0.000000,
			-0.000000 -1.000000 -0.000000,
			-0.000000 -1.000000 -0.000000,
			-0.000000 -1.000000 -0.000000,
			-0.297102 0.630259 -0.717289,
			-0.573236 0.705972 -0.415937,
			0.000000 1.000000 0.000000,
			-0.573248 0.705958 0.415944,
			0.000000 1.000000 0.000000,
			-0.297109 0.630253 0.717292,
			0.297098 0.630251 0.717298,
			0.000000 1.000000 0.000000,
			0.573236 0.705972 0.415937,
			0.573249 0.705958 -0.415944,
			0.000000 1.000000 0.000000,
			0.297105 0.630245 -0.717300,
			-0.905411 0.300195 -0.300191,
			-0.905413 0.300190 0.300189,
			-0.905411 -0.300194 0.300191,
			-0.297092 -0.630272 0.717282,
			-0.573236 -0.705972 0.415937,
			0.297106 -0.630260 0.717286,
			-0.000000 -1.000000 -0.000000,
			-0.297103 -0.630252 -0.717295,
			-0.000000 -1.000000 -0.000000,
			0.297095 -0.630280 -0.717274,
			-0.000000 -1.000000 -0.000000,
			-0.000000 -1.000000 -0.000000,
			-0.573241 -0.705967 -0.415939,
			-0.000000 -1.000000 -0.000000,
			-0.000000 -1.000000 -0.000000,
			-0.000000 -1.000000 -0.000000,
			-0.000000 -1.000000 -0.000000,
			0.573236 -0.705972 -0.415937,
			0.573241 -0.705967 0.415939,
			-0.905413 -0.300189 -0.300189,
			0.905410 -0.300194 0.300194,
			0.905414 0.300190 0.300187,
			0.905410 0.300194 -0.300194,
			0.905414 -0.300190 -0.300187,
			0.000000 1.000000 0.000000,
			0.000000 1.000000 0.000000,
			0.000000 1.000000 0.000000,
			0.000000 1.000000 0.000000,
			-0.000000 -1.000000 -0.000000,
			-0.000000 -1.000000 -0.000000,
			-0.000000 -1.000000 -0.000000,
			-0.000000 -1.000000 -0.000000,
			-0.297102 0.630259 -0.717289,
			-0.573236 0.705972 -0.415937,
			0.000000 1.000000 0.000000,
			-0.573248 0.705958 0.415944,
			0.000000 1.000000 0.000000,
			-0.297109 0.630253 0.717292,
			0.297098 0.630251 0.717298,
			0.000000 1.000000 0.000000,
			0.573236 0.705972 0.415937,
			0.573249 0.705958 -0.415945,
			0.000000 1.000000 0.000000,
			0.297105 0.630245 -0.717300,
			-0.905411 0.300195 -0.300191,
			-0.905413 0.300190 0.300189,
			-0.905411 -0.300194 0.300191,
			-0.297092 -0.630272 0.717282,
			-0.573236 -0.705972 0.415937,
			0.297106 -0.630260 0.717286,
			-0.000000 -1.000000 -0.000000,
			-0.297103 -0.630252 -0.717295,
			-0.000000 -1.000000 -0.000000,
			0.297095 -0.630280 -0.717274,
			-0.000000 -1.000000 -0.000000,
			-0.000000 -1.000000 -0.000000,
			-0.573241 -0.705967 -0.415939,
			-0.000000 -1.000000 -0.000000,
			-0.000000 -1.000000 -0.000000,
			-0.000000 -1.000000 -0.000000,
			-0.000000 -1.000000 -0.000000,
			0.573236 -0.705972 -0.415937,
			0.573241 -0.705967 0.415939,
			-0.905413 -0.300189 -0.300189,
			0.905410 -0.300194 0.300194,
			0.905414 0.300190 0.300187,
			0.905410 0.300194 -0.300194,
			0.905414 -0.300190 -0.300187,
			0.000000 1.000000 0.000000,
			0.000000 1.000000 0.000000,
			0.000000 1.000000 0.000000,
			0.000000 1.000000 0.000000,
			-0.000000 -1.000000 -0.000000,
			-0.000000 -1.000000 -0.000000,
			-0.000000 -1.000000 -0.000000,
			-0.000000 -1.000000 -0.000000,
			-0.297102 0.630259 -0.717289,
			-0.573236 0.705972 -0.415937,
			0.000000 1.000000 0.000000,
			-0.573248 0.705958 0.415944,
			0.000000 1.000000 0.000000,
			-0.297109 0.630253 0.717292,
			0.297098 0.630251 0.717298,
			0.000000 1.000000 0.000000,
			0.573236 0.705972 0.415937,
			0.573249 0.705958 -0.415945,
			0.000000 1.000000 0.000000,
			0.297105 0.630245 -0.717301,
			-0.905411 0.300195 -0.300191,
			-0.905413 0.300190 0.300189,
			-0.905411 -0.300194 0.300191,
			-0.297092 -0.630272 0.717282,
			-0.573236 -0.705972 0.415937,
			0.297106 -0.630260 0.717286,
			-0.000000 -1.000000 -0.000000,
			-0.297103 -0.630252 -0.717295,
			-0.000000 -1.000000 -0.000000,
			0.297095 -0.630280 -0.717274,
			-0.000000 -1.000000 -0.000000,
			-0.000000 -1.000000 -0.000000,
			-0.573241 -0.705967 -0.415939,
			-0.000000 -1.000000 -0.000000,
			-0.000000 -1.000000 -0.000000,
			-0.000000 -1.000000 -0.000000,
			-0.000000 -1.000000 -0.000000,
			0.573236 -0.705972 -0.415937,
			0.573241 -0.705967 0.415939,
			-0.905413 -0.300189 -0.300189,
			0.905410 -0.300194 0.300194,
			0.905414 0.300190 0.300187,
			0.905410 0.300194 -0.300194,
			0.905414 -0.300190 -0.300187,
			0.000000 1.000000 0.000000,
			0.000000 1.000000 0.000000,
			0.000000 1.000000 0.000000,
			0.000000 1.000000 0.000000,
			-0.000000 -1.000000 -0.000000,
			-0.000000 -1.000000 -0.000000,
			-0.000000 -1.000000 -0.000000,
			-0.000000 -1.000000 -0.000000,
			-0.297102 0.630259 -0.717289,
			-0.573236 0.705972 -0.415937,
			0.000000 1.000000 0.000000,
			-0.573248 0.705958 0.415944,
			0.000000 1.000000 0.000000,
			-0.297109 0.630253 0.717292,
			0.297098 0.630251 0.717298,
			0.000000 1.000000 0.000000,
			0.573236 0.705972 0.415937,
			0.573249 0.705958 -0.415945,
			0.000000 1.000000 0.000000,
			0.297105 0.630245 -0.717300,
			-0.905411 0.300195 -0.300191,
			-0.905413 0.300189 0.300189,
			-0.905411 -0.300194 0.300191,
			-0.297092 -0.630272 0.717282,
			-0.573236 -0.705972 0.415937,
			0.297106 -0.630260 0.717286,
			-0.000000 -1.000000 -0.000000,
			-0.297103 -0.630252 -0.717295,
			-0.000000 -1.000000 -0.000000,
			0.297095 -0.630280 -0.717274,
			-0.000000 -1.000000 -0.000000,
			-0.000000 -1.000000 -0.000000,
			-0.573241 -0.705967 -0.415939,
			-0.000000 -1.000000 -0.000000,
			-0.000000 -1.000000 -0.000000,
			-0.000000 -1.000000 -0.000000,
			-0.000000 -1.000000 -0.000000,
			0.573236 -0.705972 -0.415937,
			0.573241 -0.705967 0.415939,
			-0.905413 -0.300189 -0.300189,
			0.905410 -0.300194 0.300194,
			0.905414 0.300190 0.300187,
			0.905410 0.300194 -0.300194,
			0.905414 -0.300190 -0.300187,
			0.000000 1.000000 0.000000,
			0.000000 1.000000 0.000000,
			0.000000 1.000000 0.000000,
			0.000000 1.000000 0.000000,
			-0.000000 -1.000000 -0.000000,
			-0.000000 -1.000000 -0.000000,
			-0.000000 -1.000000 -0.000000,
			-0.000000 -1.000000 -0.000000,
			-0.297102 0.630259 -0.717289,
			-0.573236 0.705972 -0.415937,
			0.000000 1.000000 0.000000,
			-0.573248 0.705958 0.415944,
			0.000000 1.000000 0.000000,
			-0.297109 0.630253 0.717292,
			0.297098 0.630251 0.717298,
			0.000000 1.000000 0.000000,
			0.573236 0.705972 0.415937,
			0.573249 0.705958 -0.415945,
			0.000000 1.000000 0.000000,
			0.297105 0.630245 -0.717301,
			-0.905411 0.300195 -0.300191,
			-0.905413 0.300189 0.300189,
			-0.905411 -0.300194 0.300191,
			-0.297092 -0.630272 0.717282,
			-0.573236 -0.705972 0.415937,
			0.297106 -0.630260 0.717286,
			-0.000000 -1.000000 -0.000000,
			-0.297103 -0.630252 -0.717295,
			-0.000000 -1.000000 -0.000000,
			0.297095 -0.630280 -0.717274,
			-0.000000 -1.000000 -0.000000,
			-0.000000 -1.000000 -0.000000,
			-0.573241 -0.705967 -0.415939,
			-0.000000 -1.000000 -0.000000,
			-0.000000 -1.000000 -0.000000,
			-0.000000 -1.000000 -0.000000,
			-0.000000 -1.000000 -0.000000,
			0.573236 -0.705972 -0.415937,
			0.573241 -0.705967 0.415939,
			-0.905413 -0.300189 -0.300189,
			0.905410 -0.300194 0.300194,
			0.905414 0.300190 0.300187,
			0.905410 0.300194 -0.300194,
			0.905414 -0.300190 -0.300187,
			0.000000 1.000000 0.000000,
			0.000000 1.000000 0.000000,
			0.000000 1.000000 0.000000,
			0.000000 1.000000 0.000000,
			-0.000000 -1.000000 -0.000000,
			-0.000000 -1.000000 -0.000000,
			-0.000000 -1.000000 -0.000000,
			-0.000000 -1.000000 -0.000000,
		] }
		normalPerVertex TRUE
		solid TRUE
	}
	appearance Appearance {
		material Material {
			diffuseColor 0.2980 0.2980 0.2980
			transparency 0.0000
			shininess 0.0000
		}
	}
}

Shape # Material: Gold.005
{
	geometry IndexedFaceSet {
		coord Coordinate { point [
			-2.378000 -1.132000 3.577998,
			-2.378000 -1.132000 3.445998,
			-2.439200 1.100000 3.384799,
			-2.246001 -1.132000 3.577998,
			-2.246001 -1.132000 3.445998,
			-2.439200 1.100000 3.639198,
			-2.439200 -1.026400 3.384799,
			-2.439200 -1.026400 3.639198,
			-2.184800 -1.026400 3.384799,
			-2.184800 1.100000 3.639198,
			-2.184800 -1.026400 3.639198,
			-2.439200 3.434400 3.639198,
			-2.184800 3.434400 3.639198,
			-2.184800 1.100000 3.384799,
			-2.439200 3.434400 3.384799,
			-2.184800 3.434400 3.384799,
			-2.246000 3.540000 3.445998,
			-2.246000 3.540000 3.577998,
			-2.378000 3.540000 3.445998,
			-2.378000 3.540000 3.577998,
			-2.439200 0.324000 3.639198,
			-2.184800 0.324000 3.639198,
			-2.184800 0.324000 3.384799,
			-2.439200 0.324000 3.384799,
			-2.439200 1.100000 3.506067,
			-2.306069 1.100000 3.639198,
			-2.184800 1.100000 3.506067,
			-2.306069 1.100000 3.384799,
			-2.261814 0.324000 3.639198,
			-2.184800 0.324000 3.461812,
			-2.261814 0.324000 3.384799,
			-2.439200 0.324000 3.461812,
			-3.394000 -1.132000 3.577998,
			-3.394000 -1.132000 3.445998,
			-3.455200 1.100000 3.384799,
			-3.262001 -1.132000 3.577998,
			-3.262001 -1.132000 3.445998,
			-3.455200 1.100000 3.639198,
			-3.455200 -1.026400 3.384799,
			-3.455200 -1.026400 3.639198,
			-3.200800 -1.026400 3.384799,
			-3.200800 1.100000 3.639198,
			-3.200800 -1.026400 3.639198,
			-3.455200 3.434400 3.639198,
			-3.200800 3.434400 3.639198,
			-3.200800 1.100000 3.384799,
			-3.455200 3.434400 3.384799,
			-3.200800 3.434400 3.384799,
			-3.262000 3.540000 3.445998,
			-3.262000 3.540000 3.577998,
			-3.394000 3.540000 3.445998,
			-3.394000 3.540000 3.577998,
			-3.455200 0.324000 3.639198,
			-3.200800 0.324000 3.639198,
			-3.200800 0.324000 3.384799,
			-3.455200 0.324000 3.384799,
			-3.455200 1.100000 3.506067,
			-3.322069 1.100000 3.639198,
			-3.200800 1.100000 3.506067,
			-3.322069 1.100000 3.384799,
			-3.277814 0.324000 3.639198,
			-3.200800 0.324000 3.461812,
			-3.277814 0.324000 3.384799,
			-3.455200 0.324000 3.461812,
			-2.378000 -1.132000 2.561998,
			-2.378000 -1.132000 2.429998,
			-2.439200 1.100000 2.368798,
			-2.246001 -1.132000 2.561998,
			-2.246001 -1.132000 2.429998,
			-2.439200 1.100000 2.623199,
			-2.439200 -1.026400 2.368798,
			-2.439200 -1.026400 2.623199,
			-2.184800 -1.026400 2.368798,
			-2.184800 1.100000 2.623199,
			-2.184800 -1.026400 2.623199,
			-2.439200 3.434400 2.623199,
			-2.184800 3.434400 2.623199,
			-2.184800 1.100000 2.368798,
			-2.439200 3.434400 2.368798,
			-2.184800 3.434400 2.368798,
			-2.246000 3.540000 2.429998,
			-2.246000 3.540000 2.561998,
			-2.378000 3.540000 2.429998,
			-2.378000 3.540000 2.561998,
			-2.439200 0.324000 2.623199,
			-2.184800 0.324000 2.623199,
			-2.184800 0.324000 2.368798,
			-2.439200 0.324000 2.368798,
			-2.439200 1.100000 2.490067,
			-2.306069 1.100000 2.623199,
			-2.184800 1.100000 2.490067,
			-2.306069 1.100000 2.368798,
			-2.261814 0.324000 2.623199,
			-2.184800 0.324000 2.445812,
			-2.261814 0.324000 2.368798,
			-2.439200 0.324000 2.445812,
			-3.394000 -1.132000 2.561998,
			-3.394000 -1.132000 2.429998,
			-3.455200 1.100000 2.368798,
			-3.262001 -1.132000 2.561998,
			-3.262001 -1.132000 2.429998,
			-3.455200 1.100000 2.623199,
			-3.455200 -1.026400 2.368798,
			-3.455200 -1.026400 2.623199,
			-3.200800 -1.026400 2.368798,
			-3.200800 1.100000 2.623199,
			-3.200800 -1.026400 2.623199,
			-3.455200 3.434400 2.623199,
			-3.200800 3.434400 2.623199,
			-3.200800 1.100000 2.368798,
			-3.455200 3.434400 2.368798,
			-3.200800 3.434400 2.368798,
			-3.262000 3.540000 2.429998,
			-3.262000 3.540000 2.561998,
			-3.394000 3.540000 2.429998,
			-3.394000 3.540000 2.561998,
			-3.455200 0.324000 2.623199,
			-3.200800 0.324000 2.623199,
			-3.200800 0.324000 2.368798,
			-3.455200 0.324000 2.368798,
			-3.455200 1.100000 2.490067,
			-3.322069 1.100000 2.623199,
			-3.200800 1.100000 2.490067,
			-3.322069 1.100000 2.368798,
			-3.277814 0.324000 2.623199,
			-3.200800 0.324000 2.445812,
			-3.277814 0.324000 2.368798,
			-3.455200 0.324000 2.445812,
			-2.378000 -1.132000 1.545998,
			-2.378000 -1.132000 1.413998,
			-2.439200 1.100000 1.352798,
			-2.246001 -1.132000 1.545998,
			-2.246001 -1.132000 1.413998,
			-2.439200 1.100000 1.607198,
			-2.439200 -1.026400 1.352798,
			-2.439200 -1.026400 1.607198,
			-2.184800 -1.026400 1.352798,
			-2.184800 1.100000 1.607198,
			-2.184800 -1.026400 1.607198,
			-2.439200 3.434400 1.607198,
			-2.184800 3.434400 1.607198,
			-2.184800 1.100000 1.352798,
			-2.439200 3.434400 1.352798,
			-2.184800 3.434400 1.352798,
			-2.246000 3.540000 1.413998,
			-2.246000 3.540000 1.545998,
			-2.378000 3.540000 1.413998,
			-2.378000 3.540000 1.545998,
			-2.439200 0.324000 1.607198,
			-2.184800 0.324000 1.607198,
			-2.184800 0.324000 1.352798,
			-2.439200 0.324000 1.352798,
			-2.439200 1.100000 1.474067,
			-2.306069 1.100000 1.607198,
			-2.184800 1.100000 1.474067,
			-2.306069 1.100000 1.352798,
			-2.261814 0.324000 1.607198,
			-2.184800 0.324000 1.429812,
			-2.261814 0.324000 1.352798,
			-2.439200 0.324000 1.429812,
			-3.394000 -1.132000 1.545998,
			-3.394000 -1.132000 1.413998,
			-3.455200 1.100000 1.352798,
			-3.262001 -1.132000 1.545998,
			-3.262001 -1.132000 1.413998,
			-3.455200 1.100000 1.607198,
			-3.455200 -1.026400 1.352798,
			-3.455200 -1.026400 1.607198,
			-3.200800 -1.026400 1.352798,
			-3.200800 1.100000 1.607198,
			-3.200800 -1.026400 1.607198,
			-3.455200 3.434400 1.607198,
			-3.200800 3.434400 1.607198,
			-3.200800 1.100000 1.352798,
			-3.455200 3.434400 1.352798,
			-3.200800 3.434400 1.352798,
			-3.262000 3.540000 1.413998,
			-3.262000 3.540000 1.545998,
			-3.394000 3.540000 1.413998,
			-3.394000 3.540000 1.545998,
			-3.455200 0.324000 1.607198,
			-3.200800 0.324000 1.607198,
			-3.200800 0.324000 1.352798,
			-3.455200 0.324000 1.352798,
			-3.455200 1.100000 1.474067,
			-3.322069 1.100000 1.607198,
			-3.200800 1.100000 1.474067,
			-3.322069 1.100000 1.352798,
			-3.277814 0.324000 1.607198,
			-3.200800 0.324000 1.429812,
			-3.277814 0.324000 1.352798,
			-3.455200 0.324000 1.429812,
			-2.378000 -1.132000 0.529998,
			-2.378000 -1.132000 0.397998,
			-2.439200 1.100000 0.336798,
			-2.246001 -1.132000 0.529998,
			-2.246001 -1.132000 0.397998,
			-2.439200 1.100000 0.591198,
			-2.439200 -1.026400 0.336798,
			-2.439200 -1.026400 0.591198,
			-2.184800 -1.026400 0.336798,
			-2.184800 1.100000 0.591198,
			-2.184800 -1.026400 0.591198,
			-2.439200 3.434400 0.591198,
			-2.184800 3.434400 0.591198,
			-2.184800 1.100000 0.336798,
			-2.439200 3.434400 0.336798,
			-2.184800 3.434400 0.336798,
			-2.246000 3.540000 0.397998,
			-2.246000 3.540000 0.529998,
			-2.378000 3.540000 0.397998,
			-2.378000 3.540000 0.529998,
			-2.439200 0.324000 0.591198,
			-2.184800 0.324000 0.591198,
			-2.184800 0.324000 0.336798,
			-2.439200 0.324000 0.336798,
			-2.439200 1.100000 0.458067,
			-2.306069 1.100000 0.591198,
			-2.184800 1.100000 0.458067,
			-2.306069 1.100000 0.336798,
			-2.261814 0.324000 0.591198,
			-2.184800 0.324000 0.413812,
			-2.261814 0.324000 0.336798,
			-2.439200 0.324000 0.413812,
			-3.394000 -1.132000 0.529998,
			-3.394000 -1.132000 0.397998,
			-3.455200 1.100000 0.336798,
			-3.262001 -1.132000 0.529998,
			-3.262001 -1.132000 0.397998,
			-3.455200 1.100000 0.591198,
			-3.455200 -1.026400 0.336798,
			-3.455200 -1.026400 0.591198,
			-3.200800 -1.026400 0.336798,
			-3.200800 1.100000 0.591198,
			-3.200800 -1.026400 0.591198,
			-3.455200 3.434400 0.591198,
			-3.200800 3.434400 0.591198,
			-3.200800 1.100000 0.336798,
			-3.455200 3.434400 0.336798,
			-3.200800 3.434400 0.336798,
			-3.262000 3.540000 0.397998,
			-3.262000 3.540000 0.529998,
			-3.394000 3.540000 0.397998,
			-3.394000 3.540000 0.529998,
			-3.455200 0.324000 0.591198,
			-3.200800 0.324000 0.591198,
			-3.200800 0.324000 0.336798,
			-3.455200 0.324000 0.336798,
			-3.455200 1.100000 0.458067,
			-3.322069 1.100000 0.591198,
			-3.200800 1.100000 0.458067,
			-3.322069 1.100000 0.336798,
			-3.277814 0.324000 0.591198,
			-3.200800 0.324000 0.413812,
			-3.277814 0.324000 0.336798,
			-3.455200 0.324000 0.413812,
		] }
		coordIndex [
			0 1 3 -1,
			3 1 4 -1,
			1 0 6 -1,
			6 0 7 -1,
			4 1 8 -1,
			8 1 6 -1,
			3 4 10 -1,
			10 4 8 -1,
			0 3 7 -1,
			7 3 10 -1,
			5 25 11 -1,
			7 28 20 -1,
			21 28 10 -1,
			12 25 9 -1,
			7 31 6 -1,
			24 5 11 -1,
			31 23 6 -1,
			14 24 11 -1,
			2 14 27 -1,
			30 6 23 -1,
			22 8 30 -1,
			27 15 13 -1,
			10 29 21 -1,
			26 12 9 -1,
			29 8 22 -1,
			15 26 13 -1,
			16 17 15 -1,
			15 17 12 -1,
			18 19 16 -1,
			16 19 17 -1,
			19 18 11 -1,
			11 18 14 -1,
			17 19 12 -1,
			12 19 11 -1,
			18 16 14 -1,
			14 16 15 -1,
			32 33 35 -1,
			35 33 36 -1,
			33 32 38 -1,
			38 32 39 -1,
			36 33 40 -1,
			40 33 38 -1,
			35 36 42 -1,
			42 36 40 -1,
			32 35 39 -1,
			39 35 42 -1,
			37 57 43 -1,
			39 60 52 -1,
			53 60 42 -1,
			44 57 41 -1,
			39 63 38 -1,
			56 37 43 -1,
			63 55 38 -1,
			46 56 43 -1,
			34 46 59 -1,
			62 38 55 -1,
			54 40 62 -1,
			59 47 45 -1,
			42 61 53 -1,
			58 44 41 -1,
			61 40 54 -1,
			47 58 45 -1,
			48 49 47 -1,
			47 49 44 -1,
			50 51 48 -1,
			48 51 49 -1,
			51 50 43 -1,
			43 50 46 -1,
			49 51 44 -1,
			44 51 43 -1,
			50 48 46 -1,
			46 48 47 -1,
			64 65 67 -1,
			67 65 68 -1,
			65 64 70 -1,
			70 64 71 -1,
			68 65 72 -1,
			72 65 70 -1,
			67 68 74 -1,
			74 68 72 -1,
			64 67 71 -1,
			71 67 74 -1,
			69 89 75 -1,
			71 92 84 -1,
			85 92 74 -1,
			76 89 73 -1,
			71 95 70 -1,
			88 69 75 -1,
			95 87 70 -1,
			78 88 75 -1,
			66 78 91 -1,
			94 70 87 -1,
			86 72 94 -1,
			91 79 77 -1,
			74 93 85 -1,
			90 76 73 -1,
			93 72 86 -1,
			79 90 77 -1,
			80 81 79 -1,
			79 81 76 -1,
			82 83 80 -1,
			80 83 81 -1,
			83 82 75 -1,
			75 82 78 -1,
			81 83 76 -1,
			76 83 75 -1,
			82 80 78 -1,
			78 80 79 -1,
			96 97 99 -1,
			99 97 100 -1,
			97 96 102 -1,
			102 96 103 -1,
			100 97 104 -1,
			104 97 102 -1,
			99 100 106 -1,
			106 100 104 -1,
			96 99 103 -1,
			103 99 106 -1,
			101 121 107 -1,
			103 124 116 -1,
			117 124 106 -1,
			108 121 105 -1,
			103 127 102 -1,
			120 101 107 -1,
			127 119 102 -1,
			110 120 107 -1,
			98 110 123 -1,
			126 102 119 -1,
			118 104 126 -1,
			123 111 109 -1,
			106 125 117 -1,
			122 108 105 -1,
			125 104 118 -1,
			111 122 109 -1,
			112 113 111 -1,
			111 113 108 -1,
			114 115 112 -1,
			112 115 113 -1,
			115 114 107 -1,
			107 114 110 -1,
			113 115 108 -1,
			108 115 107 -1,
			114 112 110 -1,
			110 112 111 -1,
			128 129 131 -1,
			131 129 132 -1,
			129 128 134 -1,
			134 128 135 -1,
			132 129 136 -1,
			136 129 134 -1,
			131 132 138 -1,
			138 132 136 -1,
			128 131 135 -1,
			135 131 138 -1,
			133 153 139 -1,
			135 156 148 -1,
			149 156 138 -1,
			140 153 137 -1,
			135 159 134 -1,
			152 133 139 -1,
			159 151 134 -1,
			142 152 139 -1,
			130 142 155 -1,
			158 134 151 -1,
			150 136 158 -1,
			155 143 141 -1,
			138 157 149 -1,
			154 140 137 -1,
			157 136 150 -1,
			143 154 141 -1,
			144 145 143 -1,
			143 145 140 -1,
			146 147 144 -1,
			144 147 145 -1,
			147 146 139 -1,
			139 146 142 -1,
			145 147 140 -1,
			140 147 139 -1,
			146 144 142 -1,
			142 144 143 -1,
			160 161 163 -1,
			163 161 164 -1,
			161 160 166 -1,
			166 160 167 -1,
			164 161 168 -1,
			168 161 166 -1,
			163 164 170 -1,
			170 164 168 -1,
			160 163 167 -1,
			167 163 170 -1,
			165 185 171 -1,
			167 188 180 -1,
			181 188 170 -1,
			172 185 169 -1,
			167 191 166 -1,
			184 165 171 -1,
			191 183 166 -1,
			174 184 171 -1,
			162 174 187 -1,
			190 166 183 -1,
			182 168 190 -1,
			187 175 173 -1,
			170 189 181 -1,
			186 172 169 -1,
			189 168 182 -1,
			175 186 173 -1,
			176 177 175 -1,
			175 177 172 -1,
			178 179 176 -1,
			176 179 177 -1,
			179 178 171 -1,
			171 178 174 -1,
			177 179 172 -1,
			172 179 171 -1,
			178 176 174 -1,
			174 176 175 -1,
			192 193 195 -1,
			195 193 196 -1,
			193 192 198 -1,
			198 192 199 -1,
			196 193 200 -1,
			200 193 198 -1,
			195 196 202 -1,
			202 196 200 -1,
			192 195 199 -1,
			199 195 202 -1,
			197 217 203 -1,
			199 220 212 -1,
			213 220 202 -1,
			204 217 201 -1,
			199 223 198 -1,
			216 197 203 -1,
			223 215 198 -1,
			206 216 203 -1,
			194 206 219 -1,
			222 198 215 -1,
			214 200 222 -1,
			219 207 205 -1,
			202 221 213 -1,
			218 204 201 -1,
			221 200 214 -1,
			207 218 205 -1,
			208 209 207 -1,
			207 209 204 -1,
			210 211 208 -1,
			208 211 209 -1,
			211 210 203 -1,
			203 210 206 -1,
			209 211 204 -1,
			204 211 203 -1,
			210 208 206 -1,
			206 208 207 -1,
			224 225 227 -1,
			227 225 228 -1,
			225 224 230 -1,
			230 224 231 -1,
			228 225 232 -1,
			232 225 230 -1,
			227 228 234 -1,
			234 228 232 -1,
			224 227 231 -1,
			231 227 234 -1,
			229 249 235 -1,
			231 252 244 -1,
			245 252 234 -1,
			236 249 233 -1,
			231 255 230 -1,
			248 229 235 -1,
			255 247 230 -1,
			238 248 235 -1,
			226 238 251 -1,
			254 230 247 -1,
			246 232 254 -1,
			251 239 237 -1,
			234 253 245 -1,
			250 236 233 -1,
			253 232 246 -1,
			239 250 237 -1,
			240 241 239 -1,
			239 241 236 -1,
			242 243 240 -1,
			240 243 241 -1,
			243 242 235 -1,
			235 242 238 -1,
			241 243 236 -1,
			236 243 235 -1,
			242 240 238 -1,
			238 240 239 -1,
			7 10 28 -1,
			12 11 25 -1,
			7 20 31 -1,
			14 2 24 -1,
			30 8 6 -1,
			27 14 15 -1,
			10 8 29 -1,
			15 12 26 -1,
			39 42 60 -1,
			44 43 57 -1,
			39 52 63 -1,
			46 34 56 -1,
			62 40 38 -1,
			59 46 47 -1,
			42 40 61 -1,
			47 44 58 -1,
			71 74 92 -1,
			76 75 89 -1,
			71 84 95 -1,
			78 66 88 -1,
			94 72 70 -1,
			91 78 79 -1,
			74 72 93 -1,
			79 76 90 -1,
			103 106 124 -1,
			108 107 121 -1,
			103 116 127 -1,
			110 98 120 -1,
			126 104 102 -1,
			123 110 111 -1,
			106 104 125 -1,
			111 108 122 -1,
			135 138 156 -1,
			140 139 153 -1,
			135 148 159 -1,
			142 130 152 -1,
			158 136 134 -1,
			155 142 143 -1,
			138 136 157 -1,
			143 140 154 -1,
			167 170 188 -1,
			172 171 185 -1,
			167 180 191 -1,
			174 162 184 -1,
			190 168 166 -1,
			187 174 175 -1,
			170 168 189 -1,
			175 172 186 -1,
			199 202 220 -1,
			204 203 217 -1,
			199 212 223 -1,
			206 194 216 -1,
			222 200 198 -1,
			219 206 207 -1,
			202 200 221 -1,
			207 204 218 -1,
			231 234 252 -1,
			236 235 249 -1,
			231 244 255 -1,
			238 226 248 -1,
			254 232 230 -1,
			251 238 239 -1,
			234 232 253 -1,
			239 236 250 -1,
		]
		normal Normal { vector [
			-0.401403 -0.823259 0.401398,
			-0.401392 -0.823266 -0.401396,
			-0.707107 0.000000 -0.707107,
			0.401391 -0.823266 0.401396,
			0.401402 -0.823259 -0.401398,
			-0.707107 0.000000 0.707107,
			-0.675355 -0.296338 -0.675337,
			-0.675339 -0.296339 0.675352,
			0.675340 -0.296337 -0.675352,
			0.707107 -0.000000 0.707107,
			0.675349 -0.296338 0.675343,
			-0.675352 0.296337 0.675340,
			0.675340 0.296337 0.675352,
			0.707107 -0.000000 -0.707107,
			-0.675340 0.296337 -0.675352,
			0.675352 0.296337 -0.675340,
			0.401392 0.823266 -0.401396,
			0.401403 0.823259 0.401398,
			-0.401402 0.823259 -0.401398,
			-0.401391 0.823266 0.401396,
			-0.707107 0.000000 0.707107,
			0.707107 -0.000000 0.707107,
			0.707107 -0.000000 -0.707107,
			-0.707107 0.000000 -0.707107,
			-1.000000 0.000000 -0.000000,
			-0.000000 0.000000 1.000000,
			1.000000 -0.000000 0.000000,
			0.000000 -0.000000 -1.000000,
			-0.000000 0.000000 1.000000,
			1.000000 -0.000000 0.000000,
			0.000000 -0.000000 -1.000000,
			-1.000000 0.000000 -0.000000,
			-0.401403 -0.823259 0.401398,
			-0.401392 -0.823266 -0.401396,
			-0.707107 0.000000 -0.707107,
			0.401391 -0.823266 0.401396,
			0.401402 -0.823259 -0.401398,
			-0.707107 0.000000 0.707107,
			-0.675355 -0.296338 -0.675337,
			-0.675339 -0.296339 0.675352,
			0.675340 -0.296337 -0.675352,
			0.707107 -0.000000 0.707107,
			0.675349 -0.296338 0.675343,
			-0.675352 0.296337 0.675340,
			0.675340 0.296337 0.675352,
			0.707107 -0.000000 -0.707107,
			-0.675340 0.296337 -0.675352,
			0.675352 0.296337 -0.675340,
			0.401392 0.823266 -0.401396,
			0.401403 0.823259 0.401398,
			-0.401402 0.823259 -0.401398,
			-0.401391 0.823266 0.401396,
			-0.707107 0.000000 0.707107,
			0.707107 -0.000000 0.707107,
			0.707107 -0.000000 -0.707107,
			-0.707107 0.000000 -0.707107,
			-1.000000 0.000000 -0.000000,
			-0.000000 0.000000 1.000000,
			1.000000 -0.000000 0.000000,
			0.000000 -0.000000 -1.000000,
			-0.000000 0.000000 1.000000,
			1.000000 -0.000000 0.000000,
			0.000000 -0.000000 -1.000000,
			-1.000000 0.000000 -0.000000,
			-0.401403 -0.823259 0.401398,
			-0.401392 -0.823266 -0.401396,
			-0.707107 0.000000 -0.707107,
			0.401391 -0.823266 0.401396,
			0.401402 -0.823259 -0.401398,
			-0.707107 0.000000 0.707107,
			-0.675355 -0.296338 -0.675337,
			-0.675339 -0.296339 0.675352,
			0.675340 -0.296337 -0.675352,
			0.707107 -0.000000 0.707107,
			0.675349 -0.296338 0.675343,
			-0.675352 0.296337 0.675340,
			0.675340 0.296337 0.675352,
			0.707107 -0.000000 -0.707107,
			-0.675340 0.296337 -0.675352,
			0.675352 0.296337 -0.675340,
			0.401392 0.823266 -0.401396,
			0.401403 0.823259 0.401398,
			-0.401402 0.823259 -0.401398,
			-0.401391 0.823266 0.401396,
			-0.707107 0.000000 0.707107,
			0.707107 -0.000000 0.707107,
			0.707107 -0.000000 -0.707107,
			-0.707107 0.000000 -0.707107,
			-1.000000 0.000000 -0.000000,
			-0.000000 0.000000 1.000000,
			1.000000 -0.000000 0.000000,
			0.000000 -0.000000 -1.000000,
			-0.000000 0.000000 1.000000,
			1.000000 -0.000000 0.000000,
			0.000000 -0.000000 -1.000000,
			-1.000000 0.000000 -0.000000,
			-0.401403 -0.823259 0.401398,
			-0.401392 -0.823266 -0.401396,
			-0.707107 0.000000 -0.707107,
			0.401391 -0.823266 0.401396,
			0.401402 -0.823259 -0.401398,
			-0.707107 0.000000 0.707107,
			-0.675355 -0.296338 -0.675337,
			-0.675339 -0.296339 0.675352,
			0.675340 -0.296337 -0.675352,
			0.707107 -0.000000 0.707107,
			0.675349 -0.296338 0.675343,
			-0.675352 0.296337 0.675340,
			0.675340 0.296337 0.675352,
			0.707107 -0.000000 -0.707107,
			-0.675340 0.296337 -0.675352,
			0.675352 0.296337 -0.675340,
			0.401392 0.823266 -0.401396,
			0.401403 0.823259 0.401398,
			-0.401402 0.823259 -0.401398,
			-0.401391 0.823266 0.401396,
			-0.707107 0.000000 0.707107,
			0.707107 -0.000000 0.707107,
			0.707107 -0.000000 -0.707107,
			-0.707107 0.000000 -0.707107,
			-1.000000 0.000000 -0.000000,
			-0.000000 0.000000 1.000000,
			1.000000 -0.000000 0.000000,
			0.000000 -0.000000 -1.000000,
			-0.000000 0.000000 1.000000,
			1.000000 -0.000000 0.000000,
			0.000000 -0.000000 -1.000000,
			-1.000000 0.000000 -0.000000,
			-0.401403 -0.823259 0.401399,
			-0.401392 -0.823265 -0.401396,
			-0.707107 0.000000 -0.707107,
			0.401391 -0.823266 0.401396,
			0.401402 -0.823259 -0.401399,
			-0.707107 0.000000 0.707107,
			-0.675355 -0.296338 -0.675337,
			-0.675340 -0.296339 0.675352,
			0.675340 -0.296337 -0.675352,
			0.707107 -0.000000 0.707107,
			0.675349 -0.296338 0.675343,
			-0.675352 0.296337 0.675340,
			0.675340 0.296337 0.675352,
			0.707107 -0.000000 -0.707107,
			-0.675340 0.296337 -0.675352,
			0.675352 0.296337 -0.675340,
			0.401392 0.823265 -0.401396,
			0.401403 0.823259 0.401399,
			-0.401402 0.823259 -0.401399,
			-0.401391 0.823266 0.401396,
			-0.707107 0.000000 0.707107,
			0.707107 -0.000000 0.707107,
			0.707107 -0.000000 -0.707107,
			-0.707107 0.000000 -0.707107,
			-1.000000 0.000000 -0.000000,
			-0.000000 0.000000 1.000000,
			1.000000 -0.000000 0.000000,
			0.000000 -0.000000 -1.000000,
			-0.000000 0.000000 1.000000,
			1.000000 -0.000000 0.000000,
			0.000000 -0.000000 -1.000000,
			-1.000000 0.000000 -0.000000,
			-0.401403 -0.823259 0.401399,
			-0.401392 -0.823265 -0.401396,
			-0.707107 0.000000 -0.707107,
			0.401391 -0.823266 0.401396,
			0.401402 -0.823259 -0.401399,
			-0.707107 0.000000 0.707107,
			-0.675355 -0.296338 -0.675337,
			-0.675340 -0.296339 0.675352,
			0.675340 -0.296337 -0.675352,
			0.707107 -0.000000 0.707107,
			0.675349 -0.296338 0.675343,
			-0.675352 0.296337 0.675340,
			0.675340 0.296337 0.675352,
			0.707107 -0.000000 -0.707107,
			-0.675340 0.296337 -0.675352,
			0.675352 0.296337 -0.675340,
			0.401392 0.823265 -0.401396,
			0.401403 0.823259 0.401399,
			-0.401402 0.823259 -0.401399,
			-0.401391 0.823266 0.401396,
			-0.707107 0.000000 0.707107,
			0.707107 -0.000000 0.707107,
			0.707107 -0.000000 -0.707107,
			-0.707107 0.000000 -0.707107,
			-1.000000 0.000000 -0.000000,
			-0.000000 0.000000 1.000000,
			1.000000 -0.000000 0.000000,
			0.000000 -0.000000 -1.000000,
			-0.000000 0.000000 1.000000,
			1.000000 -0.000000 0.000000,
			0.000000 -0.000000 -1.000000,
			-1.000000 0.000000 -0.000000,
			-0.401403 -0.823259 0.401399,
			-0.401392 -0.823265 -0.401396,
			-0.707107 0.000000 -0.707107,
			0.401391 -0.823266 0.401396,
			0.401402 -0.823259 -0.401399,
			-0.707107 0.000000 0.707107,
			-0.675355 -0.296338 -0.675337,
			-0.675340 -0.296339 0.675352,
			0.675340 -0.296337 -0.675352,
			0.707107 -0.000000 0.707107,
			0.675349 -0.296338 0.675343,
			-0.675352 0.296337 0.675340,
			0.675340 0.296337 0.675352,
			0.707107 -0.000000 -0.707107,
			-0.675340 0.296337 -0.675352,
			0.675352 0.296337 -0.675340,
			0.401392 0.823265 -0.401396,
			0.401403 0.823259 0.401399,
			-0.401402 0.823259 -0.401399,
			-0.401391 0.823266 0.401396,
			-0.707107 0.000000 0.707107,
			0.707107 -0.000000 0.707107,
			0.707107 -0.000000 -0.707107,
			-0.707107 0.000000 -0.707107,
			-1.000000 0.000000 -0.000000,
			-0.000000 0.000000 1.000000,
			1.000000 -0.000000 0.000000,
			0.000000 -0.000000 -1.000000,
			-0.000000 0.000000 1.000000,
			1.000000 -0.000000 0.000000,
			0.000000 -0.000000 -1.000000,
			-1.000000 0.000000 -0.000000,
			-0.401403 -0.823259 0.401399,
			-0.401392 -0.823265 -0.401396,
			-0.707107 0.000000 -0.707107,
			0.401391 -0.823266 0.401396,
			0.401402 -0.823259 -0.401399,
			-0.707107 0.000000 0.707107,
			-0.675355 -0.296338 -0.675337,
			-0.675340 -0.296339 0.675352,
			0.675340 -0.296337 -0.675352,
			0.707107 -0.000000 0.707107,
			0.675349 -0.296338 0.675343,
			-0.675352 0.296337 0.675340,
			0.675340 0.296337 0.675352,
			0.707107 -0.000000 -0.707107,
			-0.675340 0.296337 -0.675352,
			0.675352 0.296337 -0.675340,
			0.401392 0.823265 -0.401396,
			0.401403 0.823259 0.401399,
			-0.401402 0.823259 -0.401399,
			-0.401391 0.823266 0.401396,
			-0.707107 0.000000 0.707107,
			0.707107 -0.000000 0.707107,
			0.707107 -0.000000 -0.707107,
			-0.707107 0.000000 -0.707107,
			-1.000000 0.000000 -0.000000,
			-0.000000 0.000000 1.000000,
			1.000000 -0.000000 0.000000,
			0.000000 -0.000000 -1.000000,
			-0.000000 0.000000 1.000000,
			1.000000 -0.000000 0.000000,
			0.000000 -0.000000 -1.000000,
			-1.000000 0.000000 -0.000000,
		] }
		normalPerVertex TRUE
		solid TRUE
	}
	appearance Appearance {
		material Material {
			diffuseColor 0.9714 0.9167 0.4554
			transparency 0.0000
			shininess 0.0000
		}
	}
}

Shape # Material: m20-9990345_color_1.009
{
	geometry IndexedFaceSet {
		coord Coordinate { point [
			9.203999 1.100000 2.411999,
			9.103999 1.100000 2.511999,
			9.384799 1.100000 2.792799,
			9.103999 1.100000 3.327999,
			9.384799 1.100000 3.047199,
			9.203999 1.100000 3.427999,
			9.819999 1.100000 3.427999,
			9.639199 1.100000 3.047199,
			9.919999 1.100000 3.327999,
			9.919999 1.100000 2.511999,
			9.639199 1.100000 2.792799,
			9.819999 1.100000 2.411999,
			9.003999 1.000000 2.611999,
			9.003999 1.000000 3.227999,
			9.003999 0.424000 3.227999,
			9.203999 0.324000 3.427999,
			9.103999 0.324000 3.327999,
			9.819999 0.324000 3.427999,
			9.819999 0.324000 3.227999,
			9.203999 0.324000 2.411999,
			9.203999 0.324000 2.611999,
			9.819999 0.324000 2.411999,
			9.819999 0.324000 2.611999,
			9.203999 0.324000 3.227999,
			9.103999 0.324000 2.511999,
			9.384799 0.324000 3.047199,
			9.639199 0.324000 3.047199,
			9.639199 0.324000 2.792799,
			9.384799 0.324000 2.792799,
			9.919999 0.324000 2.511999,
			9.919999 0.324000 3.327999,
			9.003999 0.424000 2.611999,
			10.019999 0.424000 3.227999,
			10.019999 1.000000 3.227999,
			10.019999 1.000000 2.611999,
			10.019999 0.424000 2.611999,
			9.384799 1.100000 2.914068,
			9.517930 1.100000 3.047199,
			9.639199 1.100000 2.914068,
			9.517930 1.100000 2.792799,
			9.562185 0.324000 3.047199,
			9.639199 0.324000 2.869813,
			9.562185 0.324000 2.792799,
			9.384799 0.324000 2.869813,
			8.187999 1.100000 2.411999,
			8.087999 1.100000 2.511999,
			8.368799 1.100000 2.792799,
			8.087999 1.100000 3.327999,
			8.368799 1.100000 3.047199,
			8.187999 1.100000 3.427999,
			8.803999 1.100000 3.427999,
			8.623199 1.100000 3.047199,
			8.903999 1.100000 3.327999,
			8.903999 1.100000 2.511999,
			8.623199 1.100000 2.792799,
			8.803999 1.100000 2.411999,
			7.987999 1.000000 2.611999,
			7.987999 1.000000 3.227999,
			7.987999 0.424000 3.227999,
			8.187999 0.324000 3.427999,
			8.087999 0.324000 3.327999,
			8.803999 0.324000 3.427999,
			8.803999 0.324000 3.227999,
			8.187999 0.324000 2.411999,
			8.187999 0.324000 2.611999,
			8.803999 0.324000 2.411999,
			8.803999 0.324000 2.611999,
			8.187999 0.324000 3.227999,
			8.087999 0.324000 2.511999,
			8.368799 0.324000 3.047199,
			8.623199 0.324000 3.047199,
			8.623199 0.324000 2.792799,
			8.368799 0.324000 2.792799,
			8.903998 0.324000 2.511999,
			8.903998 0.324000 3.327999,
			7.987999 0.424000 2.611999,
			9.003999 0.424000 3.227999,
			9.003999 1.000000 3.227999,
			9.003999 1.000000 2.611999,
			9.003999 0.424000 2.611999,
			8.368799 1.100000 2.914068,
			8.501930 1.100000 3.047199,
			8.623199 1.100000 2.914068,
			8.501930 1.100000 2.792799,
			8.546185 0.324000 3.047199,
			8.623199 0.324000 2.869813,
			8.546185 0.324000 2.792799,
			8.368799 0.324000 2.869813,
			7.171999 1.100000 2.411999,
			7.071999 1.100000 2.511999,
			7.352799 1.100000 2.792799,
			7.071999 1.100000 3.327999,
			7.352799 1.100000 3.047199,
			7.171999 1.100000 3.427999,
			7.787999 1.100000 3.427999,
			7.607199 1.100000 3.047199,
			7.887999 1.100000 3.327999,
			7.887999 1.100000 2.511999,
			7.607199 1.100000 2.792799,
			7.787999 1.100000 2.411999,
			6.971999 1.000000 2.611999,
			6.971999 1.000000 3.227999,
			6.971999 0.424000 3.227999,
			7.171999 0.324000 3.427999,
			7.071999 0.324000 3.327999,
			7.787999 0.324000 3.427999,
			7.787999 0.324000 3.227999,
			7.171999 0.324000 2.411999,
			7.171999 0.324000 2.611999,
			7.787999 0.324000 2.411999,
			7.787999 0.324000 2.611999,
			7.171999 0.324000 3.227999,
			7.071999 0.324000 2.511999,
			7.352799 0.324000 3.047199,
			7.607199 0.324000 3.047199,
			7.607199 0.324000 2.792799,
			7.352799 0.324000 2.792799,
			7.887999 0.324000 2.511999,
			7.887999 0.324000 3.327999,
			6.971999 0.424000 2.611999,
			7.987999 0.424000 3.227999,
			7.987999 1.000000 3.227999,
			7.987999 1.000000 2.611999,
			7.987999 0.424000 2.611999,
			7.352799 1.100000 2.914068,
			7.485930 1.100000 3.047199,
			7.607199 1.100000 2.914068,
			7.485930 1.100000 2.792799,
			7.530185 0.324000 3.047199,
			7.607199 0.324000 2.869813,
			7.530185 0.324000 2.792799,
			7.352799 0.324000 2.869813,
			6.155999 1.100000 2.411999,
			6.055999 1.100001 2.511999,
			6.336799 1.100000 2.792799,
			6.055999 1.100001 3.327999,
			6.336799 1.100000 3.047199,
			6.155999 1.100000 3.427999,
			6.771999 1.100000 3.427999,
			6.591199 1.100000 3.047199,
			6.871999 1.100000 3.327999,
			6.871999 1.100000 2.511999,
			6.591199 1.100000 2.792799,
			6.771999 1.100000 2.411999,
			5.955998 1.000000 2.611999,
			5.955998 1.000000 3.227999,
			5.955998 0.424000 3.227999,
			6.155999 0.324000 3.427999,
			6.055999 0.324000 3.327999,
			6.771999 0.324000 3.427999,
			6.771999 0.324000 3.227999,
			6.155999 0.324000 2.411999,
			6.155999 0.324000 2.611999,
			6.771999 0.324000 2.411999,
			6.771999 0.324000 2.611999,
			6.155999 0.324000 3.227999,
			6.055999 0.324000 2.511999,
			6.336799 0.324000 3.047199,
			6.591199 0.324000 3.047199,
			6.591199 0.324000 2.792799,
			6.336799 0.324000 2.792799,
			6.871999 0.324000 2.511999,
			6.871999 0.324000 3.327999,
			5.955998 0.424000 2.611999,
			6.971999 0.424000 3.227999,
			6.971999 1.000000 3.227999,
			6.971999 1.000000 2.611999,
			6.971999 0.424000 2.611999,
			6.336799 1.100000 2.914068,
			6.469930 1.100000 3.047199,
			6.591199 1.100000 2.914068,
			6.469930 1.100000 2.792799,
			6.514185 0.324000 3.047199,
			6.591199 0.324000 2.869813,
			6.514185 0.324000 2.792799,
			6.336799 0.324000 2.869813,
		] }
		coordIndex [
			0 1 2 -1,
			2 1 3 -1,
			3 36 2 -1,
			4 3 5 -1,
			4 5 6 -1,
			6 37 4 -1,
			8 7 6 -1,
			9 7 8 -1,
			9 38 7 -1,
			11 10 9 -1,
			11 39 10 -1,
			11 0 2 -1,
			12 13 1 -1,
			1 13 3 -1,
			3 13 5 -1,
			5 13 14 -1,
			5 14 15 -1,
			15 14 16 -1,
			17 6 15 -1,
			15 6 5 -1,
			21 19 11 -1,
			11 19 0 -1,
			15 16 23 -1,
			23 16 24 -1,
			23 24 20 -1,
			20 24 19 -1,
			18 40 26 -1,
			41 18 26 -1,
			22 18 27 -1,
			42 22 27 -1,
			22 28 20 -1,
			43 20 28 -1,
			25 23 20 -1,
			25 18 23 -1,
			21 29 22 -1,
			22 29 30 -1,
			22 30 18 -1,
			18 30 17 -1,
			14 31 16 -1,
			16 31 24 -1,
			31 13 12 -1,
			24 31 19 -1,
			19 31 12 -1,
			19 12 0 -1,
			0 12 1 -1,
			30 32 17 -1,
			17 32 33 -1,
			17 33 6 -1,
			6 33 8 -1,
			9 8 34 -1,
			34 8 33 -1,
			29 21 35 -1,
			35 21 11 -1,
			35 11 34 -1,
			34 11 9 -1,
			35 32 29 -1,
			29 32 30 -1,
			32 35 33 -1,
			33 35 34 -1,
			19 22 20 -1,
			17 23 18 -1,
			44 45 46 -1,
			46 45 47 -1,
			47 80 46 -1,
			48 47 49 -1,
			48 49 50 -1,
			50 81 48 -1,
			52 51 50 -1,
			53 51 52 -1,
			53 82 51 -1,
			55 54 53 -1,
			55 83 54 -1,
			55 44 46 -1,
			56 57 45 -1,
			45 57 47 -1,
			47 57 49 -1,
			49 57 58 -1,
			49 58 59 -1,
			59 58 60 -1,
			61 50 59 -1,
			59 50 49 -1,
			65 63 55 -1,
			55 63 44 -1,
			59 60 67 -1,
			67 60 68 -1,
			67 68 64 -1,
			64 68 63 -1,
			62 84 70 -1,
			85 62 70 -1,
			66 62 71 -1,
			86 66 71 -1,
			66 72 64 -1,
			87 64 72 -1,
			69 67 64 -1,
			69 62 67 -1,
			65 73 66 -1,
			66 73 74 -1,
			66 74 62 -1,
			62 74 61 -1,
			58 75 60 -1,
			60 75 68 -1,
			75 57 56 -1,
			68 75 63 -1,
			63 75 56 -1,
			63 56 44 -1,
			44 56 45 -1,
			74 76 61 -1,
			61 76 77 -1,
			61 77 50 -1,
			50 77 52 -1,
			53 52 78 -1,
			78 52 77 -1,
			73 65 79 -1,
			79 65 55 -1,
			79 55 78 -1,
			78 55 53 -1,
			79 76 73 -1,
			73 76 74 -1,
			76 79 77 -1,
			77 79 78 -1,
			63 66 64 -1,
			61 67 62 -1,
			88 89 90 -1,
			90 89 91 -1,
			91 124 90 -1,
			92 91 93 -1,
			92 93 94 -1,
			94 125 92 -1,
			96 95 94 -1,
			97 95 96 -1,
			97 126 95 -1,
			99 98 97 -1,
			99 127 98 -1,
			99 88 90 -1,
			100 101 89 -1,
			89 101 91 -1,
			91 101 93 -1,
			93 101 102 -1,
			93 102 103 -1,
			103 102 104 -1,
			105 94 103 -1,
			103 94 93 -1,
			109 107 99 -1,
			99 107 88 -1,
			103 104 111 -1,
			111 104 112 -1,
			111 112 108 -1,
			108 112 107 -1,
			106 128 114 -1,
			129 106 114 -1,
			110 106 115 -1,
			130 110 115 -1,
			110 116 108 -1,
			131 108 116 -1,
			113 111 108 -1,
			113 106 111 -1,
			109 117 110 -1,
			110 117 118 -1,
			110 118 106 -1,
			106 118 105 -1,
			102 119 104 -1,
			104 119 112 -1,
			119 101 100 -1,
			112 119 107 -1,
			107 119 100 -1,
			107 100 88 -1,
			88 100 89 -1,
			118 120 105 -1,
			105 120 121 -1,
			105 121 94 -1,
			94 121 96 -1,
			97 96 122 -1,
			122 96 121 -1,
			117 109 123 -1,
			123 109 99 -1,
			123 99 122 -1,
			122 99 97 -1,
			123 120 117 -1,
			117 120 118 -1,
			120 123 121 -1,
			121 123 122 -1,
			107 110 108 -1,
			105 111 106 -1,
			132 133 134 -1,
			134 133 135 -1,
			135 168 134 -1,
			136 135 137 -1,
			136 137 138 -1,
			138 169 136 -1,
			140 139 138 -1,
			141 139 140 -1,
			141 170 139 -1,
			143 142 141 -1,
			143 171 142 -1,
			143 132 134 -1,
			144 145 133 -1,
			133 145 135 -1,
			135 145 137 -1,
			137 145 146 -1,
			137 146 147 -1,
			147 146 148 -1,
			149 138 147 -1,
			147 138 137 -1,
			153 151 143 -1,
			143 151 132 -1,
			147 148 155 -1,
			155 148 156 -1,
			155 156 152 -1,
			152 156 151 -1,
			150 172 158 -1,
			173 150 158 -1,
			154 150 159 -1,
			174 154 159 -1,
			154 160 152 -1,
			175 152 160 -1,
			157 155 152 -1,
			157 150 155 -1,
			153 161 154 -1,
			154 161 162 -1,
			154 162 150 -1,
			150 162 149 -1,
			146 163 148 -1,
			148 163 156 -1,
			163 145 144 -1,
			156 163 151 -1,
			151 163 144 -1,
			151 144 132 -1,
			132 144 133 -1,
			162 164 149 -1,
			149 164 165 -1,
			149 165 138 -1,
			138 165 140 -1,
			141 140 166 -1,
			166 140 165 -1,
			161 153 167 -1,
			167 153 143 -1,
			167 143 166 -1,
			166 143 141 -1,
			167 164 161 -1,
			161 164 162 -1,
			164 167 165 -1,
			165 167 166 -1,
			151 154 152 -1,
			149 155 150 -1,
			3 4 36 -1,
			6 7 37 -1,
			9 10 38 -1,
			11 2 39 -1,
			18 25 40 -1,
			41 27 18 -1,
			42 28 22 -1,
			43 25 20 -1,
			31 14 13 -1,
			19 21 22 -1,
			17 15 23 -1,
			47 48 80 -1,
			50 51 81 -1,
			53 54 82 -1,
			55 46 83 -1,
			62 69 84 -1,
			85 71 62 -1,
			86 72 66 -1,
			87 69 64 -1,
			75 58 57 -1,
			63 65 66 -1,
			61 59 67 -1,
			91 92 124 -1,
			94 95 125 -1,
			97 98 126 -1,
			99 90 127 -1,
			106 113 128 -1,
			129 115 106 -1,
			130 116 110 -1,
			131 113 108 -1,
			119 102 101 -1,
			107 109 110 -1,
			105 103 111 -1,
			135 136 168 -1,
			138 139 169 -1,
			141 142 170 -1,
			143 134 171 -1,
			150 157 172 -1,
			173 159 150 -1,
			174 160 154 -1,
			175 157 152 -1,
			163 146 145 -1,
			151 153 154 -1,
			149 147 155 -1,
		]
		normal Normal { vector [
			-0.297102 0.630259 -0.717289,
			-0.573236 0.705972 -0.415937,
			0.000000 1.000000 0.000000,
			-0.573248 0.705958 0.415944,
			0.000000 1.000000 0.000000,
			-0.297109 0.630253 0.717292,
			0.297098 0.630251 0.717298,
			0.000000 1.000000 0.000000,
			0.573236 0.705972 0.415937,
			0.573249 0.705958 -0.415945,
			0.000000 1.000000 0.000000,
			0.297105 0.630245 -0.717300,
			-0.905411 0.300195 -0.300191,
			-0.905413 0.300190 0.300189,
			-0.905411 -0.300194 0.300191,
			-0.297092 -0.630272 0.717282,
			-0.573236 -0.705972 0.415937,
			0.297106 -0.630260 0.717286,
			-0.000000 -1.000000 -0.000000,
			-0.297103 -0.630252 -0.717295,
			-0.000000 -1.000000 -0.000000,
			0.297095 -0.630280 -0.717274,
			-0.000000 -1.000000 -0.000000,
			-0.000000 -1.000000 -0.000000,
			-0.573241 -0.705967 -0.415939,
			-0.000000 -1.000000 -0.000000,
			-0.000000 -1.000000 -0.000000,
			-0.000000 -1.000000 -0.000000,
			-0.000000 -1.000000 -0.000000,
			0.573236 -0.705972 -0.415937,
			0.573241 -0.705967 0.415939,
			-0.905413 -0.300189 -0.300189,
			0.905410 -0.300194 0.300194,
			0.905414 0.300190 0.300187,
			0.905410 0.300194 -0.300194,
			0.905414 -0.300190 -0.300187,
			0.000000 1.000000 0.000000,
			0.000000 1.000000 0.000000,
			0.000000 1.000000 0.000000,
			0.000000 1.000000 0.000000,
			-0.000000 -1.000000 -0.000000,
			-0.000000 -1.000000 -0.000000,
			-0.000000 -1.000000 -0.000000,
			-0.000000 -1.000000 -0.000000,
			-0.297102 0.630259 -0.717289,
			-0.573236 0.705972 -0.415937,
			0.000000 1.000000 0.000000,
			-0.573248 0.705958 0.415944,
			0.000000 1.000000 0.000000,
			-0.297109 0.630253 0.717292,
			0.297098 0.630251 0.717298,
			0.000000 1.000000 0.000000,
			0.573236 0.705972 0.415937,
			0.573249 0.705958 -0.415945,
			0.000000 1.000000 0.000000,
			0.297105 0.630245 -0.717300,
			-0.905411 0.300195 -0.300191,
			-0.905413 0.300190 0.300189,
			-0.905411 -0.300194 0.300191,
			-0.297092 -0.630272 0.717282,
			-0.573236 -0.705972 0.415937,
			0.297106 -0.630260 0.717286,
			-0.000000 -1.000000 -0.000000,
			-0.297103 -0.630252 -0.717295,
			-0.000000 -1.000000 -0.000000,
			0.297095 -0.630280 -0.717274,
			-0.000000 -1.000000 -0.000000,
			-0.000000 -1.000000 -0.000000,
			-0.573241 -0.705967 -0.415939,
			-0.000000 -1.000000 -0.000000,
			-0.000000 -1.000000 -0.000000,
			-0.000000 -1.000000 -0.000000,
			-0.000000 -1.000000 -0.000000,
			0.573236 -0.705972 -0.415937,
			0.573241 -0.705967 0.415939,
			-0.905413 -0.300189 -0.300189,
			0.905410 -0.300194 0.300194,
			0.905414 0.300190 0.300187,
			0.905410 0.300194 -0.300194,
			0.905414 -0.300190 -0.300187,
			0.000000 1.000000 0.000000,
			0.000000 1.000000 0.000000,
			0.000000 1.000000 0.000000,
			0.000000 1.000000 0.000000,
			-0.000000 -1.000000 -0.000000,
			-0.000000 -1.000000 -0.000000,
			-0.000000 -1.000000 -0.000000,
			-0.000000 -1.000000 -0.000000,
			-0.297102 0.630259 -0.717289,
			-0.573236 0.705972 -0.415937,
			0.000000 1.000000 0.000000,
			-0.573248 0.705958 0.415944,
			0.000000 1.000000 0.000000,
			-0.297109 0.630253 0.717292,
			0.297098 0.630251 0.717298,
			0.000000 1.000000 0.000000,
			0.573236 0.705972 0.415937,
			0.573249 0.705958 -0.415945,
			0.000000 1.000000 0.000000,
			0.297105 0.630245 -0.717300,
			-0.905411 0.300195 -0.300191,
			-0.905413 0.300190 0.300189,
			-0.905411 -0.300194 0.300191,
			-0.297092 -0.630272 0.717282,
			-0.573236 -0.705972 0.415937,
			0.297106 -0.630260 0.717286,
			-0.000000 -1.000000 -0.000000,
			-0.297103 -0.630252 -0.717295,
			-0.000000 -1.000000 -0.000000,
			0.297095 -0.630280 -0.717274,
			-0.000000 -1.000000 -0.000000,
			-0.000000 -1.000000 -0.000000,
			-0.573241 -0.705967 -0.415939,
			-0.000000 -1.000000 -0.000000,
			-0.000000 -1.000000 -0.000000,
			-0.000000 -1.000000 -0.000000,
			-0.000000 -1.000000 -0.000000,
			0.573236 -0.705972 -0.415937,
			0.573241 -0.705967 0.415939,
			-0.905413 -0.300189 -0.300189,
			0.905410 -0.300194 0.300194,
			0.905414 0.300190 0.300187,
			0.905410 0.300194 -0.300194,
			0.905414 -0.300190 -0.300187,
			0.000000 1.000000 0.000000,
			0.000000 1.000000 0.000000,
			0.000000 1.000000 0.000000,
			0.000000 1.000000 0.000000,
			-0.000000 -1.000000 -0.000000,
			-0.000000 -1.000000 -0.000000,
			-0.000000 -1.000000 -0.000000,
			-0.000000 -1.000000 -0.000000,
			-0.297102 0.630259 -0.717289,
			-0.573236 0.705972 -0.415937,
			0.000000 1.000000 0.000000,
			-0.573248 0.705958 0.415944,
			0.000000 1.000000 0.000000,
			-0.297109 0.630253 0.717292,
			0.297098 0.630251 0.717298,
			0.000000 1.000000 0.000000,
			0.573236 0.705972 0.415937,
			0.573249 0.705958 -0.415945,
			0.000000 1.000000 0.000000,
			0.297105 0.630245 -0.717300,
			-0.905411 0.300195 -0.300191,
			-0.905413 0.300190 0.300189,
			-0.905411 -0.300194 0.300191,
			-0.297092 -0.630272 0.717282,
			-0.573236 -0.705972 0.415937,
			0.297106 -0.630260 0.717286,
			-0.000000 -1.000000 -0.000000,
			-0.297103 -0.630252 -0.717295,
			-0.000000 -1.000000 -0.000000,
			0.297095 -0.630280 -0.717274,
			-0.000000 -1.000000 -0.000000,
			-0.000000 -1.000000 -0.000000,
			-0.573241 -0.705967 -0.415939,
			-0.000000 -1.000000 -0.000000,
			-0.000000 -1.000000 -0.000000,
			-0.000000 -1.000000 -0.000000,
			-0.000000 -1.000000 -0.000000,
			0.573236 -0.705972 -0.415937,
			0.573241 -0.705967 0.415939,
			-0.905413 -0.300189 -0.300189,
			0.905410 -0.300194 0.300194,
			0.905414 0.300190 0.300187,
			0.905410 0.300194 -0.300194,
			0.905414 -0.300190 -0.300187,
			0.000000 1.000000 0.000000,
			0.000000 1.000000 0.000000,
			0.000000 1.000000 0.000000,
			0.000000 1.000000 0.000000,
			-0.000000 -1.000000 -0.000000,
			-0.000000 -1.000000 -0.000000,
			-0.000000 -1.000000 -0.000000,
			-0.000000 -1.000000 -0.000000,
		] }
		normalPerVertex TRUE
		solid TRUE
	}
	appearance Appearance {
		material Material {
			diffuseColor 0.2980 0.2980 0.2980
			transparency 0.0000
			shininess 0.0000
		}
	}
}

Shape # Material: Gold.008
{
	geometry IndexedFaceSet {
		coord Coordinate { point [
			9.445999 -1.132000 2.985999,
			9.445999 -1.132000 2.853999,
			9.384799 1.100000 2.792799,
			9.577999 -1.132000 2.985999,
			9.577999 -1.132000 2.853999,
			9.384799 1.100000 3.047199,
			9.384799 -1.026400 2.792799,
			9.384799 -1.026400 3.047199,
			9.639199 -1.026400 2.792799,
			9.639199 1.100000 3.047199,
			9.639199 -1.026400 3.047199,
			9.384799 3.434400 3.047199,
			9.639199 3.434400 3.047199,
			9.639199 1.100000 2.792799,
			9.384799 3.434400 2.792799,
			9.639199 3.434400 2.792799,
			9.577999 3.540000 2.853999,
			9.577999 3.540000 2.985999,
			9.445999 3.540000 2.853999,
			9.445999 3.540000 2.985999,
			9.384799 0.324000 3.047199,
			9.639199 0.324000 3.047199,
			9.639199 0.324000 2.792799,
			9.384799 0.324000 2.792799,
			9.384799 1.100000 2.914068,
			9.517930 1.100000 3.047199,
			9.639199 1.100000 2.914068,
			9.517930 1.100000 2.792799,
			9.562185 0.324000 3.047199,
			9.639199 0.324000 2.869813,
			9.562185 0.324000 2.792799,
			9.384799 0.324000 2.869813,
			8.429998 -1.132000 2.985999,
			8.429998 -1.132000 2.853999,
			8.368799 1.100000 2.792799,
			8.561998 -1.132000 2.985999,
			8.561998 -1.132000 2.853999,
			8.368799 1.100000 3.047199,
			8.368798 -1.026400 2.792799,
			8.368798 -1.026400 3.047199,
			8.623199 -1.026400 2.792799,
			8.623199 1.100000 3.047199,
			8.623199 -1.026400 3.047199,
			8.368799 3.434400 3.047199,
			8.623199 3.434400 3.047199,
			8.623199 1.100000 2.792799,
			8.368799 3.434400 2.792799,
			8.623199 3.434400 2.792799,
			8.561999 3.540000 2.853999,
			8.561999 3.540000 2.985999,
			8.429999 3.540000 2.853999,
			8.429999 3.540000 2.985999,
			8.368799 0.324000 3.047199,
			8.623199 0.324000 3.047199,
			8.623199 0.324000 2.792799,
			8.368799 0.324000 2.792799,
			8.368799 1.100000 2.914068,
			8.501930 1.100000 3.047199,
			8.623199 1.100000 2.914068,
			8.501930 1.100000 2.792799,
			8.546185 0.324000 3.047199,
			8.623199 0.324000 2.869813,
			8.546185 0.324000 2.792799,
			8.368799 0.324000 2.869813,
			7.413999 -1.132000 2.985999,
			7.413999 -1.132000 2.853999,
			7.352799 1.100000 2.792799,
			7.545999 -1.132000 2.985999,
			7.545999 -1.132000 2.853999,
			7.352799 1.100000 3.047199,
			7.352799 -1.026400 2.792799,
			7.352799 -1.026400 3.047199,
			7.607199 -1.026400 2.792799,
			7.607199 1.100000 3.047199,
			7.607199 -1.026400 3.047199,
			7.352799 3.434400 3.047199,
			7.607199 3.434400 3.047199,
			7.607199 1.100000 2.792799,
			7.352799 3.434400 2.792799,
			7.607199 3.434400 2.792799,
			7.545999 3.540000 2.853999,
			7.545999 3.540000 2.985999,
			7.413999 3.540000 2.853999,
			7.413999 3.540000 2.985999,
			7.352799 0.324000 3.047199,
			7.607199 0.324000 3.047199,
			7.607199 0.324000 2.792799,
			7.352799 0.324000 2.792799,
			7.352799 1.100000 2.914068,
			7.485930 1.100000 3.047199,
			7.607199 1.100000 2.914068,
			7.485930 1.100000 2.792799,
			7.530185 0.324000 3.047199,
			7.607199 0.324000 2.869813,
			7.530185 0.324000 2.792799,
			7.352799 0.324000 2.869813,
			6.397999 -1.132000 2.985999,
			6.397999 -1.132000 2.853999,
			6.336799 1.100000 2.792799,
			6.529999 -1.132000 2.985999,
			6.529999 -1.132000 2.853999,
			6.336799 1.100000 3.047199,
			6.336799 -1.026400 2.792799,
			6.336799 -1.026400 3.047199,
			6.591199 -1.026400 2.792799,
			6.591199 1.100000 3.047199,
			6.591199 -1.026400 3.047199,
			6.336799 3.434400 3.047199,
			6.591199 3.434400 3.047199,
			6.591199 1.100000 2.792799,
			6.336799 3.434400 2.792799,
			6.591199 3.434400 2.792799,
			6.529999 3.540000 2.853999,
			6.529999 3.540000 2.985999,
			6.397999 3.540000 2.853999,
			6.397999 3.540000 2.985999,
			6.336799 0.324000 3.047199,
			6.591199 0.324000 3.047199,
			6.591199 0.324000 2.792799,
			6.336799 0.324000 2.792799,
			6.336799 1.100000 2.914068,
			6.469930 1.100000 3.047199,
			6.591199 1.100000 2.914068,
			6.469930 1.100000 2.792799,
			6.514185 0.324000 3.047199,
			6.591199 0.324000 2.869813,
			6.514185 0.324000 2.792799,
			6.336799 0.324000 2.869813,
		] }
		coordIndex [
			0 1 3 -1,
			3 1 4 -1,
			1 0 6 -1,
			6 0 7 -1,
			4 1 8 -1,
			8 1 6 -1,
			3 4 10 -1,
			10 4 8 -1,
			0 3 7 -1,
			7 3 10 -1,
			5 25 11 -1,
			7 28 20 -1,
			21 28 10 -1,
			12 25 9 -1,
			7 31 6 -1,
			24 5 11 -1,
			31 23 6 -1,
			14 24 11 -1,
			2 14 27 -1,
			30 6 23 -1,
			22 8 30 -1,
			27 15 13 -1,
			10 29 21 -1,
			26 12 9 -1,
			29 8 22 -1,
			15 26 13 -1,
			16 17 15 -1,
			15 17 12 -1,
			18 19 16 -1,
			16 19 17 -1,
			19 18 11 -1,
			11 18 14 -1,
			17 19 12 -1,
			12 19 11 -1,
			18 16 14 -1,
			14 16 15 -1,
			32 33 35 -1,
			35 33 36 -1,
			33 32 38 -1,
			38 32 39 -1,
			36 33 40 -1,
			40 33 38 -1,
			35 36 42 -1,
			42 36 40 -1,
			32 35 39 -1,
			39 35 42 -1,
			37 57 43 -1,
			39 60 52 -1,
			53 60 42 -1,
			44 57 41 -1,
			39 63 38 -1,
			56 37 43 -1,
			63 55 38 -1,
			46 56 43 -1,
			34 46 59 -1,
			62 38 55 -1,
			54 40 62 -1,
			59 47 45 -1,
			42 61 53 -1,
			58 44 41 -1,
			61 40 54 -1,
			47 58 45 -1,
			48 49 47 -1,
			47 49 44 -1,
			50 51 48 -1,
			48 51 49 -1,
			51 50 43 -1,
			43 50 46 -1,
			49 51 44 -1,
			44 51 43 -1,
			50 48 46 -1,
			46 48 47 -1,
			64 65 67 -1,
			67 65 68 -1,
			65 64 70 -1,
			70 64 71 -1,
			68 65 72 -1,
			72 65 70 -1,
			67 68 74 -1,
			74 68 72 -1,
			64 67 71 -1,
			71 67 74 -1,
			69 89 75 -1,
			71 92 84 -1,
			85 92 74 -1,
			76 89 73 -1,
			71 95 70 -1,
			88 69 75 -1,
			95 87 70 -1,
			78 88 75 -1,
			66 78 91 -1,
			94 70 87 -1,
			86 72 94 -1,
			91 79 77 -1,
			74 93 85 -1,
			90 76 73 -1,
			93 72 86 -1,
			79 90 77 -1,
			80 81 79 -1,
			79 81 76 -1,
			82 83 80 -1,
			80 83 81 -1,
			83 82 75 -1,
			75 82 78 -1,
			81 83 76 -1,
			76 83 75 -1,
			82 80 78 -1,
			78 80 79 -1,
			96 97 99 -1,
			99 97 100 -1,
			97 96 102 -1,
			102 96 103 -1,
			100 97 104 -1,
			104 97 102 -1,
			99 100 106 -1,
			106 100 104 -1,
			96 99 103 -1,
			103 99 106 -1,
			101 121 107 -1,
			103 124 116 -1,
			117 124 106 -1,
			108 121 105 -1,
			103 127 102 -1,
			120 101 107 -1,
			127 119 102 -1,
			110 120 107 -1,
			98 110 123 -1,
			126 102 119 -1,
			118 104 126 -1,
			123 111 109 -1,
			106 125 117 -1,
			122 108 105 -1,
			125 104 118 -1,
			111 122 109 -1,
			112 113 111 -1,
			111 113 108 -1,
			114 115 112 -1,
			112 115 113 -1,
			115 114 107 -1,
			107 114 110 -1,
			113 115 108 -1,
			108 115 107 -1,
			114 112 110 -1,
			110 112 111 -1,
			7 10 28 -1,
			12 11 25 -1,
			7 20 31 -1,
			14 2 24 -1,
			30 8 6 -1,
			27 14 15 -1,
			10 8 29 -1,
			15 12 26 -1,
			39 42 60 -1,
			44 43 57 -1,
			39 52 63 -1,
			46 34 56 -1,
			62 40 38 -1,
			59 46 47 -1,
			42 40 61 -1,
			47 44 58 -1,
			71 74 92 -1,
			76 75 89 -1,
			71 84 95 -1,
			78 66 88 -1,
			94 72 70 -1,
			91 78 79 -1,
			74 72 93 -1,
			79 76 90 -1,
			103 106 124 -1,
			108 107 121 -1,
			103 116 127 -1,
			110 98 120 -1,
			126 104 102 -1,
			123 110 111 -1,
			106 104 125 -1,
			111 108 122 -1,
		]
		normal Normal { vector [
			-0.401403 -0.823259 0.401398,
			-0.401392 -0.823266 -0.401396,
			-0.707107 0.000000 -0.707107,
			0.401391 -0.823266 0.401396,
			0.401402 -0.823259 -0.401398,
			-0.707107 0.000000 0.707107,
			-0.675355 -0.296338 -0.675337,
			-0.675339 -0.296339 0.675352,
			0.675340 -0.296337 -0.675352,
			0.707107 -0.000000 0.707107,
			0.675349 -0.296338 0.675343,
			-0.675352 0.296337 0.675340,
			0.675340 0.296337 0.675352,
			0.707107 -0.000000 -0.707107,
			-0.675340 0.296337 -0.675352,
			0.675352 0.296337 -0.675340,
			0.401392 0.823266 -0.401396,
			0.401403 0.823259 0.401398,
			-0.401402 0.823259 -0.401398,
			-0.401391 0.823266 0.401396,
			-0.707107 0.000000 0.707107,
			0.707107 -0.000000 0.707107,
			0.707107 -0.000000 -0.707107,
			-0.707107 0.000000 -0.707107,
			-1.000000 0.000000 -0.000000,
			-0.000000 0.000000 1.000000,
			1.000000 -0.000000 0.000000,
			0.000000 -0.000000 -1.000000,
			-0.000000 0.000000 1.000000,
			1.000000 -0.000000 0.000000,
			0.000000 -0.000000 -1.000000,
			-1.000000 0.000000 -0.000000,
			-0.401403 -0.823259 0.401398,
			-0.401392 -0.823266 -0.401396,
			-0.707107 0.000000 -0.707107,
			0.401391 -0.823266 0.401396,
			0.401402 -0.823259 -0.401398,
			-0.707107 0.000000 0.707107,
			-0.675355 -0.296338 -0.675337,
			-0.675339 -0.296339 0.675352,
			0.675340 -0.296337 -0.675352,
			0.707107 -0.000000 0.707107,
			0.675349 -0.296338 0.675343,
			-0.675352 0.296337 0.675340,
			0.675340 0.296337 0.675352,
			0.707107 -0.000000 -0.707107,
			-0.675340 0.296337 -0.675352,
			0.675352 0.296337 -0.675340,
			0.401392 0.823266 -0.401396,
			0.401403 0.823259 0.401398,
			-0.401402 0.823259 -0.401398,
			-0.401391 0.823266 0.401396,
			-0.707107 0.000000 0.707107,
			0.707107 -0.000000 0.707107,
			0.707107 -0.000000 -0.707107,
			-0.707107 0.000000 -0.707107,
			-1.000000 0.000000 -0.000000,
			-0.000000 0.000000 1.000000,
			1.000000 -0.000000 0.000000,
			0.000000 -0.000000 -1.000000,
			-0.000000 0.000000 1.000000,
			1.000000 -0.000000 0.000000,
			0.000000 -0.000000 -1.000000,
			-1.000000 0.000000 -0.000000,
			-0.401403 -0.823259 0.401398,
			-0.401392 -0.823265 -0.401396,
			-0.707107 0.000000 -0.707107,
			0.401392 -0.823265 0.401396,
			0.401403 -0.823259 -0.401398,
			-0.707107 0.000000 0.707107,
			-0.675355 -0.296338 -0.675337,
			-0.675339 -0.296339 0.675352,
			0.675340 -0.296337 -0.675352,
			0.707107 -0.000000 0.707107,
			0.675349 -0.296338 0.675343,
			-0.675352 0.296337 0.675340,
			0.675340 0.296337 0.675352,
			0.707107 -0.000000 -0.707107,
			-0.675340 0.296337 -0.675352,
			0.675352 0.296336 -0.675340,
			0.401392 0.823265 -0.401396,
			0.401403 0.823259 0.401398,
			-0.401403 0.823259 -0.401398,
			-0.401392 0.823265 0.401396,
			-0.707107 0.000000 0.707107,
			0.707107 -0.000000 0.707107,
			0.707107 -0.000000 -0.707107,
			-0.707107 0.000000 -0.707107,
			-1.000000 0.000000 -0.000000,
			-0.000000 0.000000 1.000000,
			1.000000 -0.000000 0.000000,
			0.000000 -0.000000 -1.000000,
			-0.000000 0.000000 1.000000,
			1.000000 -0.000000 0.000000,
			0.000000 -0.000000 -1.000000,
			-1.000000 0.000000 -0.000000,
			-0.401403 -0.823259 0.401398,
			-0.401392 -0.823265 -0.401396,
			-0.707107 0.000000 -0.707107,
			0.401392 -0.823265 0.401396,
			0.401403 -0.823259 -0.401398,
			-0.707107 0.000000 0.707107,
			-0.675355 -0.296338 -0.675337,
			-0.675339 -0.296339 0.675352,
			0.675340 -0.296337 -0.675352,
			0.707107 -0.000000 0.707107,
			0.675349 -0.296338 0.675343,
			-0.675352 0.296337 0.675340,
			0.675340 0.296337 0.675352,
			0.707107 -0.000000 -0.707107,
			-0.675340 0.296337 -0.675352,
			0.675352 0.296336 -0.675340,
			0.401392 0.823265 -0.401396,
			0.401403 0.823259 0.401398,
			-0.401403 0.823259 -0.401398,
			-0.401392 0.823265 0.401396,
			-0.707107 0.000000 0.707107,
			0.707107 -0.000000 0.707107,
			0.707107 -0.000000 -0.707107,
			-0.707107 0.000000 -0.707107,
			-1.000000 0.000000 -0.000000,
			-0.000000 0.000000 1.000000,
			1.000000 -0.000000 0.000000,
			0.000000 -0.000000 -1.000000,
			-0.000000 0.000000 1.000000,
			1.000000 -0.000000 0.000000,
			0.000000 -0.000000 -1.000000,
			-1.000000 0.000000 -0.000000,
		] }
		normalPerVertex TRUE
		solid TRUE
	}
	appearance Appearance {
		material Material {
			diffuseColor 0.9714 0.9167 0.4554
			transparency 0.0000
			shininess 0.0000
		}
	}
}

Shape # Material: m20-9990345_color_1.010
{
	geometry IndexedFaceSet {
		coord Coordinate { point [
			-6.772000 1.100000 2.411999,
			-6.872000 1.100000 2.511999,
			-6.591200 1.100000 2.792799,
			-6.872000 1.100000 3.327999,
			-6.591200 1.100000 3.047199,
			-6.772000 1.100000 3.427999,
			-6.156001 1.100000 3.427999,
			-6.336801 1.100000 3.047199,
			-6.056000 1.100000 3.327999,
			-6.056000 1.100000 2.511999,
			-6.336801 1.100000 2.792799,
			-6.156001 1.100000 2.411999,
			-6.972001 1.000000 2.611999,
			-6.972001 1.000000 3.227999,
			-6.972001 0.424000 3.227999,
			-6.772000 0.324000 3.427999,
			-6.872001 0.324000 3.327999,
			-6.156001 0.324000 3.427999,
			-6.156001 0.324000 3.227999,
			-6.772000 0.324000 2.411999,
			-6.772000 0.324000 2.611999,
			-6.156001 0.324000 2.411999,
			-6.156001 0.324000 2.611999,
			-6.772000 0.324000 3.227999,
			-6.872001 0.324000 2.511999,
			-6.591200 0.324000 3.047199,
			-6.336801 0.324000 3.047199,
			-6.336801 0.324000 2.792799,
			-6.591200 0.324000 2.792799,
			-6.056001 0.324000 2.511999,
			-6.056001 0.324000 3.327999,
			-6.972001 0.424000 2.611999,
			-5.956000 0.424000 3.227999,
			-5.956000 1.000000 3.227999,
			-5.956000 1.000000 2.611999,
			-5.956000 0.424000 2.611999,
			-6.591200 1.100000 2.914068,
			-6.458069 1.100000 3.047199,
			-6.336801 1.100000 2.914068,
			-6.458069 1.100000 2.792799,
			-6.413814 0.324000 3.047199,
			-6.336801 0.324000 2.869813,
			-6.413814 0.324000 2.792799,
			-6.591200 0.324000 2.869813,
			-7.788001 1.100000 2.411999,
			-7.888000 1.100000 2.511999,
			-7.607201 1.100000 2.792799,
			-7.888000 1.100000 3.327999,
			-7.607201 1.100000 3.047199,
			-7.788001 1.100000 3.427999,
			-7.172000 1.100000 3.427999,
			-7.352800 1.100000 3.047199,
			-7.072001 1.100000 3.327999,
			-7.072001 1.100000 2.511999,
			-7.352800 1.100000 2.792799,
			-7.172000 1.100000 2.411999,
			-7.988000 1.000000 2.611999,
			-7.988000 1.000000 3.227999,
			-7.988000 0.424000 3.227999,
			-7.788001 0.324000 3.427999,
			-7.888000 0.324000 3.327999,
			-7.172000 0.324000 3.427999,
			-7.172000 0.324000 3.227999,
			-7.788001 0.324000 2.411999,
			-7.788001 0.324000 2.611999,
			-7.172000 0.324000 2.411999,
			-7.172000 0.324000 2.611999,
			-7.788001 0.324000 3.227999,
			-7.888000 0.324000 2.511999,
			-7.607201 0.324000 3.047199,
			-7.352800 0.324000 3.047199,
			-7.352800 0.324000 2.792799,
			-7.607201 0.324000 2.792799,
			-7.072001 0.324000 2.511999,
			-7.072001 0.324000 3.327999,
			-7.988000 0.424000 2.611999,
			-6.972001 0.424000 3.227999,
			-6.972001 1.000000 3.227999,
			-6.972001 1.000000 2.611999,
			-6.972001 0.424000 2.611999,
			-7.607201 1.100000 2.914068,
			-7.474070 1.100000 3.047199,
			-7.352800 1.100000 2.914068,
			-7.474070 1.100000 2.792799,
			-7.429814 0.324000 3.047199,
			-7.352800 0.324000 2.869813,
			-7.429814 0.324000 2.792799,
			-7.607201 0.324000 2.869813,
			-8.804000 1.100000 2.411999,
			-8.904000 1.100000 2.511999,
			-8.623200 1.100000 2.792799,
			-8.904000 1.100000 3.327999,
			-8.623200 1.100000 3.047199,
			-8.804001 1.100000 3.427999,
			-8.188001 1.100000 3.427999,
			-8.368800 1.100000 3.047199,
			-8.088000 1.100000 3.327999,
			-8.088000 1.100000 2.511999,
			-8.368800 1.100000 2.792799,
			-8.188001 1.100000 2.411999,
			-9.004001 1.000000 2.611999,
			-9.004001 1.000000 3.227999,
			-9.004001 0.424000 3.227999,
			-8.804001 0.324000 3.427999,
			-8.904000 0.324000 3.327999,
			-8.188001 0.324000 3.427999,
			-8.188001 0.324000 3.227999,
			-8.804001 0.324000 2.411999,
			-8.804001 0.324000 2.611999,
			-8.188001 0.324000 2.411999,
			-8.188001 0.324000 2.611999,
			-8.804001 0.324000 3.227999,
			-8.904000 0.324000 2.511999,
			-8.623200 0.324000 3.047199,
			-8.368800 0.324000 3.047199,
			-8.368800 0.324000 2.792799,
			-8.623200 0.324000 2.792799,
			-8.088000 0.324000 2.511999,
			-8.088000 0.324000 3.327999,
			-9.004001 0.424000 2.611999,
			-7.988000 0.424000 3.227999,
			-7.988000 1.000000 3.227999,
			-7.988000 1.000000 2.611999,
			-7.988000 0.424000 2.611999,
			-8.623200 1.100000 2.914068,
			-8.490069 1.100000 3.047199,
			-8.368800 1.100000 2.914068,
			-8.490069 1.100000 2.792799,
			-8.445814 0.324000 3.047199,
			-8.368800 0.324000 2.869813,
			-8.445814 0.324000 2.792799,
			-8.623200 0.324000 2.869813,
			-9.820001 1.100000 2.411999,
			-9.920000 1.100001 2.511999,
			-9.639200 1.100000 2.792799,
			-9.920001 1.100001 3.327999,
			-9.639200 1.100000 3.047199,
			-9.820001 1.100000 3.427999,
			-9.204000 1.100000 3.427999,
			-9.384800 1.100000 3.047199,
			-9.104000 1.100000 3.327999,
			-9.104000 1.100000 2.511999,
			-9.384800 1.100000 2.792799,
			-9.204000 1.100000 2.411999,
			-10.020000 1.000000 2.611999,
			-10.020000 1.000000 3.227999,
			-10.020000 0.424000 3.227999,
			-9.820001 0.324000 3.427999,
			-9.920001 0.324000 3.327999,
			-9.204000 0.324000 3.427999,
			-9.204000 0.324000 3.227999,
			-9.820001 0.324000 2.411999,
			-9.820001 0.324000 2.611999,
			-9.204000 0.324000 2.411999,
			-9.204000 0.324000 2.611999,
			-9.820001 0.324000 3.227999,
			-9.920001 0.324000 2.511999,
			-9.639200 0.324000 3.047199,
			-9.384801 0.324000 3.047199,
			-9.384801 0.324000 2.792799,
			-9.639200 0.324000 2.792799,
			-9.104000 0.324000 2.511999,
			-9.104000 0.324000 3.327999,
			-10.020000 0.424000 2.611999,
			-9.004001 0.424000 3.227999,
			-9.004001 1.000000 3.227999,
			-9.004001 1.000000 2.611999,
			-9.004001 0.424000 2.611999,
			-9.639200 1.100000 2.914068,
			-9.506069 1.100000 3.047199,
			-9.384800 1.100000 2.914068,
			-9.506069 1.100000 2.792799,
			-9.461814 0.324000 3.047199,
			-9.384801 0.324000 2.869813,
			-9.461814 0.324000 2.792799,
			-9.639200 0.324000 2.869813,
		] }
		coordIndex [
			0 1 2 -1,
			2 1 3 -1,
			3 36 2 -1,
			4 3 5 -1,
			4 5 6 -1,
			6 37 4 -1,
			8 7 6 -1,
			9 7 8 -1,
			9 38 7 -1,
			11 10 9 -1,
			11 39 10 -1,
			11 0 2 -1,
			12 13 1 -1,
			1 13 3 -1,
			3 13 5 -1,
			5 13 14 -1,
			5 14 15 -1,
			15 14 16 -1,
			17 6 15 -1,
			15 6 5 -1,
			21 19 11 -1,
			11 19 0 -1,
			15 16 23 -1,
			23 16 24 -1,
			23 24 20 -1,
			20 24 19 -1,
			18 40 26 -1,
			41 18 26 -1,
			22 18 27 -1,
			42 22 27 -1,
			22 28 20 -1,
			43 20 28 -1,
			25 23 20 -1,
			25 18 23 -1,
			21 29 22 -1,
			22 29 30 -1,
			22 30 18 -1,
			18 30 17 -1,
			14 31 16 -1,
			16 31 24 -1,
			31 13 12 -1,
			24 31 19 -1,
			19 31 12 -1,
			19 12 0 -1,
			0 12 1 -1,
			30 32 17 -1,
			17 32 33 -1,
			17 33 6 -1,
			6 33 8 -1,
			9 8 34 -1,
			34 8 33 -1,
			29 21 35 -1,
			35 21 11 -1,
			35 11 34 -1,
			34 11 9 -1,
			35 32 29 -1,
			29 32 30 -1,
			32 35 33 -1,
			33 35 34 -1,
			19 22 20 -1,
			17 23 18 -1,
			44 45 46 -1,
			46 45 47 -1,
			47 80 46 -1,
			48 47 49 -1,
			48 49 50 -1,
			50 81 48 -1,
			52 51 50 -1,
			53 51 52 -1,
			53 82 51 -1,
			55 54 53 -1,
			55 83 54 -1,
			55 44 46 -1,
			56 57 45 -1,
			45 57 47 -1,
			47 57 49 -1,
			49 57 58 -1,
			49 58 59 -1,
			59 58 60 -1,
			61 50 59 -1,
			59 50 49 -1,
			65 63 55 -1,
			55 63 44 -1,
			59 60 67 -1,
			67 60 68 -1,
			67 68 64 -1,
			64 68 63 -1,
			62 84 70 -1,
			85 62 70 -1,
			66 62 71 -1,
			86 66 71 -1,
			66 72 64 -1,
			87 64 72 -1,
			69 67 64 -1,
			69 62 67 -1,
			65 73 66 -1,
			66 73 74 -1,
			66 74 62 -1,
			62 74 61 -1,
			58 75 60 -1,
			60 75 68 -1,
			75 57 56 -1,
			68 75 63 -1,
			63 75 56 -1,
			63 56 44 -1,
			44 56 45 -1,
			74 76 61 -1,
			61 76 77 -1,
			61 77 50 -1,
			50 77 52 -1,
			53 52 78 -1,
			78 52 77 -1,
			73 65 79 -1,
			79 65 55 -1,
			79 55 78 -1,
			78 55 53 -1,
			79 76 73 -1,
			73 76 74 -1,
			76 79 77 -1,
			77 79 78 -1,
			63 66 64 -1,
			61 67 62 -1,
			88 89 90 -1,
			90 89 91 -1,
			91 124 90 -1,
			92 91 93 -1,
			92 93 94 -1,
			94 125 92 -1,
			96 95 94 -1,
			97 95 96 -1,
			97 126 95 -1,
			99 98 97 -1,
			99 127 98 -1,
			99 88 90 -1,
			100 101 89 -1,
			89 101 91 -1,
			91 101 93 -1,
			93 101 102 -1,
			93 102 103 -1,
			103 102 104 -1,
			105 94 103 -1,
			103 94 93 -1,
			109 107 99 -1,
			99 107 88 -1,
			103 104 111 -1,
			111 104 112 -1,
			111 112 108 -1,
			108 112 107 -1,
			106 128 114 -1,
			129 106 114 -1,
			110 106 115 -1,
			130 110 115 -1,
			110 116 108 -1,
			131 108 116 -1,
			113 111 108 -1,
			113 106 111 -1,
			109 117 110 -1,
			110 117 118 -1,
			110 118 106 -1,
			106 118 105 -1,
			102 119 104 -1,
			104 119 112 -1,
			119 101 100 -1,
			112 119 107 -1,
			107 119 100 -1,
			107 100 88 -1,
			88 100 89 -1,
			118 120 105 -1,
			105 120 121 -1,
			105 121 94 -1,
			94 121 96 -1,
			97 96 122 -1,
			122 96 121 -1,
			117 109 123 -1,
			123 109 99 -1,
			123 99 122 -1,
			122 99 97 -1,
			123 120 117 -1,
			117 120 118 -1,
			120 123 121 -1,
			121 123 122 -1,
			107 110 108 -1,
			105 111 106 -1,
			132 133 134 -1,
			134 133 135 -1,
			135 168 134 -1,
			136 135 137 -1,
			136 137 138 -1,
			138 169 136 -1,
			140 139 138 -1,
			141 139 140 -1,
			141 170 139 -1,
			143 142 141 -1,
			143 171 142 -1,
			143 132 134 -1,
			144 145 133 -1,
			133 145 135 -1,
			135 145 137 -1,
			137 145 146 -1,
			137 146 147 -1,
			147 146 148 -1,
			149 138 147 -1,
			147 138 137 -1,
			153 151 143 -1,
			143 151 132 -1,
			147 148 155 -1,
			155 148 156 -1,
			155 156 152 -1,
			152 156 151 -1,
			150 172 158 -1,
			173 150 158 -1,
			154 150 159 -1,
			174 154 159 -1,
			154 160 152 -1,
			175 152 160 -1,
			157 155 152 -1,
			157 150 155 -1,
			153 161 154 -1,
			154 161 162 -1,
			154 162 150 -1,
			150 162 149 -1,
			146 163 148 -1,
			148 163 156 -1,
			163 145 144 -1,
			156 163 151 -1,
			151 163 144 -1,
			151 144 132 -1,
			132 144 133 -1,
			162 164 149 -1,
			149 164 165 -1,
			149 165 138 -1,
			138 165 140 -1,
			141 140 166 -1,
			166 140 165 -1,
			161 153 167 -1,
			167 153 143 -1,
			167 143 166 -1,
			166 143 141 -1,
			167 164 161 -1,
			161 164 162 -1,
			164 167 165 -1,
			165 167 166 -1,
			151 154 152 -1,
			149 155 150 -1,
			3 4 36 -1,
			6 7 37 -1,
			9 10 38 -1,
			11 2 39 -1,
			18 25 40 -1,
			41 27 18 -1,
			42 28 22 -1,
			43 25 20 -1,
			31 14 13 -1,
			19 21 22 -1,
			17 15 23 -1,
			47 48 80 -1,
			50 51 81 -1,
			53 54 82 -1,
			55 46 83 -1,
			62 69 84 -1,
			85 71 62 -1,
			86 72 66 -1,
			87 69 64 -1,
			75 58 57 -1,
			63 65 66 -1,
			61 59 67 -1,
			91 92 124 -1,
			94 95 125 -1,
			97 98 126 -1,
			99 90 127 -1,
			106 113 128 -1,
			129 115 106 -1,
			130 116 110 -1,
			131 113 108 -1,
			119 102 101 -1,
			107 109 110 -1,
			105 103 111 -1,
			135 136 168 -1,
			138 139 169 -1,
			141 142 170 -1,
			143 134 171 -1,
			150 157 172 -1,
			173 159 150 -1,
			174 160 154 -1,
			175 157 152 -1,
			163 146 145 -1,
			151 153 154 -1,
			149 147 155 -1,
		]
		normal Normal { vector [
			-0.297102 0.630259 -0.717289,
			-0.573236 0.705972 -0.415937,
			0.000000 1.000000 0.000000,
			-0.573248 0.705958 0.415944,
			0.000000 1.000000 0.000000,
			-0.297109 0.630253 0.717292,
			0.297098 0.630251 0.717298,
			0.000000 1.000000 0.000000,
			0.573236 0.705972 0.415937,
			0.573249 0.705958 -0.415945,
			0.000000 1.000000 0.000000,
			0.297105 0.630245 -0.717300,
			-0.905411 0.300195 -0.300191,
			-0.905413 0.300190 0.300189,
			-0.905411 -0.300194 0.300191,
			-0.297092 -0.630272 0.717282,
			-0.573236 -0.705972 0.415937,
			0.297106 -0.630260 0.717286,
			-0.000000 -1.000000 -0.000000,
			-0.297103 -0.630252 -0.717295,
			-0.000000 -1.000000 -0.000000,
			0.297095 -0.630280 -0.717274,
			-0.000000 -1.000000 -0.000000,
			-0.000000 -1.000000 -0.000000,
			-0.573241 -0.705967 -0.415939,
			-0.000000 -1.000000 -0.000000,
			-0.000000 -1.000000 -0.000000,
			-0.000000 -1.000000 -0.000000,
			-0.000000 -1.000000 -0.000000,
			0.573236 -0.705972 -0.415937,
			0.573241 -0.705967 0.415939,
			-0.905413 -0.300189 -0.300189,
			0.905410 -0.300194 0.300194,
			0.905414 0.300190 0.300187,
			0.905410 0.300194 -0.300194,
			0.905414 -0.300190 -0.300187,
			0.000000 1.000000 0.000000,
			0.000000 1.000000 0.000000,
			0.000000 1.000000 0.000000,
			0.000000 1.000000 0.000000,
			-0.000000 -1.000000 -0.000000,
			-0.000000 -1.000000 -0.000000,
			-0.000000 -1.000000 -0.000000,
			-0.000000 -1.000000 -0.000000,
			-0.297102 0.630259 -0.717289,
			-0.573236 0.705972 -0.415937,
			0.000000 1.000000 0.000000,
			-0.573248 0.705958 0.415944,
			0.000000 1.000000 0.000000,
			-0.297109 0.630253 0.717292,
			0.297098 0.630251 0.717298,
			0.000000 1.000000 0.000000,
			0.573236 0.705972 0.415937,
			0.573249 0.705958 -0.415945,
			0.000000 1.000000 0.000000,
			0.297105 0.630245 -0.717300,
			-0.905411 0.300195 -0.300191,
			-0.905413 0.300190 0.300189,
			-0.905411 -0.300194 0.300191,
			-0.297092 -0.630272 0.717282,
			-0.573236 -0.705972 0.415937,
			0.297106 -0.630260 0.717286,
			-0.000000 -1.000000 -0.000000,
			-0.297103 -0.630252 -0.717295,
			-0.000000 -1.000000 -0.000000,
			0.297095 -0.630280 -0.717274,
			-0.000000 -1.000000 -0.000000,
			-0.000000 -1.000000 -0.000000,
			-0.573241 -0.705967 -0.415939,
			-0.000000 -1.000000 -0.000000,
			-0.000000 -1.000000 -0.000000,
			-0.000000 -1.000000 -0.000000,
			-0.000000 -1.000000 -0.000000,
			0.573236 -0.705972 -0.415937,
			0.573241 -0.705967 0.415939,
			-0.905413 -0.300189 -0.300189,
			0.905410 -0.300194 0.300194,
			0.905414 0.300190 0.300187,
			0.905410 0.300194 -0.300194,
			0.905414 -0.300190 -0.300187,
			0.000000 1.000000 0.000000,
			0.000000 1.000000 0.000000,
			0.000000 1.000000 0.000000,
			0.000000 1.000000 0.000000,
			-0.000000 -1.000000 -0.000000,
			-0.000000 -1.000000 -0.000000,
			-0.000000 -1.000000 -0.000000,
			-0.000000 -1.000000 -0.000000,
			-0.297102 0.630259 -0.717289,
			-0.573236 0.705972 -0.415937,
			0.000000 1.000000 0.000000,
			-0.573248 0.705958 0.415944,
			0.000000 1.000000 0.000000,
			-0.297109 0.630253 0.717292,
			0.297098 0.630251 0.717298,
			0.000000 1.000000 0.000000,
			0.573236 0.705972 0.415937,
			0.573249 0.705958 -0.415945,
			0.000000 1.000000 0.000000,
			0.297105 0.630245 -0.717300,
			-0.905411 0.300195 -0.300191,
			-0.905413 0.300190 0.300189,
			-0.905411 -0.300194 0.300191,
			-0.297092 -0.630272 0.717282,
			-0.573236 -0.705972 0.415937,
			0.297106 -0.630260 0.717286,
			-0.000000 -1.000000 -0.000000,
			-0.297103 -0.630252 -0.717295,
			-0.000000 -1.000000 -0.000000,
			0.297095 -0.630280 -0.717274,
			-0.000000 -1.000000 -0.000000,
			-0.000000 -1.000000 -0.000000,
			-0.573241 -0.705967 -0.415939,
			-0.000000 -1.000000 -0.000000,
			-0.000000 -1.000000 -0.000000,
			-0.000000 -1.000000 -0.000000,
			-0.000000 -1.000000 -0.000000,
			0.573236 -0.705972 -0.415937,
			0.573241 -0.705967 0.415939,
			-0.905413 -0.300189 -0.300189,
			0.905410 -0.300194 0.300194,
			0.905414 0.300190 0.300187,
			0.905410 0.300194 -0.300194,
			0.905414 -0.300190 -0.300187,
			0.000000 1.000000 0.000000,
			0.000000 1.000000 0.000000,
			0.000000 1.000000 0.000000,
			0.000000 1.000000 0.000000,
			-0.000000 -1.000000 -0.000000,
			-0.000000 -1.000000 -0.000000,
			-0.000000 -1.000000 -0.000000,
			-0.000000 -1.000000 -0.000000,
			-0.297102 0.630259 -0.717289,
			-0.573236 0.705972 -0.415937,
			0.000000 1.000000 0.000000,
			-0.573248 0.705958 0.415944,
			0.000000 1.000000 0.000000,
			-0.297109 0.630253 0.717292,
			0.297098 0.630251 0.717298,
			0.000000 1.000000 0.000000,
			0.573236 0.705972 0.415937,
			0.573249 0.705958 -0.415945,
			0.000000 1.000000 0.000000,
			0.297105 0.630245 -0.717300,
			-0.905411 0.300195 -0.300191,
			-0.905413 0.300190 0.300189,
			-0.905411 -0.300194 0.300191,
			-0.297092 -0.630272 0.717282,
			-0.573236 -0.705972 0.415937,
			0.297106 -0.630260 0.717286,
			-0.000000 -1.000000 -0.000000,
			-0.297103 -0.630252 -0.717295,
			-0.000000 -1.000000 -0.000000,
			0.297095 -0.630280 -0.717274,
			-0.000000 -1.000000 -0.000000,
			-0.000000 -1.000000 -0.000000,
			-0.573241 -0.705967 -0.415939,
			-0.000000 -1.000000 -0.000000,
			-0.000000 -1.000000 -0.000000,
			-0.000000 -1.000000 -0.000000,
			-0.000000 -1.000000 -0.000000,
			0.573236 -0.705972 -0.415937,
			0.573241 -0.705967 0.415939,
			-0.905413 -0.300189 -0.300189,
			0.905410 -0.300194 0.300194,
			0.905414 0.300190 0.300187,
			0.905410 0.300194 -0.300194,
			0.905414 -0.300190 -0.300187,
			0.000000 1.000000 0.000000,
			0.000000 1.000000 0.000000,
			0.000000 1.000000 0.000000,
			0.000000 1.000000 0.000000,
			-0.000000 -1.000000 -0.000000,
			-0.000000 -1.000000 -0.000000,
			-0.000000 -1.000000 -0.000000,
			-0.000000 -1.000000 -0.000000,
		] }
		normalPerVertex TRUE
		solid TRUE
	}
	appearance Appearance {
		material Material {
			diffuseColor 0.2980 0.2980 0.2980
			transparency 0.0000
			shininess 0.0000
		}
	}
}

Shape # Material: Gold.009
{
	geometry IndexedFaceSet {
		coord Coordinate { point [
			-6.530001 -1.132000 2.985999,
			-6.530001 -1.132000 2.853999,
			-6.591200 1.100000 2.792799,
			-6.398001 -1.132000 2.985999,
			-6.398001 -1.132000 2.853999,
			-6.591200 1.100000 3.047199,
			-6.591201 -1.026400 2.792799,
			-6.591201 -1.026400 3.047199,
			-6.336801 -1.026400 2.792799,
			-6.336801 1.100000 3.047199,
			-6.336801 -1.026400 3.047199,
			-6.591200 3.434400 3.047199,
			-6.336800 3.434400 3.047199,
			-6.336801 1.100000 2.792799,
			-6.591200 3.434400 2.792799,
			-6.336800 3.434400 2.792799,
			-6.398000 3.540000 2.853999,
			-6.398000 3.540000 2.985999,
			-6.530000 3.540000 2.853999,
			-6.530000 3.540000 2.985999,
			-6.591200 0.324000 3.047199,
			-6.336801 0.324000 3.047199,
			-6.336801 0.324000 2.792799,
			-6.591200 0.324000 2.792799,
			-6.591200 1.100000 2.914068,
			-6.458069 1.100000 3.047199,
			-6.336801 1.100000 2.914068,
			-6.458069 1.100000 2.792799,
			-6.413814 0.324000 3.047199,
			-6.336801 0.324000 2.869813,
			-6.413814 0.324000 2.792799,
			-6.591200 0.324000 2.869813,
			-7.546000 -1.132000 2.985999,
			-7.546000 -1.132000 2.853999,
			-7.607201 1.100000 2.792799,
			-7.414001 -1.132000 2.985999,
			-7.414001 -1.132000 2.853999,
			-7.607201 1.100000 3.047199,
			-7.607201 -1.026400 2.792799,
			-7.607201 -1.026400 3.047199,
			-7.352800 -1.026400 2.792799,
			-7.352800 1.100000 3.047199,
			-7.352800 -1.026400 3.047199,
			-7.607200 3.434400 3.047199,
			-7.352800 3.434400 3.047199,
			-7.352800 1.100000 2.792799,
			-7.607200 3.434400 2.792799,
			-7.352800 3.434400 2.792799,
			-7.414000 3.540000 2.853999,
			-7.414000 3.540000 2.985999,
			-7.546000 3.540000 2.853999,
			-7.546000 3.540000 2.985999,
			-7.607201 0.324000 3.047199,
			-7.352800 0.324000 3.047199,
			-7.352800 0.324000 2.792799,
			-7.607201 0.324000 2.792799,
			-7.607201 1.100000 2.914068,
			-7.474070 1.100000 3.047199,
			-7.352800 1.100000 2.914068,
			-7.474070 1.100000 2.792799,
			-7.429814 0.324000 3.047199,
			-7.352800 0.324000 2.869813,
			-7.429814 0.324000 2.792799,
			-7.607201 0.324000 2.869813,
			-8.562000 -1.132000 2.985999,
			-8.562000 -1.132000 2.853999,
			-8.623200 1.100000 2.792799,
			-8.430000 -1.132000 2.985999,
			-8.430000 -1.132000 2.853999,
			-8.623200 1.100000 3.047199,
			-8.623200 -1.026400 2.792799,
			-8.623200 -1.026400 3.047199,
			-8.368801 -1.026400 2.792799,
			-8.368800 1.100000 3.047199,
			-8.368801 -1.026400 3.047199,
			-8.623200 3.434400 3.047199,
			-8.368800 3.434400 3.047199,
			-8.368800 1.100000 2.792799,
			-8.623200 3.434400 2.792799,
			-8.368800 3.434400 2.792799,
			-8.430000 3.540000 2.853999,
			-8.430000 3.540000 2.985999,
			-8.562000 3.540000 2.853999,
			-8.562000 3.540000 2.985999,
			-8.623200 0.324000 3.047199,
			-8.368800 0.324000 3.047199,
			-8.368800 0.324000 2.792799,
			-8.623200 0.324000 2.792799,
			-8.623200 1.100000 2.914068,
			-8.490069 1.100000 3.047199,
			-8.368800 1.100000 2.914068,
			-8.490069 1.100000 2.792799,
			-8.445814 0.324000 3.047199,
			-8.368800 0.324000 2.869813,
			-8.445814 0.324000 2.792799,
			-8.623200 0.324000 2.869813,
			-9.578000 -1.132000 2.985999,
			-9.578000 -1.132000 2.853999,
			-9.639200 1.100000 2.792799,
			-9.446000 -1.132000 2.985999,
			-9.446000 -1.132000 2.853999,
			-9.639200 1.100000 3.047199,
			-9.639200 -1.026400 2.792799,
			-9.639200 -1.026400 3.047199,
			-9.384801 -1.026400 2.792799,
			-9.384800 1.100000 3.047199,
			-9.384801 -1.026400 3.047199,
			-9.639200 3.434400 3.047199,
			-9.384800 3.434400 3.047199,
			-9.384800 1.100000 2.792799,
			-9.639200 3.434400 2.792799,
			-9.384800 3.434400 2.792799,
			-9.446000 3.540000 2.853999,
			-9.446000 3.540000 2.985999,
			-9.578000 3.540000 2.853999,
			-9.578000 3.540000 2.985999,
			-9.639200 0.324000 3.047199,
			-9.384801 0.324000 3.047199,
			-9.384801 0.324000 2.792799,
			-9.639200 0.324000 2.792799,
			-9.639200 1.100000 2.914068,
			-9.506069 1.100000 3.047199,
			-9.384800 1.100000 2.914068,
			-9.506069 1.100000 2.792799,
			-9.461814 0.324000 3.047199,
			-9.384801 0.324000 2.869813,
			-9.461814 0.324000 2.792799,
			-9.639200 0.324000 2.869813,
		] }
		coordIndex [
			0 1 3 -1,
			3 1 4 -1,
			1 0 6 -1,
			6 0 7 -1,
			4 1 8 -1,
			8 1 6 -1,
			3 4 10 -1,
			10 4 8 -1,
			0 3 7 -1,
			7 3 10 -1,
			5 25 11 -1,
			7 28 20 -1,
			21 28 10 -1,
			12 25 9 -1,
			7 31 6 -1,
			24 5 11 -1,
			31 23 6 -1,
			14 24 11 -1,
			2 14 27 -1,
			30 6 23 -1,
			22 8 30 -1,
			27 15 13 -1,
			10 29 21 -1,
			26 12 9 -1,
			29 8 22 -1,
			15 26 13 -1,
			16 17 15 -1,
			15 17 12 -1,
			18 19 16 -1,
			16 19 17 -1,
			19 18 11 -1,
			11 18 14 -1,
			17 19 12 -1,
			12 19 11 -1,
			18 16 14 -1,
			14 16 15 -1,
			32 33 35 -1,
			35 33 36 -1,
			33 32 38 -1,
			38 32 39 -1,
			36 33 40 -1,
			40 33 38 -1,
			35 36 42 -1,
			42 36 40 -1,
			32 35 39 -1,
			39 35 42 -1,
			37 57 43 -1,
			39 60 52 -1,
			53 60 42 -1,
			44 57 41 -1,
			39 63 38 -1,
			56 37 43 -1,
			63 55 38 -1,
			46 56 43 -1,
			34 46 59 -1,
			62 38 55 -1,
			54 40 62 -1,
			59 47 45 -1,
			42 61 53 -1,
			58 44 41 -1,
			61 40 54 -1,
			47 58 45 -1,
			48 49 47 -1,
			47 49 44 -1,
			50 51 48 -1,
			48 51 49 -1,
			51 50 43 -1,
			43 50 46 -1,
			49 51 44 -1,
			44 51 43 -1,
			50 48 46 -1,
			46 48 47 -1,
			64 65 67 -1,
			67 65 68 -1,
			65 64 70 -1,
			70 64 71 -1,
			68 65 72 -1,
			72 65 70 -1,
			67 68 74 -1,
			74 68 72 -1,
			64 67 71 -1,
			71 67 74 -1,
			69 89 75 -1,
			71 92 84 -1,
			85 92 74 -1,
			76 89 73 -1,
			71 95 70 -1,
			88 69 75 -1,
			95 87 70 -1,
			78 88 75 -1,
			66 78 91 -1,
			94 70 87 -1,
			86 72 94 -1,
			91 79 77 -1,
			74 93 85 -1,
			90 76 73 -1,
			93 72 86 -1,
			79 90 77 -1,
			80 81 79 -1,
			79 81 76 -1,
			82 83 80 -1,
			80 83 81 -1,
			83 82 75 -1,
			75 82 78 -1,
			81 83 76 -1,
			76 83 75 -1,
			82 80 78 -1,
			78 80 79 -1,
			96 97 99 -1,
			99 97 100 -1,
			97 96 102 -1,
			102 96 103 -1,
			100 97 104 -1,
			104 97 102 -1,
			99 100 106 -1,
			106 100 104 -1,
			96 99 103 -1,
			103 99 106 -1,
			101 121 107 -1,
			103 124 116 -1,
			117 124 106 -1,
			108 121 105 -1,
			103 127 102 -1,
			120 101 107 -1,
			127 119 102 -1,
			110 120 107 -1,
			98 110 123 -1,
			126 102 119 -1,
			118 104 126 -1,
			123 111 109 -1,
			106 125 117 -1,
			122 108 105 -1,
			125 104 118 -1,
			111 122 109 -1,
			112 113 111 -1,
			111 113 108 -1,
			114 115 112 -1,
			112 115 113 -1,
			115 114 107 -1,
			107 114 110 -1,
			113 115 108 -1,
			108 115 107 -1,
			114 112 110 -1,
			110 112 111 -1,
			7 10 28 -1,
			12 11 25 -1,
			7 20 31 -1,
			14 2 24 -1,
			30 8 6 -1,
			27 14 15 -1,
			10 8 29 -1,
			15 12 26 -1,
			39 42 60 -1,
			44 43 57 -1,
			39 52 63 -1,
			46 34 56 -1,
			62 40 38 -1,
			59 46 47 -1,
			42 40 61 -1,
			47 44 58 -1,
			71 74 92 -1,
			76 75 89 -1,
			71 84 95 -1,
			78 66 88 -1,
			94 72 70 -1,
			91 78 79 -1,
			74 72 93 -1,
			79 76 90 -1,
			103 106 124 -1,
			108 107 121 -1,
			103 116 127 -1,
			110 98 120 -1,
			126 104 102 -1,
			123 110 111 -1,
			106 104 125 -1,
			111 108 122 -1,
		]
		normal Normal { vector [
			-0.401403 -0.823259 0.401398,
			-0.401392 -0.823266 -0.401396,
			-0.707107 0.000000 -0.707107,
			0.401391 -0.823266 0.401396,
			0.401402 -0.823259 -0.401398,
			-0.707107 0.000000 0.707107,
			-0.675355 -0.296338 -0.675337,
			-0.675339 -0.296339 0.675352,
			0.675340 -0.296337 -0.675352,
			0.707107 -0.000000 0.707107,
			0.675349 -0.296338 0.675343,
			-0.675352 0.296337 0.675340,
			0.675340 0.296337 0.675352,
			0.707107 -0.000000 -0.707107,
			-0.675340 0.296337 -0.675352,
			0.675352 0.296337 -0.675340,
			0.401392 0.823266 -0.401396,
			0.401403 0.823259 0.401398,
			-0.401402 0.823259 -0.401398,
			-0.401391 0.823266 0.401396,
			-0.707107 0.000000 0.707107,
			0.707107 -0.000000 0.707107,
			0.707107 -0.000000 -0.707107,
			-0.707107 0.000000 -0.707107,
			-1.000000 0.000000 -0.000000,
			-0.000000 0.000000 1.000000,
			1.000000 -0.000000 0.000000,
			0.000000 -0.000000 -1.000000,
			-0.000000 0.000000 1.000000,
			1.000000 -0.000000 0.000000,
			0.000000 -0.000000 -1.000000,
			-1.000000 0.000000 -0.000000,
			-0.401403 -0.823259 0.401398,
			-0.401392 -0.823266 -0.401396,
			-0.707107 0.000000 -0.707107,
			0.401391 -0.823266 0.401396,
			0.401402 -0.823259 -0.401398,
			-0.707107 0.000000 0.707107,
			-0.675355 -0.296338 -0.675337,
			-0.675339 -0.296339 0.675352,
			0.675340 -0.296337 -0.675352,
			0.707107 -0.000000 0.707107,
			0.675349 -0.296338 0.675343,
			-0.675352 0.296337 0.675340,
			0.675340 0.296337 0.675352,
			0.707107 -0.000000 -0.707107,
			-0.675340 0.296337 -0.675352,
			0.675352 0.296337 -0.675340,
			0.401392 0.823266 -0.401396,
			0.401403 0.823259 0.401398,
			-0.401402 0.823259 -0.401398,
			-0.401391 0.823266 0.401396,
			-0.707107 0.000000 0.707107,
			0.707107 -0.000000 0.707107,
			0.707107 -0.000000 -0.707107,
			-0.707107 0.000000 -0.707107,
			-1.000000 0.000000 -0.000000,
			-0.000000 0.000000 1.000000,
			1.000000 -0.000000 0.000000,
			0.000000 -0.000000 -1.000000,
			-0.000000 0.000000 1.000000,
			1.000000 -0.000000 0.000000,
			0.000000 -0.000000 -1.000000,
			-1.000000 0.000000 -0.000000,
			-0.401403 -0.823259 0.401398,
			-0.401392 -0.823265 -0.401396,
			-0.707107 0.000000 -0.707107,
			0.401392 -0.823265 0.401396,
			0.401403 -0.823259 -0.401398,
			-0.707107 0.000000 0.707107,
			-0.675355 -0.296338 -0.675337,
			-0.675339 -0.296339 0.675352,
			0.675340 -0.296337 -0.675352,
			0.707107 -0.000000 0.707107,
			0.675349 -0.296338 0.675343,
			-0.675352 0.296337 0.675340,
			0.675340 0.296337 0.675352,
			0.707107 -0.000000 -0.707107,
			-0.675340 0.296337 -0.675352,
			0.675352 0.296336 -0.675340,
			0.401392 0.823265 -0.401396,
			0.401403 0.823259 0.401398,
			-0.401403 0.823259 -0.401398,
			-0.401392 0.823265 0.401396,
			-0.707107 0.000000 0.707107,
			0.707107 -0.000000 0.707107,
			0.707107 -0.000000 -0.707107,
			-0.707107 0.000000 -0.707107,
			-1.000000 0.000000 -0.000000,
			-0.000000 0.000000 1.000000,
			1.000000 -0.000000 0.000000,
			0.000000 -0.000000 -1.000000,
			-0.000000 0.000000 1.000000,
			1.000000 -0.000000 0.000000,
			0.000000 -0.000000 -1.000000,
			-1.000000 0.000000 -0.000000,
			-0.401403 -0.823259 0.401398,
			-0.401392 -0.823265 -0.401396,
			-0.707107 0.000000 -0.707107,
			0.401392 -0.823265 0.401396,
			0.401403 -0.823259 -0.401398,
			-0.707107 0.000000 0.707107,
			-0.675355 -0.296338 -0.675337,
			-0.675339 -0.296339 0.675352,
			0.675340 -0.296337 -0.675352,
			0.707107 -0.000000 0.707107,
			0.675349 -0.296338 0.675343,
			-0.675352 0.296337 0.675340,
			0.675340 0.296337 0.675352,
			0.707107 -0.000000 -0.707107,
			-0.675340 0.296337 -0.675352,
			0.675352 0.296336 -0.675340,
			0.401392 0.823265 -0.401396,
			0.401403 0.823259 0.401398,
			-0.401403 0.823259 -0.401398,
			-0.401392 0.823265 0.401396,
			-0.707107 0.000000 0.707107,
			0.707107 -0.000000 0.707107,
			0.707107 -0.000000 -0.707107,
			-0.707107 0.000000 -0.707107,
			-1.000000 0.000000 -0.000000,
			-0.000000 0.000000 1.000000,
			1.000000 -0.000000 0.000000,
			0.000000 -0.000000 -1.000000,
			-0.000000 0.000000 1.000000,
			1.000000 -0.000000 0.000000,
			0.000000 -0.000000 -1.000000,
			-1.000000 0.000000 -0.000000,
		] }
		normalPerVertex TRUE
		solid TRUE
	}
	appearance Appearance {
		material Material {
			diffuseColor 0.9714 0.9167 0.4554
			transparency 0.0000
			shininess 0.0000
		}
	}
}

Shape # Material: m20-9990345_color_1.011
{
	geometry IndexedFaceSet {
		coord Coordinate { point [
			-9.420002 -1.100000 1.403999,
			-9.520001 -1.100000 1.303999,
			-9.239202 -1.100000 1.023199,
			-9.520001 -1.100000 0.487999,
			-9.239202 -1.100000 0.768799,
			-9.420002 -1.100000 0.387999,
			-8.804002 -1.100000 0.387999,
			-8.984801 -1.100000 0.768799,
			-8.704001 -1.100000 0.487999,
			-8.704001 -1.100000 1.303999,
			-8.984801 -1.100000 1.023199,
			-8.804002 -1.100000 1.403999,
			-9.620002 -1.000000 1.203999,
			-9.620002 -1.000000 0.587999,
			-9.620002 -0.424000 0.587999,
			-9.420002 -0.324000 0.387999,
			-9.520001 -0.324000 0.487999,
			-8.804002 -0.324000 0.387999,
			-8.804002 -0.324000 0.587999,
			-9.420002 -0.324000 1.403999,
			-9.420002 -0.324000 1.203999,
			-8.804002 -0.324000 1.403999,
			-8.804002 -0.324000 1.203999,
			-9.420002 -0.324000 0.587999,
			-9.520001 -0.324000 1.303999,
			-9.239202 -0.324000 0.768799,
			-8.984801 -0.324000 0.768799,
			-8.984801 -0.324000 1.023199,
			-9.239202 -0.324000 1.023199,
			-8.704001 -0.324000 1.303999,
			-8.704001 -0.324000 0.487999,
			-9.620002 -0.424000 1.203999,
			-8.604002 -0.424000 0.587999,
			-8.604002 -1.000000 0.587999,
			-8.604002 -1.000000 1.203999,
			-8.604002 -0.424000 1.203999,
			-9.239202 -1.100000 0.901931,
			-9.106071 -1.100000 0.768799,
			-8.984801 -1.100000 0.901931,
			-9.106071 -1.100000 1.023199,
			-9.061815 -0.324000 0.768799,
			-8.984801 -0.324000 0.946186,
			-9.061815 -0.324000 1.023199,
			-9.239202 -0.324000 0.946186,
			-8.404001 -1.100000 1.403999,
			-8.504002 -1.100000 1.303999,
			-8.223202 -1.100000 1.023199,
			-8.504002 -1.100000 0.487999,
			-8.223202 -1.100000 0.768799,
			-8.404001 -1.100000 0.387999,
			-7.788002 -1.100000 0.387999,
			-7.968801 -1.100000 0.768799,
			-7.688002 -1.100000 0.487999,
			-7.688002 -1.100000 1.303999,
			-7.968801 -1.100000 1.023199,
			-7.788002 -1.100000 1.403999,
			-8.604002 -1.000000 1.203999,
			-8.604002 -1.000000 0.587999,
			-8.604002 -0.424000 0.587999,
			-8.404001 -0.324000 0.387999,
			-8.504002 -0.324000 0.487999,
			-7.788002 -0.324000 0.387999,
			-7.788002 -0.324000 0.587999,
			-8.404001 -0.324000 1.403999,
			-8.404001 -0.324000 1.203999,
			-7.788002 -0.324000 1.403999,
			-7.788002 -0.324000 1.203999,
			-8.404001 -0.324000 0.587999,
			-8.504002 -0.324000 1.303999,
			-8.223202 -0.324000 0.768799,
			-7.968801 -0.324000 0.768799,
			-7.968801 -0.324000 1.023199,
			-8.223202 -0.324000 1.023199,
			-7.688002 -0.324000 1.303999,
			-7.688002 -0.324000 0.487999,
			-8.604002 -0.424000 1.203999,
			-7.588002 -0.424000 0.587999,
			-7.588002 -1.000000 0.587999,
			-7.588002 -1.000000 1.203999,
			-7.588002 -0.424000 1.203999,
			-8.223202 -1.100000 0.901931,
			-8.090071 -1.100000 0.768799,
			-7.968801 -1.100000 0.901931,
			-8.090071 -1.100000 1.023199,
			-8.045815 -0.324000 0.768799,
			-7.968801 -0.324000 0.946186,
			-8.045815 -0.324000 1.023199,
			-8.223202 -0.324000 0.946186,
		] }
		coordIndex [
			0 1 2 -1,
			2 1 3 -1,
			3 36 2 -1,
			4 3 5 -1,
			4 5 6 -1,
			6 37 4 -1,
			8 7 6 -1,
			9 7 8 -1,
			9 38 7 -1,
			11 10 9 -1,
			11 39 10 -1,
			11 0 2 -1,
			12 13 1 -1,
			1 13 3 -1,
			3 13 5 -1,
			5 13 14 -1,
			5 14 15 -1,
			15 14 16 -1,
			17 6 15 -1,
			15 6 5 -1,
			21 19 11 -1,
			11 19 0 -1,
			15 16 23 -1,
			23 16 24 -1,
			23 24 20 -1,
			20 24 19 -1,
			18 40 26 -1,
			41 18 26 -1,
			22 18 27 -1,
			42 22 27 -1,
			22 28 20 -1,
			43 20 28 -1,
			25 23 20 -1,
			25 18 23 -1,
			21 29 22 -1,
			22 29 30 -1,
			22 30 18 -1,
			18 30 17 -1,
			14 31 16 -1,
			16 31 24 -1,
			31 13 12 -1,
			24 31 19 -1,
			19 31 12 -1,
			19 12 0 -1,
			0 12 1 -1,
			30 32 17 -1,
			17 32 33 -1,
			17 33 6 -1,
			6 33 8 -1,
			9 8 34 -1,
			34 8 33 -1,
			29 21 35 -1,
			35 21 11 -1,
			35 11 34 -1,
			34 11 9 -1,
			35 32 29 -1,
			29 32 30 -1,
			32 35 33 -1,
			33 35 34 -1,
			19 22 20 -1,
			17 23 18 -1,
			44 45 46 -1,
			46 45 47 -1,
			47 80 46 -1,
			48 47 49 -1,
			48 49 50 -1,
			50 81 48 -1,
			52 51 50 -1,
			53 51 52 -1,
			53 82 51 -1,
			55 54 53 -1,
			55 83 54 -1,
			55 44 46 -1,
			56 57 45 -1,
			45 57 47 -1,
			47 57 49 -1,
			49 57 58 -1,
			49 58 59 -1,
			59 58 60 -1,
			61 50 59 -1,
			59 50 49 -1,
			65 63 55 -1,
			55 63 44 -1,
			59 60 67 -1,
			67 60 68 -1,
			67 68 64 -1,
			64 68 63 -1,
			62 84 70 -1,
			85 62 70 -1,
			66 62 71 -1,
			86 66 71 -1,
			66 72 64 -1,
			87 64 72 -1,
			69 67 64 -1,
			69 62 67 -1,
			65 73 66 -1,
			66 73 74 -1,
			66 74 62 -1,
			62 74 61 -1,
			58 75 60 -1,
			60 75 68 -1,
			75 57 56 -1,
			68 75 63 -1,
			63 75 56 -1,
			63 56 44 -1,
			44 56 45 -1,
			74 76 61 -1,
			61 76 77 -1,
			61 77 50 -1,
			50 77 52 -1,
			53 52 78 -1,
			78 52 77 -1,
			73 65 79 -1,
			79 65 55 -1,
			79 55 78 -1,
			78 55 53 -1,
			79 76 73 -1,
			73 76 74 -1,
			76 79 77 -1,
			77 79 78 -1,
			63 66 64 -1,
			61 67 62 -1,
			3 4 36 -1,
			6 7 37 -1,
			9 10 38 -1,
			11 2 39 -1,
			18 25 40 -1,
			41 27 18 -1,
			42 28 22 -1,
			43 25 20 -1,
			31 14 13 -1,
			19 21 22 -1,
			17 15 23 -1,
			47 48 80 -1,
			50 51 81 -1,
			53 54 82 -1,
			55 46 83 -1,
			62 69 84 -1,
			85 71 62 -1,
			86 72 66 -1,
			87 69 64 -1,
			75 58 57 -1,
			63 65 66 -1,
			61 59 67 -1,
		]
		normal Normal { vector [
			-0.297102 -0.630259 0.717289,
			-0.573236 -0.705972 0.415937,
			-0.000000 -1.000000 -0.000000,
			-0.573248 -0.705958 -0.415944,
			-0.000000 -1.000000 -0.000000,
			-0.297109 -0.630253 -0.717292,
			0.297098 -0.630251 -0.717298,
			-0.000000 -1.000000 -0.000000,
			0.573236 -0.705972 -0.415937,
			0.573249 -0.705958 0.415945,
			-0.000000 -1.000000 -0.000000,
			0.297105 -0.630245 0.717300,
			-0.905411 -0.300194 0.300191,
			-0.905413 -0.300189 -0.300189,
			-0.905411 0.300195 -0.300191,
			-0.297092 0.630272 -0.717282,
			-0.573236 0.705972 -0.415937,
			0.297106 0.630260 -0.717286,
			0.000000 1.000000 0.000000,
			-0.297103 0.630253 0.717295,
			0.000000 1.000000 0.000000,
			0.297096 0.630280 0.717274,
			0.000000 1.000000 0.000000,
			0.000000 1.000000 0.000000,
			-0.573241 0.705967 0.415939,
			0.000000 1.000000 0.000000,
			0.000000 1.000000 0.000000,
			0.000000 1.000000 0.000000,
			0.000000 1.000000 0.000000,
			0.573236 0.705972 0.415937,
			0.573241 0.705967 -0.415939,
			-0.905413 0.300190 0.300189,
			0.905410 0.300194 -0.300194,
			0.905414 -0.300190 -0.300187,
			0.905410 -0.300194 0.300194,
			0.905414 0.300190 0.300187,
			-0.000000 -1.000000 -0.000000,
			-0.000000 -1.000000 -0.000000,
			-0.000000 -1.000000 -0.000000,
			-0.000000 -1.000000 -0.000000,
			0.000000 1.000000 0.000000,
			0.000000 1.000000 0.000000,
			0.000000 1.000000 0.000000,
			0.000000 1.000000 0.000000,
			-0.297102 -0.630259 0.717289,
			-0.573236 -0.705972 0.415937,
			-0.000000 -1.000000 -0.000000,
			-0.573248 -0.705958 -0.415944,
			-0.000000 -1.000000 -0.000000,
			-0.297109 -0.630253 -0.717292,
			0.297098 -0.630251 -0.717298,
			-0.000000 -1.000000 -0.000000,
			0.573236 -0.705972 -0.415937,
			0.573249 -0.705958 0.415945,
			-0.000000 -1.000000 -0.000000,
			0.297105 -0.630245 0.717300,
			-0.905411 -0.300194 0.300191,
			-0.905413 -0.300189 -0.300189,
			-0.905411 0.300195 -0.300191,
			-0.297092 0.630272 -0.717282,
			-0.573236 0.705972 -0.415937,
			0.297106 0.630260 -0.717286,
			0.000000 1.000000 0.000000,
			-0.297103 0.630253 0.717295,
			0.000000 1.000000 0.000000,
			0.297096 0.630280 0.717274,
			0.000000 1.000000 0.000000,
			0.000000 1.000000 0.000000,
			-0.573241 0.705967 0.415939,
			0.000000 1.000000 0.000000,
			0.000000 1.000000 0.000000,
			0.000000 1.000000 0.000000,
			0.000000 1.000000 0.000000,
			0.573236 0.705972 0.415937,
			0.573241 0.705967 -0.415939,
			-0.905413 0.300190 0.300189,
			0.905410 0.300194 -0.300194,
			0.905414 -0.300190 -0.300187,
			0.905410 -0.300194 0.300194,
			0.905414 0.300190 0.300187,
			-0.000000 -1.000000 -0.000000,
			-0.000000 -1.000000 -0.000000,
			-0.000000 -1.000000 -0.000000,
			-0.000000 -1.000000 -0.000000,
			0.000000 1.000000 0.000000,
			0.000000 1.000000 0.000000,
			0.000000 1.000000 0.000000,
			0.000000 1.000000 0.000000,
		] }
		normalPerVertex TRUE
		solid TRUE
	}
	appearance Appearance {
		material Material {
			diffuseColor 0.2980 0.2980 0.2980
			transparency 0.0000
			shininess 0.0000
		}
	}
}

Shape # Material: Gold.010
{
	geometry IndexedFaceSet {
		coord Coordinate { point [
			-9.178001 1.132000 0.830000,
			-9.178001 1.132000 0.962000,
			-9.239202 -1.100000 1.023199,
			-9.046001 1.132000 0.830000,
			-9.046001 1.132000 0.962000,
			-9.239202 -1.100000 0.768799,
			-9.239202 1.026400 1.023199,
			-9.239202 1.026400 0.768799,
			-8.984801 1.026400 1.023199,
			-8.984801 -1.100000 0.768799,
			-8.984801 1.026400 0.768799,
			-9.239202 -3.434400 0.768799,
			-8.984802 -3.434400 0.768799,
			-8.984801 -1.100000 1.023199,
			-9.239202 -3.434400 1.023199,
			-8.984802 -3.434400 1.023199,
			-9.046001 -3.540000 0.961999,
			-9.046001 -3.540000 0.829999,
			-9.178001 -3.540000 0.961999,
			-9.178001 -3.540000 0.829999,
			-9.239202 -0.324000 0.768799,
			-8.984801 -0.324000 0.768799,
			-8.984801 -0.324000 1.023199,
			-9.239202 -0.324000 1.023199,
			-9.239202 -1.100000 0.901931,
			-9.106071 -1.100000 0.768799,
			-8.984801 -1.100000 0.901931,
			-9.106071 -1.100000 1.023199,
			-9.061815 -0.324000 0.768799,
			-8.984801 -0.324000 0.946186,
			-9.061815 -0.324000 1.023199,
			-9.239202 -0.324000 0.946186,
			-8.162002 1.132000 0.830000,
			-8.162002 1.132000 0.962000,
			-8.223202 -1.100000 1.023199,
			-8.030002 1.132000 0.830000,
			-8.030002 1.132000 0.962000,
			-8.223202 -1.100000 0.768799,
			-8.223202 1.026400 1.023199,
			-8.223202 1.026400 0.768799,
			-7.968801 1.026400 1.023199,
			-7.968801 -1.100000 0.768799,
			-7.968801 1.026400 0.768799,
			-8.223202 -3.434400 0.768799,
			-7.968802 -3.434400 0.768799,
			-7.968801 -1.100000 1.023199,
			-8.223202 -3.434400 1.023199,
			-7.968802 -3.434400 1.023199,
			-8.030002 -3.540000 0.961999,
			-8.030002 -3.540000 0.829999,
			-8.162002 -3.540000 0.961999,
			-8.162002 -3.540000 0.829999,
			-8.223202 -0.324000 0.768799,
			-7.968801 -0.324000 0.768799,
			-7.968801 -0.324000 1.023199,
			-8.223202 -0.324000 1.023199,
			-8.223202 -1.100000 0.901931,
			-8.090071 -1.100000 0.768799,
			-7.968801 -1.100000 0.901931,
			-8.090071 -1.100000 1.023199,
			-8.045815 -0.324000 0.768799,
			-7.968801 -0.324000 0.946186,
			-8.045815 -0.324000 1.023199,
			-8.223202 -0.324000 0.946186,
		] }
		coordIndex [
			0 1 3 -1,
			3 1 4 -1,
			1 0 6 -1,
			6 0 7 -1,
			4 1 8 -1,
			8 1 6 -1,
			3 4 10 -1,
			10 4 8 -1,
			0 3 7 -1,
			7 3 10 -1,
			5 25 11 -1,
			7 28 20 -1,
			21 28 10 -1,
			12 25 9 -1,
			7 31 6 -1,
			24 5 11 -1,
			31 23 6 -1,
			14 24 11 -1,
			2 14 27 -1,
			30 6 23 -1,
			22 8 30 -1,
			27 15 13 -1,
			10 29 21 -1,
			26 12 9 -1,
			29 8 22 -1,
			15 26 13 -1,
			16 17 15 -1,
			15 17 12 -1,
			18 19 16 -1,
			16 19 17 -1,
			19 18 11 -1,
			11 18 14 -1,
			17 19 12 -1,
			12 19 11 -1,
			18 16 14 -1,
			14 16 15 -1,
			32 33 35 -1,
			35 33 36 -1,
			33 32 38 -1,
			38 32 39 -1,
			36 33 40 -1,
			40 33 38 -1,
			35 36 42 -1,
			42 36 40 -1,
			32 35 39 -1,
			39 35 42 -1,
			37 57 43 -1,
			39 60 52 -1,
			53 60 42 -1,
			44 57 41 -1,
			39 63 38 -1,
			56 37 43 -1,
			63 55 38 -1,
			46 56 43 -1,
			34 46 59 -1,
			62 38 55 -1,
			54 40 62 -1,
			59 47 45 -1,
			42 61 53 -1,
			58 44 41 -1,
			61 40 54 -1,
			47 58 45 -1,
			48 49 47 -1,
			47 49 44 -1,
			50 51 48 -1,
			48 51 49 -1,
			51 50 43 -1,
			43 50 46 -1,
			49 51 44 -1,
			44 51 43 -1,
			50 48 46 -1,
			46 48 47 -1,
			7 10 28 -1,
			12 11 25 -1,
			7 20 31 -1,
			14 2 24 -1,
			30 8 6 -1,
			27 14 15 -1,
			10 8 29 -1,
			15 12 26 -1,
			39 42 60 -1,
			44 43 57 -1,
			39 52 63 -1,
			46 34 56 -1,
			62 40 38 -1,
			59 46 47 -1,
			42 40 61 -1,
			47 44 58 -1,
		]
		normal Normal { vector [
			-0.401402 0.823259 -0.401398,
			-0.401391 0.823266 0.401396,
			-0.707107 0.000000 0.707107,
			0.401392 0.823266 -0.401396,
			0.401403 0.823259 0.401398,
			-0.707107 0.000000 -0.707107,
			-0.675355 0.296338 0.675337,
			-0.675339 0.296339 -0.675352,
			0.675340 0.296337 0.675352,
			0.707107 -0.000000 -0.707107,
			0.675349 0.296338 -0.675343,
			-0.675352 -0.296337 -0.675340,
			0.675340 -0.296337 -0.675352,
			0.707107 -0.000000 0.707107,
			-0.675340 -0.296337 0.675352,
			0.675352 -0.296337 0.675340,
			0.401391 -0.823266 0.401396,
			0.401402 -0.823259 -0.401398,
			-0.401403 -0.823259 0.401398,
			-0.401392 -0.823265 -0.401396,
			-0.707107 0.000000 -0.707107,
			0.707107 -0.000000 -0.707107,
			0.707107 -0.000000 0.707107,
			-0.707107 0.000000 0.707107,
			-1.000000 0.000000 -0.000000,
			0.000000 0.000000 -1.000000,
			1.000000 -0.000000 0.000000,
			-0.000000 -0.000000 1.000000,
			0.000000 0.000000 -1.000000,
			1.000000 -0.000000 0.000000,
			-0.000000 -0.000000 1.000000,
			-1.000000 0.000000 -0.000000,
			-0.401402 0.823259 -0.401398,
			-0.401391 0.823266 0.401396,
			-0.707107 0.000000 0.707107,
			0.401392 0.823266 -0.401396,
			0.401403 0.823259 0.401398,
			-0.707107 0.000000 -0.707107,
			-0.675355 0.296338 0.675337,
			-0.675339 0.296339 -0.675352,
			0.675340 0.296337 0.675352,
			0.707107 -0.000000 -0.707107,
			0.675349 0.296338 -0.675343,
			-0.675352 -0.296337 -0.675340,
			0.675340 -0.296337 -0.675352,
			0.707107 -0.000000 0.707107,
			-0.675340 -0.296337 0.675352,
			0.675352 -0.296337 0.675340,
			0.401391 -0.823266 0.401396,
			0.401402 -0.823259 -0.401398,
			-0.401403 -0.823259 0.401398,
			-0.401392 -0.823265 -0.401396,
			-0.707107 0.000000 -0.707107,
			0.707107 -0.000000 -0.707107,
			0.707107 -0.000000 0.707107,
			-0.707107 0.000000 0.707107,
			-1.000000 0.000000 -0.000000,
			0.000000 0.000000 -1.000000,
			1.000000 -0.000000 0.000000,
			-0.000000 -0.000000 1.000000,
			0.000000 0.000000 -1.000000,
			1.000000 -0.000000 0.000000,
			-0.000000 -0.000000 1.000000,
			-1.000000 0.000000 -0.000000,
		] }
		normalPerVertex TRUE
		solid TRUE
	}
	appearance Appearance {
		material Material {
			diffuseColor 0.9714 0.9167 0.4554
			transparency 0.0000
			shininess 0.0000
		}
	}
}

Shape # Material: m20-9990345_color_1.012
{
	geometry IndexedFaceSet {
		coord Coordinate { point [
			8.803999 -1.100000 1.403999,
			8.704000 -1.100000 1.303999,
			8.984799 -1.100000 1.023199,
			8.704000 -1.100000 0.487999,
			8.984799 -1.100000 0.768799,
			8.803999 -1.100000 0.387999,
			9.419999 -1.100000 0.387999,
			9.239200 -1.100000 0.768799,
			9.520000 -1.100000 0.487999,
			9.520000 -1.100000 1.303999,
			9.239200 -1.100000 1.023199,
			9.419999 -1.100000 1.403999,
			8.603999 -1.000000 1.203999,
			8.603999 -1.000000 0.587999,
			8.603999 -0.424000 0.587999,
			8.803999 -0.324000 0.387999,
			8.704000 -0.324000 0.487999,
			9.419999 -0.324000 0.387999,
			9.419999 -0.324000 0.587999,
			8.803999 -0.324000 1.403999,
			8.803999 -0.324000 1.203999,
			9.419999 -0.324000 1.403999,
			9.419999 -0.324000 1.203999,
			8.803999 -0.324000 0.587999,
			8.704000 -0.324000 1.303999,
			8.984799 -0.324000 0.768799,
			9.239200 -0.324000 0.768799,
			9.239200 -0.324000 1.023199,
			8.984799 -0.324000 1.023199,
			9.520000 -0.324000 1.303999,
			9.520000 -0.324000 0.487999,
			8.603999 -0.424000 1.203999,
			9.619999 -0.424000 0.587999,
			9.619999 -1.000000 0.587999,
			9.619999 -1.000000 1.203999,
			9.619999 -0.424000 1.203999,
			8.984799 -1.100000 0.901931,
			9.117930 -1.100000 0.768799,
			9.239200 -1.100000 0.901931,
			9.117930 -1.100000 1.023199,
			9.162186 -0.324000 0.768799,
			9.239200 -0.324000 0.946186,
			9.162186 -0.324000 1.023199,
			8.984799 -0.324000 0.946186,
			7.787999 -1.100000 1.403999,
			7.687999 -1.100000 1.303999,
			7.968799 -1.100000 1.023199,
			7.687999 -1.100000 0.487999,
			7.968799 -1.100000 0.768799,
			7.787999 -1.100000 0.387999,
			8.403999 -1.100000 0.387999,
			8.223200 -1.100000 0.768799,
			8.504000 -1.100000 0.487999,
			8.504000 -1.100000 1.303999,
			8.223200 -1.100000 1.023199,
			8.403999 -1.100000 1.403999,
			7.587999 -1.000000 1.203999,
			7.587999 -1.000000 0.587999,
			7.587999 -0.424000 0.587999,
			7.787999 -0.324000 0.387999,
			7.687999 -0.324000 0.487999,
			8.403999 -0.324000 0.387999,
			8.403999 -0.324000 0.587999,
			7.787999 -0.324000 1.403999,
			7.787999 -0.324000 1.203999,
			8.403999 -0.324000 1.403999,
			8.403999 -0.324000 1.203999,
			7.787999 -0.324000 0.587999,
			7.687999 -0.324000 1.303999,
			7.968799 -0.324000 0.768799,
			8.223200 -0.324000 0.768799,
			8.223200 -0.324000 1.023199,
			7.968799 -0.324000 1.023199,
			8.504000 -0.324000 1.303999,
			8.504000 -0.324000 0.487999,
			7.587999 -0.424000 1.203999,
			8.603999 -0.424000 0.587999,
			8.603999 -1.000000 0.587999,
			8.603999 -1.000000 1.203999,
			8.603999 -0.424000 1.203999,
			7.968799 -1.100000 0.901931,
			8.101931 -1.100000 0.768799,
			8.223200 -1.100000 0.901931,
			8.101931 -1.100000 1.023199,
			8.146186 -0.324000 0.768799,
			8.223200 -0.324000 0.946186,
			8.146186 -0.324000 1.023199,
			7.968799 -0.324000 0.946186,
		] }
		coordIndex [
			0 1 2 -1,
			2 1 3 -1,
			3 36 2 -1,
			4 3 5 -1,
			4 5 6 -1,
			6 37 4 -1,
			8 7 6 -1,
			9 7 8 -1,
			9 38 7 -1,
			11 10 9 -1,
			11 39 10 -1,
			11 0 2 -1,
			12 13 1 -1,
			1 13 3 -1,
			3 13 5 -1,
			5 13 14 -1,
			5 14 15 -1,
			15 14 16 -1,
			17 6 15 -1,
			15 6 5 -1,
			21 19 11 -1,
			11 19 0 -1,
			15 16 23 -1,
			23 16 24 -1,
			23 24 20 -1,
			20 24 19 -1,
			18 40 26 -1,
			41 18 26 -1,
			22 18 27 -1,
			42 22 27 -1,
			22 28 20 -1,
			43 20 28 -1,
			25 23 20 -1,
			25 18 23 -1,
			21 29 22 -1,
			22 29 30 -1,
			22 30 18 -1,
			18 30 17 -1,
			14 31 16 -1,
			16 31 24 -1,
			31 13 12 -1,
			24 31 19 -1,
			19 31 12 -1,
			19 12 0 -1,
			0 12 1 -1,
			30 32 17 -1,
			17 32 33 -1,
			17 33 6 -1,
			6 33 8 -1,
			9 8 34 -1,
			34 8 33 -1,
			29 21 35 -1,
			35 21 11 -1,
			35 11 34 -1,
			34 11 9 -1,
			35 32 29 -1,
			29 32 30 -1,
			32 35 33 -1,
			33 35 34 -1,
			19 22 20 -1,
			17 23 18 -1,
			44 45 46 -1,
			46 45 47 -1,
			47 80 46 -1,
			48 47 49 -1,
			48 49 50 -1,
			50 81 48 -1,
			52 51 50 -1,
			53 51 52 -1,
			53 82 51 -1,
			55 54 53 -1,
			55 83 54 -1,
			55 44 46 -1,
			56 57 45 -1,
			45 57 47 -1,
			47 57 49 -1,
			49 57 58 -1,
			49 58 59 -1,
			59 58 60 -1,
			61 50 59 -1,
			59 50 49 -1,
			65 63 55 -1,
			55 63 44 -1,
			59 60 67 -1,
			67 60 68 -1,
			67 68 64 -1,
			64 68 63 -1,
			62 84 70 -1,
			85 62 70 -1,
			66 62 71 -1,
			86 66 71 -1,
			66 72 64 -1,
			87 64 72 -1,
			69 67 64 -1,
			69 62 67 -1,
			65 73 66 -1,
			66 73 74 -1,
			66 74 62 -1,
			62 74 61 -1,
			58 75 60 -1,
			60 75 68 -1,
			75 57 56 -1,
			68 75 63 -1,
			63 75 56 -1,
			63 56 44 -1,
			44 56 45 -1,
			74 76 61 -1,
			61 76 77 -1,
			61 77 50 -1,
			50 77 52 -1,
			53 52 78 -1,
			78 52 77 -1,
			73 65 79 -1,
			79 65 55 -1,
			79 55 78 -1,
			78 55 53 -1,
			79 76 73 -1,
			73 76 74 -1,
			76 79 77 -1,
			77 79 78 -1,
			63 66 64 -1,
			61 67 62 -1,
			3 4 36 -1,
			6 7 37 -1,
			9 10 38 -1,
			11 2 39 -1,
			18 25 40 -1,
			41 27 18 -1,
			42 28 22 -1,
			43 25 20 -1,
			31 14 13 -1,
			19 21 22 -1,
			17 15 23 -1,
			47 48 80 -1,
			50 51 81 -1,
			53 54 82 -1,
			55 46 83 -1,
			62 69 84 -1,
			85 71 62 -1,
			86 72 66 -1,
			87 69 64 -1,
			75 58 57 -1,
			63 65 66 -1,
			61 59 67 -1,
		]
		normal Normal { vector [
			-0.297102 -0.630259 0.717289,
			-0.573236 -0.705972 0.415937,
			-0.000000 -1.000000 -0.000000,
			-0.573248 -0.705958 -0.415944,
			-0.000000 -1.000000 -0.000000,
			-0.297109 -0.630253 -0.717292,
			0.297098 -0.630251 -0.717298,
			-0.000000 -1.000000 -0.000000,
			0.573236 -0.705972 -0.415937,
			0.573249 -0.705958 0.415945,
			-0.000000 -1.000000 -0.000000,
			0.297105 -0.630245 0.717300,
			-0.905411 -0.300194 0.300191,
			-0.905413 -0.300189 -0.300189,
			-0.905411 0.300195 -0.300191,
			-0.297092 0.630272 -0.717282,
			-0.573236 0.705972 -0.415937,
			0.297106 0.630260 -0.717286,
			0.000000 1.000000 0.000000,
			-0.297103 0.630253 0.717295,
			0.000000 1.000000 0.000000,
			0.297096 0.630280 0.717274,
			0.000000 1.000000 0.000000,
			0.000000 1.000000 0.000000,
			-0.573241 0.705967 0.415939,
			0.000000 1.000000 0.000000,
			0.000000 1.000000 0.000000,
			0.000000 1.000000 0.000000,
			0.000000 1.000000 0.000000,
			0.573236 0.705972 0.415937,
			0.573241 0.705967 -0.415939,
			-0.905413 0.300190 0.300189,
			0.905410 0.300194 -0.300194,
			0.905414 -0.300190 -0.300187,
			0.905410 -0.300194 0.300194,
			0.905414 0.300190 0.300187,
			-0.000000 -1.000000 -0.000000,
			-0.000000 -1.000000 -0.000000,
			-0.000000 -1.000000 -0.000000,
			-0.000000 -1.000000 -0.000000,
			0.000000 1.000000 0.000000,
			0.000000 1.000000 0.000000,
			0.000000 1.000000 0.000000,
			0.000000 1.000000 0.000000,
			-0.297102 -0.630259 0.717289,
			-0.573236 -0.705972 0.415937,
			-0.000000 -1.000000 -0.000000,
			-0.573248 -0.705958 -0.415944,
			-0.000000 -1.000000 -0.000000,
			-0.297109 -0.630253 -0.717292,
			0.297098 -0.630251 -0.717298,
			-0.000000 -1.000000 -0.000000,
			0.573236 -0.705972 -0.415937,
			0.573249 -0.705958 0.415945,
			-0.000000 -1.000000 -0.000000,
			0.297105 -0.630245 0.717300,
			-0.905411 -0.300194 0.300191,
			-0.905413 -0.300189 -0.300189,
			-0.905411 0.300195 -0.300191,
			-0.297092 0.630272 -0.717282,
			-0.573236 0.705972 -0.415937,
			0.297106 0.630260 -0.717286,
			0.000000 1.000000 0.000000,
			-0.297103 0.630253 0.717295,
			0.000000 1.000000 0.000000,
			0.297096 0.630280 0.717274,
			0.000000 1.000000 0.000000,
			0.000000 1.000000 0.000000,
			-0.573241 0.705967 0.415939,
			0.000000 1.000000 0.000000,
			0.000000 1.000000 0.000000,
			0.000000 1.000000 0.000000,
			0.000000 1.000000 0.000000,
			0.573236 0.705972 0.415937,
			0.573241 0.705967 -0.415939,
			-0.905413 0.300190 0.300189,
			0.905410 0.300194 -0.300194,
			0.905414 -0.300190 -0.300187,
			0.905410 -0.300194 0.300194,
			0.905414 0.300190 0.300187,
			-0.000000 -1.000000 -0.000000,
			-0.000000 -1.000000 -0.000000,
			-0.000000 -1.000000 -0.000000,
			-0.000000 -1.000000 -0.000000,
			0.000000 1.000000 0.000000,
			0.000000 1.000000 0.000000,
			0.000000 1.000000 0.000000,
			0.000000 1.000000 0.000000,
		] }
		normalPerVertex TRUE
		solid TRUE
	}
	appearance Appearance {
		material Material {
			diffuseColor 0.2980 0.2980 0.2980
			transparency 0.0000
			shininess 0.0000
		}
	}
}

Shape # Material: Gold.011
{
	geometry IndexedFaceSet {
		coord Coordinate { point [
			9.046000 1.132000 0.830000,
			9.046000 1.132000 0.962000,
			8.984799 -1.100000 1.023199,
			9.177999 1.132000 0.830000,
			9.177999 1.132000 0.962000,
			8.984799 -1.100000 0.768799,
			8.984799 1.026400 1.023199,
			8.984799 1.026400 0.768799,
			9.239200 1.026400 1.023199,
			9.239200 -1.100000 0.768799,
			9.239200 1.026400 0.768799,
			8.984799 -3.434400 0.768799,
			9.239199 -3.434400 0.768799,
			9.239200 -1.100000 1.023199,
			8.984799 -3.434400 1.023199,
			9.239199 -3.434400 1.023199,
			9.177999 -3.540000 0.961999,
			9.177999 -3.540000 0.829999,
			9.046000 -3.540000 0.961999,
			9.046000 -3.540000 0.829999,
			8.984799 -0.324000 0.768799,
			9.239200 -0.324000 0.768799,
			9.239200 -0.324000 1.023199,
			8.984799 -0.324000 1.023199,
			8.984799 -1.100000 0.901931,
			9.117930 -1.100000 0.768799,
			9.239200 -1.100000 0.901931,
			9.117930 -1.100000 1.023199,
			9.162186 -0.324000 0.768799,
			9.239200 -0.324000 0.946186,
			9.162186 -0.324000 1.023199,
			8.984799 -0.324000 0.946186,
			8.030000 1.132000 0.830000,
			8.030000 1.132000 0.962000,
			7.968799 -1.100000 1.023199,
			8.162000 1.132000 0.830000,
			8.162000 1.132000 0.962000,
			7.968799 -1.100000 0.768799,
			7.968800 1.026400 1.023199,
			7.968800 1.026400 0.768799,
			8.223200 1.026400 1.023199,
			8.223200 -1.100000 0.768799,
			8.223200 1.026400 0.768799,
			7.968799 -3.434400 0.768799,
			8.223199 -3.434400 0.768799,
			8.223200 -1.100000 1.023199,
			7.968799 -3.434400 1.023199,
			8.223199 -3.434400 1.023199,
			8.161999 -3.540000 0.961999,
			8.161999 -3.540000 0.829999,
			8.029999 -3.540000 0.961999,
			8.029999 -3.540000 0.829999,
			7.968799 -0.324000 0.768799,
			8.223200 -0.324000 0.768799,
			8.223200 -0.324000 1.023199,
			7.968799 -0.324000 1.023199,
			7.968799 -1.100000 0.901931,
			8.101931 -1.100000 0.768799,
			8.223200 -1.100000 0.901931,
			8.101931 -1.100000 1.023199,
			8.146186 -0.324000 0.768799,
			8.223200 -0.324000 0.946186,
			8.146186 -0.324000 1.023199,
			7.968799 -0.324000 0.946186,
		] }
		coordIndex [
			0 1 3 -1,
			3 1 4 -1,
			1 0 6 -1,
			6 0 7 -1,
			4 1 8 -1,
			8 1 6 -1,
			3 4 10 -1,
			10 4 8 -1,
			0 3 7 -1,
			7 3 10 -1,
			5 25 11 -1,
			7 28 20 -1,
			21 28 10 -1,
			12 25 9 -1,
			7 31 6 -1,
			24 5 11 -1,
			31 23 6 -1,
			14 24 11 -1,
			2 14 27 -1,
			30 6 23 -1,
			22 8 30 -1,
			27 15 13 -1,
			10 29 21 -1,
			26 12 9 -1,
			29 8 22 -1,
			15 26 13 -1,
			16 17 15 -1,
			15 17 12 -1,
			18 19 16 -1,
			16 19 17 -1,
			19 18 11 -1,
			11 18 14 -1,
			17 19 12 -1,
			12 19 11 -1,
			18 16 14 -1,
			14 16 15 -1,
			32 33 35 -1,
			35 33 36 -1,
			33 32 38 -1,
			38 32 39 -1,
			36 33 40 -1,
			40 33 38 -1,
			35 36 42 -1,
			42 36 40 -1,
			32 35 39 -1,
			39 35 42 -1,
			37 57 43 -1,
			39 60 52 -1,
			53 60 42 -1,
			44 57 41 -1,
			39 63 38 -1,
			56 37 43 -1,
			63 55 38 -1,
			46 56 43 -1,
			34 46 59 -1,
			62 38 55 -1,
			54 40 62 -1,
			59 47 45 -1,
			42 61 53 -1,
			58 44 41 -1,
			61 40 54 -1,
			47 58 45 -1,
			48 49 47 -1,
			47 49 44 -1,
			50 51 48 -1,
			48 51 49 -1,
			51 50 43 -1,
			43 50 46 -1,
			49 51 44 -1,
			44 51 43 -1,
			50 48 46 -1,
			46 48 47 -1,
			7 10 28 -1,
			12 11 25 -1,
			7 20 31 -1,
			14 2 24 -1,
			30 8 6 -1,
			27 14 15 -1,
			10 8 29 -1,
			15 12 26 -1,
			39 42 60 -1,
			44 43 57 -1,
			39 52 63 -1,
			46 34 56 -1,
			62 40 38 -1,
			59 46 47 -1,
			42 40 61 -1,
			47 44 58 -1,
		]
		normal Normal { vector [
			-0.401402 0.823259 -0.401398,
			-0.401391 0.823266 0.401396,
			-0.707107 0.000000 0.707107,
			0.401392 0.823266 -0.401396,
			0.401403 0.823259 0.401398,
			-0.707107 0.000000 -0.707107,
			-0.675355 0.296338 0.675337,
			-0.675339 0.296339 -0.675352,
			0.675340 0.296337 0.675352,
			0.707107 -0.000000 -0.707107,
			0.675349 0.296338 -0.675343,
			-0.675352 -0.296337 -0.675340,
			0.675340 -0.296337 -0.675352,
			0.707107 -0.000000 0.707107,
			-0.675340 -0.296337 0.675352,
			0.675352 -0.296337 0.675340,
			0.401391 -0.823266 0.401396,
			0.401402 -0.823259 -0.401398,
			-0.401403 -0.823259 0.401398,
			-0.401392 -0.823265 -0.401396,
			-0.707107 0.000000 -0.707107,
			0.707107 -0.000000 -0.707107,
			0.707107 -0.000000 0.707107,
			-0.707107 0.000000 0.707107,
			-1.000000 0.000000 -0.000000,
			0.000000 0.000000 -1.000000,
			1.000000 -0.000000 0.000000,
			-0.000000 -0.000000 1.000000,
			0.000000 0.000000 -1.000000,
			1.000000 -0.000000 0.000000,
			-0.000000 -0.000000 1.000000,
			-1.000000 0.000000 -0.000000,
			-0.401402 0.823259 -0.401398,
			-0.401391 0.823266 0.401396,
			-0.707107 0.000000 0.707107,
			0.401392 0.823266 -0.401396,
			0.401403 0.823259 0.401398,
			-0.707107 0.000000 -0.707107,
			-0.675355 0.296338 0.675337,
			-0.675339 0.296339 -0.675352,
			0.675340 0.296337 0.675352,
			0.707107 -0.000000 -0.707107,
			0.675349 0.296338 -0.675343,
			-0.675352 -0.296337 -0.675340,
			0.675340 -0.296337 -0.675352,
			0.707107 -0.000000 0.707107,
			-0.675340 -0.296337 0.675352,
			0.675352 -0.296337 0.675340,
			0.401391 -0.823266 0.401396,
			0.401402 -0.823259 -0.401398,
			-0.401403 -0.823259 0.401398,
			-0.401392 -0.823265 -0.401396,
			-0.707107 0.000000 -0.707107,
			0.707107 -0.000000 -0.707107,
			0.707107 -0.000000 0.707107,
			-0.707107 0.000000 0.707107,
			-1.000000 0.000000 -0.000000,
			0.000000 0.000000 -1.000000,
			1.000000 -0.000000 0.000000,
			-0.000000 -0.000000 1.000000,
			0.000000 0.000000 -1.000000,
			1.000000 -0.000000 0.000000,
			-0.000000 -0.000000 1.000000,
			-1.000000 0.000000 -0.000000,
		] }
		normalPerVertex TRUE
		solid TRUE
	}
	appearance Appearance {
		material Material {
			diffuseColor 0.9714 0.9167 0.4554
			transparency 0.0000
			shininess 0.0000
		}
	}
}

