#VRML V2.0 utf8
# Exportiert mit Blender-WRL-Export (The Smart Assistant)

Shape # Material: 2345986-1_color_1
{
	geometry IndexedFaceSet {
		coord Coordinate { point [
			-1.708800 0.764000 4.100000,
			-1.724000 0.880000 4.100000,
			-1.788000 0.880000 4.100000,
			-1.724000 1.120000 4.100000,
			-1.788000 1.120000 4.100000,
			-1.720000 1.178400 4.100000,
			-1.770400 1.252400 4.100000,
			-1.708800 1.236000 4.100000,
			-1.690000 1.291600 4.100000,
			-1.770400 0.747600 4.100000,
			-1.664000 0.656000 4.100000,
			-1.719600 0.624000 4.100000,
			-1.592800 0.563200 4.100000,
			-1.638000 0.518000 4.100000,
			-1.500000 0.492000 4.100000,
			-1.532000 0.436400 4.100000,
			-1.392000 0.447200 4.100000,
			-1.408400 0.385600 4.100000,
			-1.276000 0.432000 4.100000,
			-1.276000 0.368000 4.100000,
			1.276000 0.368000 4.100000,
			1.276000 0.432000 4.100000,
			1.334400 0.436000 4.100000,
			1.408400 0.385600 4.100000,
			1.392000 0.447200 4.100000,
			1.447600 0.466000 4.100000,
			1.532000 0.436400 4.100000,
			1.500000 0.492000 4.100000,
			1.548800 0.524400 4.100000,
			1.638000 0.518000 4.100000,
			1.592800 0.563200 4.100000,
			1.631600 0.607200 4.100000,
			1.719600 0.624000 4.100000,
			1.664000 0.656000 4.100000,
			1.690000 0.708400 4.100000,
			1.770400 0.747600 4.100000,
			1.708800 0.764000 4.100000,
			1.720000 0.821600 4.100000,
			1.788000 0.880000 4.100000,
			1.724000 0.880000 4.100000,
			1.724000 1.120000 4.100000,
			1.788000 1.120000 4.100000,
			1.720000 1.178400 4.100000,
			1.770400 1.252400 4.100000,
			1.708800 1.236000 4.100000,
			1.690000 1.291600 4.100000,
			1.719600 1.376000 4.100000,
			1.664000 1.344000 4.100000,
			1.631600 1.392800 4.100000,
			1.638000 1.482000 4.100000,
			1.592800 1.436800 4.100000,
			1.548800 1.475600 4.100000,
			1.532000 1.563600 4.100000,
			1.500000 1.508000 4.100000,
			1.447600 1.534000 4.100000,
			1.408400 1.614400 4.100000,
			1.392000 1.552800 4.100000,
			1.334400 1.564000 4.100000,
			1.276000 1.632000 4.100000,
			1.276000 1.568000 4.100000,
			-1.276000 1.632000 4.100000,
			-1.276000 1.568000 4.100000,
			-1.334400 1.564000 4.100000,
			-1.408400 1.614400 4.100000,
			-1.392000 1.552800 4.100000,
			-1.447600 1.534000 4.100000,
			-1.532000 1.563600 4.100000,
			-1.500000 1.508000 4.100000,
			-1.548800 1.475600 4.100000,
			-1.638000 1.482000 4.100000,
			-1.592800 1.436800 4.100000,
			-1.631600 1.392800 4.100000,
			-1.719600 1.376000 4.100000,
			-1.664000 1.344000 4.100000,
			-1.788000 1.120000 1.260000,
			-1.778400 1.218800 1.260000,
			-1.749600 1.314000 1.260000,
			-1.703200 1.402000 1.260000,
			-1.689600 1.421600 1.260000,
			-1.674800 1.440800 1.260000,
			-1.576800 1.534400 1.024800,
			-1.586000 1.527200 1.030000,
			-1.607600 1.510000 1.213600,
			-1.608800 1.509200 1.218800,
			-1.610000 1.508000 1.224400,
			-1.374000 1.622400 1.020000,
			-1.468400 1.594400 1.020000,
			-1.555600 1.548800 1.020000,
			-1.566400 1.541600 1.021200,
			-1.276000 1.632000 1.020000,
			-1.607600 1.510400 1.208000,
			-1.593600 1.521600 1.036800,
			-1.600000 1.516400 1.044800,
			-1.604400 1.512800 1.054000,
			-1.606800 1.510800 1.063200,
			-1.607600 1.510400 1.072000,
			-1.612000 1.506400 1.229600,
			-1.617600 1.501200 1.238800,
			-1.624800 1.494800 1.246800,
			-1.633200 1.487200 1.252800,
			-1.642000 1.478000 1.256800,
			-1.659600 1.459200 1.260000,
			-1.788000 1.402000 1.260000,
			-1.534800 1.402000 1.260000,
			-1.548400 1.402000 1.260000,
			-1.586800 1.343200 1.260000,
			-1.599200 1.342000 1.260000,
			-1.626000 1.274800 1.260000,
			-1.636800 1.273200 1.260000,
			-1.650000 1.200000 1.260000,
			-1.660000 1.198000 1.260000,
			-1.658000 1.122000 1.260000,
			-1.668000 1.120000 1.260000,
			-1.658000 1.102000 1.260000,
			-1.668000 1.102000 1.260000,
			-1.788000 1.102000 1.260000,
			-1.788000 1.072000 1.260000,
			-1.788000 0.878000 1.504400,
			-1.788000 1.056400 1.258000,
			-1.788000 0.872000 1.490000,
			-1.788000 1.042000 1.252000,
			-1.788000 0.862400 1.477600,
			-1.788000 1.029600 1.242400,
			-1.788000 0.850000 1.468000,
			-1.788000 1.020000 1.230000,
			-1.788000 0.835600 1.462000,
			-1.788000 1.014000 1.215600,
			-1.788000 0.820000 1.460000,
			-1.788000 1.012000 1.200000,
			-1.788000 0.952000 0.940000,
			-1.788000 1.012000 1.000000,
			-1.788000 1.010000 0.984400,
			-1.788000 1.004000 0.970000,
			-1.788000 0.994400 0.957600,
			-1.788000 0.982000 0.948000,
			-1.788000 0.967600 0.942000,
			-1.788000 0.228000 0.940000,
			-1.788000 0.228000 1.460000,
			-1.788000 0.202000 0.943600,
			-1.788000 0.128000 1.040000,
			-1.788000 0.128000 1.360000,
			-1.788000 0.202000 1.456400,
			-1.788000 0.178000 0.953200,
			-1.788000 0.157200 0.969200,
			-1.788000 0.141200 0.990000,
			-1.788000 0.131600 1.014000,
			-1.788000 0.131600 1.386000,
			-1.788000 0.141200 1.410000,
			-1.788000 0.157200 1.430800,
			-1.788000 0.178000 1.446800,
			-1.788000 0.880000 1.520000,
			-1.788000 1.022000 1.180000,
			-1.788000 1.022000 0.940000,
			-1.788000 0.880000 1.800000,
			-1.788000 0.960000 2.610000,
			-1.788000 0.966000 2.624400,
			-1.788000 0.880000 2.580000,
			-1.788000 0.908000 2.580000,
			-1.788000 0.923600 2.582000,
			-1.788000 0.938000 2.588000,
			-1.788000 0.950400 2.597600,
			-1.788000 0.968000 2.640000,
			-1.788000 0.968000 2.660000,
			-1.788000 0.968000 3.380000,
			-1.788000 0.968000 3.400000,
			-1.788000 0.966000 3.364400,
			-1.788000 0.966000 2.675600,
			-1.788000 0.960000 3.350000,
			-1.788000 0.960000 2.690000,
			-1.788000 0.950400 3.337600,
			-1.788000 0.950400 2.702400,
			-1.788000 0.938000 3.328000,
			-1.788000 0.938000 2.712000,
			-1.788000 0.923600 3.322000,
			-1.788000 0.923600 2.718000,
			-1.788000 0.908000 3.320000,
			-1.788000 0.908000 2.720000,
			-1.788000 0.328000 3.320000,
			-1.788000 0.328000 2.720000,
			-1.788000 0.128000 3.140000,
			-1.788000 0.128000 2.900000,
			-1.788000 0.256000 2.744000,
			-1.788000 0.302400 2.722800,
			-1.788000 0.278000 2.730800,
			-1.788000 0.176000 2.804000,
			-1.788000 0.156000 2.823200,
			-1.788000 0.140800 2.846400,
			-1.788000 0.131200 2.872400,
			-1.788000 0.131200 3.167600,
			-1.788000 0.140800 3.193600,
			-1.788000 0.156000 3.216800,
			-1.788000 0.176000 3.236000,
			-1.788000 0.256000 3.296000,
			-1.788000 0.278000 3.309200,
			-1.788000 0.302400 3.317200,
			-1.788000 0.966000 3.415600,
			-1.788000 0.960000 3.430000,
			-1.788000 0.950400 3.442400,
			-1.788000 0.938000 3.452000,
			-1.788000 0.923600 3.458000,
			-1.788000 0.908000 3.460000,
			-1.788000 0.880000 3.460000,
			-1.788000 1.402000 0.940000,
			-1.788000 1.024800 1.200800,
			-1.788000 1.032800 1.220000,
			-1.788000 1.045600 1.236400,
			-1.788000 1.062000 1.249200,
			-1.788000 1.081200 1.257200,
			1.659600 1.459200 1.260000,
			1.674800 1.440800 1.260000,
			1.659600 1.402000 1.260000,
			1.689600 1.421600 1.260000,
			1.703200 1.402000 1.260000,
			1.788000 1.072000 1.260000,
			1.668000 1.072000 1.260000,
			1.788000 1.102000 1.260000,
			1.668000 1.102000 1.260000,
			-1.659600 1.402000 1.260000,
			-1.668000 1.072000 1.260000,
			1.788000 1.402000 0.940000,
			1.641200 1.402000 1.256800,
			1.534800 1.402000 0.940000,
			1.548400 1.402000 1.256800,
			1.534800 1.402000 1.260000,
			1.548400 1.402000 1.260000,
			1.647200 1.402000 1.258400,
			1.653200 1.402000 1.259600,
			1.788000 1.402000 1.260000,
			1.668000 1.120000 1.260000,
			1.668000 1.120000 1.860000,
			1.660000 1.198000 1.260000,
			1.654800 1.221600 1.860000,
			1.636800 1.273200 1.260000,
			1.615600 1.316000 1.860000,
			1.599200 1.342000 1.260000,
			1.553200 1.397200 1.860000,
			1.532000 1.416800 1.248000,
			1.525200 1.422800 1.242400,
			1.472000 1.459600 1.860000,
			1.519200 1.427600 1.236400,
			1.514400 1.431200 1.229600,
			1.276000 1.512000 1.860000,
			1.358400 1.503200 1.020000,
			1.377600 1.498800 1.860000,
			1.436800 1.477600 1.020000,
			1.508000 1.436000 1.208000,
			1.508800 1.435200 1.215200,
			1.276000 1.512000 1.020000,
			1.508000 1.436000 1.020000,
			1.510800 1.433600 1.222400,
			1.276000 1.512000 4.044000,
			1.276000 1.512000 2.232000,
			1.327200 1.508800 4.044000,
			1.377600 1.498800 2.232000,
			1.377600 1.498800 4.044000,
			1.426000 1.482000 4.044000,
			1.472000 1.459600 2.232000,
			1.472000 1.459600 4.044000,
			1.514800 1.430800 4.044000,
			1.553200 1.397200 2.232000,
			1.553200 1.397200 4.044000,
			1.586800 1.358800 4.044000,
			1.615600 1.316000 2.232000,
			1.615600 1.316000 4.044000,
			1.638000 1.270000 4.044000,
			1.654800 1.221600 2.232000,
			1.654800 1.221600 4.044000,
			1.664800 1.171200 4.044000,
			1.668000 1.120000 2.232000,
			1.668000 1.120000 4.044000,
			1.633600 1.410000 1.253200,
			1.626400 1.416800 1.248400,
			1.620800 1.422800 1.242400,
			1.616000 1.427600 1.236400,
			1.612000 1.431200 1.229600,
			1.609600 1.434000 1.222400,
			1.608000 1.435200 1.215200,
			1.607600 1.436000 1.208000,
			1.641200 1.479200 1.256800,
			1.632800 1.487200 1.252800,
			1.625200 1.494400 1.247200,
			1.618400 1.500800 1.240000,
			1.612800 1.505600 1.230800,
			1.610400 1.507600 1.225200,
			1.608800 1.509200 1.219600,
			1.608000 1.510000 1.214000,
			1.607600 1.510400 1.208000,
			1.650000 1.469600 1.259200,
			1.749600 1.314000 1.260000,
			1.576800 1.534400 1.024800,
			1.566400 1.541600 1.021200,
			1.586000 1.527200 1.030000,
			1.594000 1.521600 1.036800,
			1.600000 1.516400 1.044800,
			1.607600 1.510400 1.072000,
			1.606800 1.510800 1.063200,
			1.604400 1.512800 1.054000,
			1.555600 1.548800 1.020000,
			1.468400 1.594400 1.020000,
			1.374000 1.622400 1.020000,
			1.276000 1.632000 1.020000,
			1.778400 1.218800 1.260000,
			1.788000 1.120000 1.260000,
			1.586800 1.343200 1.260000,
			1.626000 1.274800 1.260000,
			1.650000 1.200000 1.260000,
			1.658000 1.122000 1.260000,
			1.658000 1.102000 1.260000,
			1.788000 0.880000 3.460000,
			1.788000 0.908000 3.460000,
			1.788000 0.923600 3.458000,
			1.788000 0.938000 3.452000,
			1.788000 0.950400 3.442400,
			1.788000 0.960000 3.430000,
			1.788000 0.966000 3.415600,
			1.788000 0.968000 3.400000,
			1.788000 0.968000 3.380000,
			1.788000 0.968000 2.660000,
			1.788000 0.968000 2.640000,
			1.788000 0.966000 2.624400,
			1.788000 0.966000 3.364400,
			1.788000 0.966000 2.675600,
			1.788000 0.960000 3.350000,
			1.788000 0.960000 2.690000,
			1.788000 0.950400 3.337600,
			1.788000 0.950400 2.702400,
			1.788000 0.938000 3.328000,
			1.788000 0.938000 2.712000,
			1.788000 0.923600 3.322000,
			1.788000 0.923600 2.718000,
			1.788000 0.908000 3.320000,
			1.788000 0.908000 2.720000,
			1.788000 0.328000 3.320000,
			1.788000 0.328000 2.720000,
			1.788000 0.302400 3.317200,
			1.788000 0.256000 3.296000,
			1.788000 0.128000 3.140000,
			1.788000 0.128000 2.900000,
			1.788000 0.256000 2.744000,
			1.788000 0.176000 2.804000,
			1.788000 0.278000 3.309200,
			1.788000 0.176000 3.236000,
			1.788000 0.156000 3.216800,
			1.788000 0.140800 3.193600,
			1.788000 0.131200 3.167600,
			1.788000 0.131200 2.872400,
			1.788000 0.140800 2.846400,
			1.788000 0.156000 2.823200,
			1.788000 0.278000 2.730800,
			1.788000 0.302400 2.722800,
			1.788000 0.960000 2.610000,
			1.788000 0.880000 1.800000,
			1.788000 0.880000 1.520000,
			1.788000 0.950400 2.597600,
			1.788000 0.938000 2.588000,
			1.788000 0.923600 2.582000,
			1.788000 0.908000 2.580000,
			1.788000 0.880000 2.580000,
			1.788000 0.878000 1.504400,
			1.788000 1.056400 1.258000,
			1.788000 0.872000 1.490000,
			1.788000 1.042000 1.252000,
			1.788000 0.862400 1.477600,
			1.788000 1.029600 1.242400,
			1.788000 0.850000 1.468000,
			1.788000 1.020000 1.230000,
			1.788000 0.835600 1.462000,
			1.788000 1.014000 1.215600,
			1.788000 0.820000 1.460000,
			1.788000 1.012000 1.200000,
			1.788000 0.202000 1.456400,
			1.788000 0.128000 1.360000,
			1.788000 0.228000 1.460000,
			1.788000 0.228000 0.940000,
			1.788000 0.952000 0.940000,
			1.788000 1.012000 1.000000,
			1.788000 0.178000 1.446800,
			1.788000 0.157200 1.430800,
			1.788000 0.141200 1.410000,
			1.788000 0.131600 1.386000,
			1.788000 0.128000 1.040000,
			1.788000 0.131600 1.014000,
			1.788000 0.141200 0.990000,
			1.788000 0.157200 0.969200,
			1.788000 0.178000 0.953200,
			1.788000 0.202000 0.943600,
			1.788000 0.967600 0.942000,
			1.788000 0.982000 0.948000,
			1.788000 0.994400 0.957600,
			1.788000 1.004000 0.970000,
			1.788000 1.010000 0.984400,
			1.788000 1.022000 1.180000,
			1.788000 1.081200 1.257200,
			1.788000 1.062000 1.249200,
			1.788000 1.045600 1.236400,
			1.788000 1.032800 1.220000,
			1.788000 1.024800 1.200800,
			1.788000 1.022000 0.940000,
			1.658000 0.388000 0.940000,
			1.278000 0.388000 0.940000,
			1.658000 1.022000 0.940000,
			1.278000 1.502000 0.940000,
			1.371200 1.490400 0.940000,
			1.458400 1.456400 0.940000,
			-1.278000 0.388000 0.940000,
			-1.658000 1.022000 0.940000,
			-1.278000 1.502000 0.940000,
			-1.534800 1.402000 0.940000,
			-1.458400 1.456400 0.940000,
			-1.658000 0.388000 0.940000,
			-1.371200 1.490400 0.940000,
			1.658000 1.022000 1.180000,
			1.658000 1.024800 1.200800,
			1.658000 0.539200 1.860000,
			1.658000 1.032800 1.220000,
			1.658000 1.045600 1.236400,
			1.658000 1.062000 1.249200,
			1.658000 1.122000 1.860000,
			1.658000 1.081200 1.257200,
			1.658000 0.388000 1.860000,
			1.278000 0.388000 1.020000,
			1.450000 0.388000 1.360000,
			1.190000 0.388000 1.058800,
			1.090000 0.388000 1.400000,
			1.110000 0.388000 1.058800,
			0.990000 0.388000 1.058800,
			0.990000 0.388000 1.020000,
			1.190000 0.388000 1.020000,
			1.570000 0.388000 1.360000,
			1.570000 0.388000 1.440000,
			1.437200 0.388000 1.719200,
			1.429200 0.388000 1.700000,
			1.400000 0.388000 1.809200,
			1.416400 0.388000 1.796400,
			1.417600 0.388000 1.860000,
			1.429200 0.388000 1.780000,
			1.437200 0.388000 1.760800,
			1.440000 0.388000 1.740000,
			-0.190000 0.388000 1.580800,
			-0.110000 0.388000 1.580800,
			-1.417600 0.388000 1.860000,
			0.010000 0.388000 1.580800,
			0.090000 0.388000 1.580800,
			0.210000 0.388000 1.580800,
			0.090000 0.388000 1.400000,
			0.210000 0.388000 1.400000,
			0.190000 0.388000 1.058800,
			0.290000 0.388000 1.400000,
			0.310000 0.388000 1.058800,
			0.390000 0.388000 1.058800,
			-1.440000 0.388000 1.740000,
			-1.437200 0.388000 1.760800,
			-1.658000 0.388000 1.860000,
			-1.429200 0.388000 1.780000,
			-1.416400 0.388000 1.796400,
			-1.400000 0.388000 1.809200,
			-1.450000 0.388000 1.360000,
			-1.570000 0.388000 1.360000,
			-1.570000 0.388000 1.440000,
			-1.437200 0.388000 1.719200,
			-1.278000 0.388000 1.020000,
			-1.090000 0.388000 1.020000,
			-1.090000 0.388000 1.058800,
			-1.190000 0.388000 1.400000,
			-1.450000 0.388000 1.440000,
			-1.110000 0.388000 1.400000,
			-1.010000 0.388000 1.058800,
			-0.990000 0.388000 1.400000,
			-0.910000 0.388000 1.400000,
			-0.890000 0.388000 1.058800,
			-1.010000 0.388000 1.020000,
			-0.890000 0.388000 1.020000,
			-0.810000 0.388000 1.058800,
			-0.790000 0.388000 1.400000,
			-0.790000 0.388000 1.580800,
			-0.810000 0.388000 1.020000,
			-0.690000 0.388000 1.058800,
			-0.710000 0.388000 1.400000,
			-0.690000 0.388000 1.020000,
			-0.610000 0.388000 1.058800,
			-0.590000 0.388000 1.400000,
			-0.590000 0.388000 1.580800,
			-0.610000 0.388000 1.020000,
			-0.490000 0.388000 1.058800,
			-0.510000 0.388000 1.400000,
			-0.490000 0.388000 1.020000,
			-0.410000 0.388000 1.058800,
			-0.390000 0.388000 1.400000,
			-0.390000 0.388000 1.580800,
			-0.410000 0.388000 1.020000,
			-0.290000 0.388000 1.058800,
			-0.310000 0.388000 1.400000,
			-0.290000 0.388000 1.020000,
			-0.210000 0.388000 1.058800,
			-0.190000 0.388000 1.400000,
			-0.210000 0.388000 1.020000,
			-0.090000 0.388000 1.058800,
			-0.110000 0.388000 1.400000,
			-0.090000 0.388000 1.020000,
			-0.010000 0.388000 1.058800,
			0.010000 0.388000 1.400000,
			-0.010000 0.388000 1.020000,
			0.110000 0.388000 1.058800,
			0.110000 0.388000 1.020000,
			0.190000 0.388000 1.020000,
			0.310000 0.388000 1.020000,
			0.390000 0.388000 1.020000,
			0.510000 0.388000 1.058800,
			0.490000 0.388000 1.400000,
			0.410000 0.388000 1.400000,
			0.510000 0.388000 1.020000,
			0.590000 0.388000 1.058800,
			0.610000 0.388000 1.400000,
			0.610000 0.388000 1.580800,
			0.590000 0.388000 1.020000,
			0.710000 0.388000 1.058800,
			0.690000 0.388000 1.400000,
			0.710000 0.388000 1.020000,
			0.790000 0.388000 1.058800,
			0.810000 0.388000 1.400000,
			0.810000 0.388000 1.580800,
			0.790000 0.388000 1.020000,
			0.910000 0.388000 1.058800,
			0.890000 0.388000 1.400000,
			0.910000 0.388000 1.020000,
			1.010000 0.388000 1.400000,
			1.010000 0.388000 1.580800,
			1.110000 0.388000 1.020000,
			1.450000 0.388000 1.440000,
			1.339200 0.388000 1.662800,
			1.090000 0.388000 1.580800,
			1.320000 0.388000 1.670800,
			1.303600 0.388000 1.683600,
			1.416400 0.388000 1.683600,
			1.400000 0.388000 1.670800,
			1.380800 0.388000 1.662800,
			-1.282800 0.388000 1.760800,
			-1.280000 0.388000 1.740000,
			-1.110000 0.388000 1.580800,
			-1.282800 0.388000 1.719200,
			-1.190000 0.388000 1.580800,
			-1.290800 0.388000 1.700000,
			-1.303600 0.388000 1.683600,
			-0.990000 0.388000 1.580800,
			-1.339200 0.388000 1.662800,
			-1.360000 0.388000 1.660000,
			-1.290800 0.388000 1.780000,
			-0.910000 0.388000 1.580800,
			-1.303600 0.388000 1.796400,
			-0.710000 0.388000 1.580800,
			-1.320000 0.388000 1.809200,
			-0.510000 0.388000 1.580800,
			-0.310000 0.388000 1.580800,
			-1.339200 0.388000 1.817200,
			0.290000 0.388000 1.580800,
			1.320000 0.388000 1.809200,
			1.339200 0.388000 1.817200,
			0.410000 0.388000 1.580800,
			0.490000 0.388000 1.580800,
			0.690000 0.388000 1.580800,
			1.303600 0.388000 1.796400,
			0.890000 0.388000 1.580800,
			1.290800 0.388000 1.780000,
			1.282800 0.388000 1.760800,
			1.280000 0.388000 1.740000,
			1.282800 0.388000 1.719200,
			-1.380800 0.388000 1.662800,
			-1.400000 0.388000 1.670800,
			-1.416400 0.388000 1.683600,
			-1.429200 0.388000 1.700000,
			-1.320000 0.388000 1.670800,
			-1.380800 0.388000 1.817200,
			-1.360000 0.388000 1.820000,
			1.360000 0.388000 1.660000,
			1.290800 0.388000 1.700000,
			1.360000 0.388000 1.820000,
			1.380800 0.388000 1.817200,
			-1.450000 0.128000 1.360000,
			-1.570000 0.128000 1.360000,
			-1.570000 0.128000 1.440000,
			-1.450000 0.128000 1.440000,
			1.450000 0.128000 1.440000,
			1.450000 0.128000 1.360000,
			1.570000 0.128000 1.440000,
			1.570000 0.128000 1.360000,
			-1.190000 0.348000 1.400000,
			-1.190000 0.348000 1.502800,
			-1.190000 0.350800 1.525600,
			-1.190000 0.358400 1.546800,
			-1.190000 0.371200 1.565600,
			-1.110000 0.371200 1.565600,
			-1.110000 0.358400 1.546800,
			-1.110000 0.350800 1.525600,
			-1.110000 0.348000 1.502800,
			-1.110000 0.348000 1.400000,
			-0.990000 0.348000 1.400000,
			-0.990000 0.348000 1.502800,
			-0.990000 0.350800 1.525600,
			-0.990000 0.358400 1.546800,
			-0.990000 0.371200 1.565600,
			-0.910000 0.348000 1.400000,
			-0.910000 0.348000 1.502800,
			-0.910000 0.350800 1.525600,
			-0.910000 0.358400 1.546800,
			-0.910000 0.371200 1.565600,
			-0.790000 0.348000 1.400000,
			-0.790000 0.348000 1.502800,
			-0.790000 0.350800 1.525600,
			-0.790000 0.358400 1.546800,
			-0.790000 0.371200 1.565600,
			-0.710000 0.348000 1.400000,
			-0.710000 0.348000 1.502800,
			-0.710000 0.350800 1.525600,
			-0.710000 0.358400 1.546800,
			-0.710000 0.371200 1.565600,
			-0.590000 0.348000 1.400000,
			-0.590000 0.348000 1.502800,
			-0.590000 0.350800 1.525600,
			-0.590000 0.358400 1.546800,
			-0.590000 0.371200 1.565600,
			-0.510000 0.348000 1.400000,
			-0.510000 0.348000 1.502800,
			-0.510000 0.350800 1.525600,
			-0.510000 0.358400 1.546800,
			-0.510000 0.371200 1.565600,
			-0.390000 0.348000 1.400000,
			-0.390000 0.348000 1.502800,
			-0.390000 0.350800 1.525600,
			-0.390000 0.358400 1.546800,
			-0.390000 0.371200 1.565600,
			-0.310000 0.348000 1.400000,
			-0.310000 0.348000 1.502800,
			-0.310000 0.350800 1.525600,
			-0.310000 0.358400 1.546800,
			-0.310000 0.371200 1.565600,
			-0.190000 0.348000 1.400000,
			-0.190000 0.348000 1.502800,
			-0.190000 0.350800 1.525600,
			-0.190000 0.358400 1.546800,
			-0.190000 0.371200 1.565600,
			-0.110000 0.348000 1.400000,
			-0.110000 0.348000 1.502800,
			-0.110000 0.350800 1.525600,
			-0.110000 0.358400 1.546800,
			-0.110000 0.371200 1.565600,
			0.010000 0.348000 1.400000,
			0.010000 0.348000 1.502800,
			0.010000 0.350800 1.525600,
			0.010000 0.358400 1.546800,
			0.010000 0.371200 1.565600,
			0.090000 0.348000 1.400000,
			0.090000 0.348000 1.502800,
			0.090000 0.350800 1.525600,
			0.090000 0.358400 1.546800,
			0.090000 0.371200 1.565600,
			0.210000 0.348000 1.400000,
			0.210000 0.348000 1.502800,
			0.210000 0.350800 1.525600,
			0.210000 0.358400 1.546800,
			0.210000 0.371200 1.565600,
			0.290000 0.348000 1.400000,
			0.290000 0.348000 1.502800,
			0.290000 0.350800 1.525600,
			0.290000 0.358400 1.546800,
			0.290000 0.371200 1.565600,
			0.410000 0.348000 1.400000,
			0.410000 0.348000 1.502800,
			0.410000 0.350800 1.525600,
			0.410000 0.358400 1.546800,
			0.410000 0.371200 1.565600,
			0.490000 0.348000 1.400000,
			0.490000 0.348000 1.502800,
			0.490000 0.350800 1.525600,
			0.490000 0.358400 1.546800,
			0.490000 0.371200 1.565600,
			0.610000 0.348000 1.400000,
			0.610000 0.348000 1.502800,
			0.610000 0.350800 1.525600,
			0.610000 0.358400 1.546800,
			0.610000 0.371200 1.565600,
			0.690000 0.348000 1.400000,
			0.690000 0.348000 1.502800,
			0.690000 0.350800 1.525600,
			0.690000 0.358400 1.546800,
			0.690000 0.371200 1.565600,
			0.810000 0.348000 1.400000,
			0.810000 0.348000 1.502800,
			0.810000 0.350800 1.525600,
			0.810000 0.358400 1.546800,
			0.810000 0.371200 1.565600,
			0.890000 0.348000 1.400000,
			0.890000 0.348000 1.502800,
			0.890000 0.350800 1.525600,
			0.890000 0.358400 1.546800,
			0.890000 0.371200 1.565600,
			1.010000 0.348000 1.400000,
			1.010000 0.348000 1.502800,
			1.010000 0.350800 1.525600,
			1.010000 0.358400 1.546800,
			1.010000 0.371200 1.565600,
			1.090000 0.348000 1.400000,
			1.090000 0.348000 1.502800,
			1.090000 0.350800 1.525600,
			1.090000 0.358400 1.546800,
			1.090000 0.371200 1.565600,
			1.110000 0.348000 0.860000,
			1.110000 0.348000 0.981200,
			1.110000 0.396000 0.860000,
			1.110000 0.396000 1.020000,
			1.110000 0.350800 1.003600,
			1.110000 0.358400 1.024800,
			1.110000 0.371200 1.043600,
			1.190000 0.396000 1.020000,
			1.190000 0.396000 0.860000,
			1.190000 0.348000 0.860000,
			1.190000 0.348000 0.981200,
			1.190000 0.350800 1.003600,
			1.190000 0.358400 1.024800,
			1.190000 0.371200 1.043600,
			0.990000 0.396000 1.020000,
			1.278000 1.502000 1.020000,
			0.910000 0.396000 1.020000,
			0.790000 0.396000 1.020000,
			0.710000 0.396000 1.020000,
			0.590000 0.396000 1.020000,
			0.510000 0.396000 1.020000,
			0.390000 0.396000 1.020000,
			0.310000 0.396000 1.020000,
			0.190000 0.396000 1.020000,
			0.110000 0.396000 1.020000,
			-0.010000 0.396000 1.020000,
			-1.278000 1.502000 1.020000,
			-0.090000 0.396000 1.020000,
			-0.210000 0.396000 1.020000,
			-0.290000 0.396000 1.020000,
			-0.410000 0.396000 1.020000,
			-0.490000 0.396000 1.020000,
			-0.610000 0.396000 1.020000,
			-0.690000 0.396000 1.020000,
			-0.810000 0.396000 1.020000,
			-0.890000 0.396000 1.020000,
			-1.010000 0.396000 1.020000,
			-1.090000 0.396000 1.020000,
			1.376400 1.489200 1.860000,
			1.468000 1.451200 1.860000,
			1.546800 1.390800 1.860000,
			1.607200 1.312000 1.860000,
			1.645200 1.220400 1.860000,
			1.278000 1.502000 1.860000,
			-1.658000 1.122000 1.860000,
			-1.658000 0.539200 1.860000,
			-1.663200 0.820000 1.860000,
			-1.719200 0.623600 1.860000,
			-1.762000 0.718400 1.860000,
			-1.784400 0.820000 1.860000,
			-1.666000 0.840000 1.860000,
			-1.667600 0.860000 1.860000,
			-1.668000 0.880000 1.860000,
			-1.668000 1.120000 1.860000,
			-1.654800 1.221600 1.860000,
			-1.645200 1.220400 1.860000,
			-1.615600 1.316000 1.860000,
			-1.607200 1.312000 1.860000,
			-1.553200 1.397200 1.860000,
			-1.546800 1.390800 1.860000,
			-1.468000 1.451200 1.860000,
			-1.472000 1.459600 1.860000,
			-1.376400 1.489200 1.860000,
			-1.377600 1.498800 1.860000,
			-1.278000 1.502000 1.860000,
			-1.276000 1.512000 1.860000,
			1.668000 0.880000 1.860000,
			1.663200 0.820000 1.860000,
			1.667600 0.860000 1.860000,
			1.666000 0.840000 1.860000,
			1.784400 0.820000 1.860000,
			1.762000 0.718400 1.860000,
			1.719200 0.623600 1.860000,
			1.371200 0.376800 1.860000,
			1.276000 0.368000 1.860000,
			-1.276000 0.368000 1.860000,
			-1.371200 0.376800 1.860000,
			1.323600 0.370400 1.860000,
			-1.323600 0.370400 1.860000,
			-1.658000 1.022000 1.180000,
			-1.658000 1.024800 1.200800,
			-1.658000 1.081200 1.257200,
			-1.658000 1.062000 1.249200,
			-1.658000 1.045600 1.236400,
			-1.658000 1.032800 1.220000,
			-1.548400 1.402000 1.256800,
			-1.641200 1.402000 1.256800,
			-1.647200 1.402000 1.258400,
			-1.653200 1.402000 1.259600,
			-1.532000 1.416800 1.248000,
			-1.525200 1.422800 1.242400,
			-1.519200 1.427600 1.236400,
			-1.514400 1.431200 1.229600,
			-1.510800 1.433600 1.222400,
			-1.508800 1.435200 1.215200,
			-1.508000 1.436000 1.208000,
			-1.436800 1.477600 1.020000,
			-1.508000 1.436000 1.020000,
			-1.358400 1.503200 1.020000,
			-1.276000 1.512000 1.020000,
			-1.668000 1.120000 4.044000,
			-1.668000 1.120000 2.232000,
			-1.664800 1.171200 4.044000,
			-1.654800 1.221600 2.232000,
			-1.654800 1.221600 4.044000,
			-1.638000 1.270000 4.044000,
			-1.615600 1.316000 2.232000,
			-1.615600 1.316000 4.044000,
			-1.586800 1.358800 4.044000,
			-1.553200 1.397200 2.232000,
			-1.553200 1.397200 4.044000,
			-1.514800 1.430800 4.044000,
			-1.472000 1.459600 2.232000,
			-1.472000 1.459600 4.044000,
			-1.426000 1.482000 4.044000,
			-1.377600 1.498800 2.232000,
			-1.377600 1.498800 4.044000,
			-1.327200 1.508800 4.044000,
			-1.276000 1.512000 2.232000,
			-1.276000 1.512000 4.044000,
			-1.668000 0.880000 1.520000,
			-1.668000 0.878000 1.504400,
			-1.668000 1.056400 1.258000,
			-1.668000 0.880000 1.800000,
			-1.668000 0.872000 1.490000,
			-1.668000 1.042000 1.252000,
			-1.668000 0.862400 1.477600,
			-1.668000 1.029600 1.242400,
			-1.668000 0.850000 1.468000,
			-1.668000 1.020000 1.230000,
			-1.668000 0.835600 1.462000,
			-1.668000 1.014000 1.215600,
			-1.668000 0.820000 1.460000,
			-1.668000 1.012000 1.200000,
			-1.668000 0.202000 1.456400,
			-1.668000 0.128000 1.360000,
			-1.668000 0.228000 1.460000,
			-1.668000 0.228000 0.940000,
			-1.668000 0.952000 0.940000,
			-1.668000 1.012000 1.000000,
			-1.668000 0.178000 1.446800,
			-1.668000 0.157200 1.430800,
			-1.668000 0.141200 1.410000,
			-1.668000 0.131600 1.386000,
			-1.668000 0.128000 1.040000,
			-1.668000 0.131600 1.014000,
			-1.668000 0.141200 0.990000,
			-1.668000 0.157200 0.969200,
			-1.668000 0.178000 0.953200,
			-1.668000 0.202000 0.943600,
			-1.668000 0.967600 0.942000,
			-1.668000 0.982000 0.948000,
			-1.668000 0.994400 0.957600,
			-1.668000 1.004000 0.970000,
			-1.668000 1.010000 0.984400,
			-1.668000 0.880000 3.460000,
			-1.668000 0.908000 3.460000,
			-1.668000 0.880000 4.044000,
			-1.668000 0.923600 3.458000,
			-1.668000 0.938000 3.452000,
			-1.668000 0.950400 3.442400,
			-1.668000 0.960000 3.430000,
			-1.668000 0.966000 3.415600,
			-1.668000 0.968000 3.400000,
			-1.668000 0.968000 3.380000,
			-1.668000 0.966000 3.364400,
			-1.668000 0.966000 2.675600,
			-1.668000 0.968000 2.660000,
			-1.668000 0.960000 3.350000,
			-1.668000 0.960000 2.690000,
			-1.668000 0.950400 3.337600,
			-1.668000 0.950400 2.702400,
			-1.668000 0.938000 3.328000,
			-1.668000 0.938000 2.712000,
			-1.668000 0.923600 3.322000,
			-1.668000 0.923600 2.718000,
			-1.668000 0.908000 3.320000,
			-1.668000 0.908000 2.720000,
			-1.668000 0.328000 3.320000,
			-1.668000 0.328000 2.720000,
			-1.668000 0.302400 3.317200,
			-1.668000 0.256000 3.296000,
			-1.668000 0.128000 3.140000,
			-1.668000 0.128000 2.900000,
			-1.668000 0.256000 2.744000,
			-1.668000 0.176000 2.804000,
			-1.668000 0.278000 3.309200,
			-1.668000 0.176000 3.236000,
			-1.668000 0.156000 3.216800,
			-1.668000 0.140800 3.193600,
			-1.668000 0.131200 3.167600,
			-1.668000 0.131200 2.872400,
			-1.668000 0.140800 2.846400,
			-1.668000 0.156000 2.823200,
			-1.668000 0.278000 2.730800,
			-1.668000 0.302400 2.722800,
			-1.668000 0.968000 2.640000,
			-1.668000 0.966000 2.624400,
			-1.668000 0.960000 2.610000,
			-1.668000 0.950400 2.597600,
			-1.668000 0.938000 2.588000,
			-1.668000 0.923600 2.582000,
			-1.668000 0.880000 2.232000,
			-1.668000 0.908000 2.580000,
			-1.668000 0.880000 2.580000,
			1.668000 1.012000 1.200000,
			1.668000 1.012000 1.000000,
			1.668000 0.952000 0.940000,
			1.668000 0.228000 0.940000,
			1.668000 0.128000 1.040000,
			1.668000 0.131600 1.014000,
			1.668000 0.141200 0.990000,
			1.668000 0.157200 0.969200,
			1.668000 0.178000 0.953200,
			1.668000 0.202000 0.943600,
			1.668000 0.880000 1.520000,
			1.668000 0.878000 1.504400,
			1.668000 1.056400 1.258000,
			1.668000 0.872000 1.490000,
			1.668000 1.042000 1.252000,
			1.668000 0.862400 1.477600,
			1.668000 1.029600 1.242400,
			1.668000 0.850000 1.468000,
			1.668000 1.020000 1.230000,
			1.668000 0.835600 1.462000,
			1.668000 1.014000 1.215600,
			1.668000 0.820000 1.460000,
			1.668000 1.010000 0.984400,
			1.668000 1.004000 0.970000,
			1.668000 0.994400 0.957600,
			1.668000 0.982000 0.948000,
			1.668000 0.967600 0.942000,
			1.668000 0.228000 1.460000,
			1.668000 0.128000 1.360000,
			1.668000 0.202000 1.456400,
			1.668000 0.131600 1.386000,
			1.668000 0.141200 1.410000,
			1.668000 0.157200 1.430800,
			1.668000 0.178000 1.446800,
			1.668000 0.880000 1.800000,
			1.668000 0.128000 2.900000,
			1.668000 0.128000 3.140000,
			1.668000 0.328000 2.720000,
			1.668000 0.328000 3.320000,
			1.668000 0.908000 2.720000,
			1.668000 0.908000 3.320000,
			1.668000 0.923600 2.718000,
			1.668000 0.923600 3.322000,
			1.668000 0.938000 2.712000,
			1.668000 0.938000 3.328000,
			1.668000 0.950400 2.702400,
			1.668000 0.950400 3.337600,
			1.668000 0.960000 2.690000,
			1.668000 0.960000 3.350000,
			1.668000 0.966000 2.675600,
			1.668000 0.966000 3.364400,
			1.668000 0.968000 3.380000,
			1.668000 0.968000 3.400000,
			1.668000 0.966000 3.415600,
			1.668000 0.880000 2.580000,
			1.668000 0.908000 2.580000,
			1.668000 0.880000 2.232000,
			1.668000 0.923600 2.582000,
			1.668000 0.938000 2.588000,
			1.668000 0.950400 2.597600,
			1.668000 0.960000 2.610000,
			1.668000 0.966000 2.624400,
			1.668000 0.968000 2.640000,
			1.668000 0.968000 2.660000,
			1.668000 0.256000 2.744000,
			1.668000 0.302400 2.722800,
			1.668000 0.278000 2.730800,
			1.668000 0.176000 2.804000,
			1.668000 0.156000 2.823200,
			1.668000 0.140800 2.846400,
			1.668000 0.131200 2.872400,
			1.668000 0.131200 3.167600,
			1.668000 0.140800 3.193600,
			1.668000 0.156000 3.216800,
			1.668000 0.176000 3.236000,
			1.668000 0.256000 3.296000,
			1.668000 0.278000 3.309200,
			1.668000 0.302400 3.317200,
			1.668000 0.960000 3.430000,
			1.668000 0.950400 3.442400,
			1.668000 0.938000 3.452000,
			1.668000 0.923600 3.458000,
			1.668000 0.880000 4.044000,
			1.668000 0.908000 3.460000,
			1.668000 0.880000 3.460000,
			1.668000 0.878800 1.811600,
			1.668000 0.875200 1.823200,
			1.668000 0.869600 1.833600,
			1.667600 0.862400 1.842400,
			1.667200 0.853200 1.850000,
			1.666400 0.842800 1.855600,
			1.665200 0.831600 1.858800,
			1.276000 0.488000 2.232000,
			1.276000 0.488000 2.580000,
			1.377600 0.501200 2.232000,
			1.377600 0.501200 2.580000,
			1.472000 0.540400 2.580000,
			1.472000 0.540400 2.232000,
			1.553200 0.602800 2.580000,
			1.553200 0.602800 2.232000,
			1.615600 0.684000 2.580000,
			1.615600 0.684000 2.232000,
			1.654800 0.778400 2.580000,
			1.654800 0.778400 2.232000,
			1.664800 0.828800 4.044000,
			1.654800 0.778400 3.460000,
			1.654800 0.778400 4.044000,
			1.638000 0.730000 4.044000,
			1.615600 0.684000 3.460000,
			1.615600 0.684000 4.044000,
			1.586800 0.641200 4.044000,
			1.553200 0.602800 3.460000,
			1.553200 0.602800 4.044000,
			1.514800 0.569200 4.044000,
			1.472000 0.540400 3.460000,
			1.472000 0.540400 4.044000,
			1.426000 0.518000 4.044000,
			1.377600 0.501200 3.460000,
			1.377600 0.501200 4.044000,
			1.327200 0.491200 4.044000,
			1.276000 0.488000 3.460000,
			1.276000 0.488000 4.044000,
			1.785600 0.831600 1.858800,
			1.786800 0.842800 1.855600,
			1.787200 0.853600 1.850000,
			1.787600 0.862400 1.842400,
			1.788000 0.870000 1.833600,
			1.788000 0.875600 1.822800,
			1.788000 0.878800 1.811600,
			1.770400 0.747600 3.460000,
			1.719600 0.624000 3.460000,
			1.638000 0.518000 3.460000,
			1.532000 0.436400 3.460000,
			1.408400 0.385600 3.460000,
			1.276000 0.368000 3.460000,
			1.408400 0.385600 2.580000,
			1.506800 0.422800 1.860000,
			1.532000 0.436400 2.580000,
			1.588000 0.474000 1.860000,
			1.638000 0.518000 2.580000,
			1.719600 0.624000 2.580000,
			1.770400 0.747600 2.580000,
			1.276000 0.368000 2.580000,
			1.128000 0.368000 3.460000,
			1.128000 0.488000 3.460000,
			-1.770400 0.747600 3.460000,
			-1.654800 0.778400 3.460000,
			-1.615600 0.684000 3.460000,
			-1.719600 0.624000 3.460000,
			-1.553200 0.602800 3.460000,
			-1.638000 0.518000 3.460000,
			-1.472000 0.540400 3.460000,
			-1.532000 0.436400 3.460000,
			-1.377600 0.501200 3.460000,
			-1.408400 0.385600 3.460000,
			-1.276000 0.368000 3.460000,
			-1.276000 0.488000 3.460000,
			-1.128000 0.488000 3.460000,
			-1.128000 0.368000 3.460000,
			-1.408400 0.385600 2.580000,
			-1.506800 0.422800 1.860000,
			-1.532000 0.436400 2.580000,
			-1.588000 0.474000 1.860000,
			-1.638000 0.518000 2.580000,
			-1.719600 0.624000 2.580000,
			-1.276000 0.368000 2.580000,
			-1.770400 0.747600 2.580000,
			-1.785600 0.831600 1.858800,
			-1.788000 0.878800 1.811600,
			-1.788000 0.875600 1.822800,
			-1.788000 0.870000 1.833600,
			-1.787600 0.862400 1.842400,
			-1.787200 0.853600 1.850000,
			-1.786800 0.842800 1.855600,
			1.102000 0.368000 3.456400,
			-1.057200 0.368000 3.430800,
			-1.041200 0.368000 3.410000,
			1.041200 0.368000 3.410000,
			1.057200 0.368000 3.430800,
			1.078000 0.368000 3.446800,
			-1.102000 0.368000 3.456400,
			-1.078000 0.368000 3.446800,
			1.031600 0.368000 3.386000,
			-1.031600 0.368000 3.386000,
			1.028000 0.368000 3.360000,
			-1.028000 0.368000 3.360000,
			-1.028000 0.368000 2.660000,
			1.028000 0.368000 2.660000,
			-1.030800 0.368000 2.639200,
			1.030800 0.368000 2.639200,
			-1.038800 0.368000 2.620000,
			1.038800 0.368000 2.620000,
			-1.051600 0.368000 2.603600,
			-1.068000 0.368000 2.590800,
			-1.087200 0.368000 2.582800,
			-1.108000 0.368000 2.580000,
			1.108000 0.368000 2.580000,
			1.087200 0.368000 2.582800,
			1.068000 0.368000 2.590800,
			1.051600 0.368000 2.603600,
			1.028000 0.488000 3.360000,
			1.031600 0.488000 3.386000,
			1.041200 0.488000 3.410000,
			1.057200 0.488000 3.430800,
			1.078000 0.488000 3.446800,
			1.102000 0.488000 3.456400,
			1.028000 0.488000 2.660000,
			-1.041200 0.488000 3.410000,
			-1.031600 0.488000 3.386000,
			-1.028000 0.488000 3.360000,
			-1.028000 0.488000 2.660000,
			-1.030800 0.488000 2.639200,
			1.030800 0.488000 2.639200,
			-1.038800 0.488000 2.620000,
			1.038800 0.488000 2.620000,
			-1.051600 0.488000 2.603600,
			1.051600 0.488000 2.603600,
			-1.276000 0.488000 2.232000,
			-1.068000 0.488000 2.590800,
			-1.087200 0.488000 2.582800,
			1.068000 0.488000 2.590800,
			1.087200 0.488000 2.582800,
			1.108000 0.488000 2.580000,
			-1.276000 0.488000 2.580000,
			-1.108000 0.488000 2.580000,
			-1.276000 0.488000 4.044000,
			-1.057200 0.488000 3.430800,
			-1.078000 0.488000 3.446800,
			-1.102000 0.488000 3.456400,
			-1.377600 0.501200 4.044000,
			-1.472000 0.540400 4.044000,
			-1.553200 0.602800 4.044000,
			-1.615600 0.684000 4.044000,
			-1.654800 0.778400 4.044000,
			-0.958000 1.512000 1.155600,
			-0.952000 1.512000 1.170000,
			-0.942400 1.512000 1.182400,
			-0.930000 1.512000 1.192000,
			-0.915600 1.512000 1.198000,
			-0.960000 1.512000 1.140000,
			-1.020000 1.512000 1.020000,
			-0.960000 1.512000 1.080000,
			-0.962000 1.512000 1.064400,
			-1.004400 1.512000 1.022000,
			-0.990000 1.512000 1.028000,
			-0.977600 1.512000 1.037600,
			-0.968000 1.512000 1.050000,
			-0.900000 1.512000 1.200000,
			-0.880000 1.512000 1.200000,
			-0.864400 1.512000 1.198000,
			-0.495600 1.512000 1.198000,
			-0.850000 1.512000 1.192000,
			-0.510000 1.512000 1.192000,
			-0.837600 1.512000 1.182400,
			-0.522400 1.512000 1.182400,
			-0.532000 1.512000 1.170000,
			-0.828000 1.512000 1.170000,
			-0.538000 1.512000 1.155600,
			-0.822000 1.512000 1.155600,
			-0.540000 1.512000 1.140000,
			-0.820000 1.512000 1.140000,
			-0.480000 1.512000 1.200000,
			-0.460000 1.512000 1.200000,
			-0.444400 1.512000 1.198000,
			0.444400 1.512000 1.198000,
			-0.430000 1.512000 1.192000,
			0.430000 1.512000 1.192000,
			0.417600 1.512000 1.182400,
			-0.417600 1.512000 1.182400,
			0.408000 1.512000 1.170000,
			-0.408000 1.512000 1.170000,
			0.402000 1.512000 1.155600,
			-0.402000 1.512000 1.155600,
			0.320000 1.512000 1.020000,
			0.400000 1.512000 1.140000,
			0.400000 1.512000 1.100000,
			-0.320000 1.512000 1.020000,
			-0.400000 1.512000 1.140000,
			-0.400000 1.512000 1.100000,
			-0.397200 1.512000 1.079200,
			-0.389200 1.512000 1.060000,
			-0.376400 1.512000 1.043600,
			-0.360000 1.512000 1.030800,
			-0.340800 1.512000 1.022800,
			0.340800 1.512000 1.022800,
			0.360000 1.512000 1.030800,
			0.376400 1.512000 1.043600,
			0.389200 1.512000 1.060000,
			0.397200 1.512000 1.079200,
			0.460000 1.512000 1.200000,
			0.480000 1.512000 1.200000,
			0.495600 1.512000 1.198000,
			0.864400 1.512000 1.198000,
			0.880000 1.512000 1.200000,
			0.850000 1.512000 1.192000,
			0.510000 1.512000 1.192000,
			0.837600 1.512000 1.182400,
			0.522400 1.512000 1.182400,
			0.828000 1.512000 1.170000,
			0.532000 1.512000 1.170000,
			0.822000 1.512000 1.155600,
			0.538000 1.512000 1.155600,
			0.820000 1.512000 1.140000,
			0.540000 1.512000 1.140000,
			0.900000 1.512000 1.200000,
			0.915600 1.512000 1.198000,
			0.930000 1.512000 1.192000,
			0.942400 1.512000 1.182400,
			0.952000 1.512000 1.170000,
			0.958000 1.512000 1.155600,
			0.960000 1.512000 1.140000,
			1.020000 1.512000 1.020000,
			0.960000 1.512000 1.080000,
			1.004400 1.512000 1.022000,
			0.990000 1.512000 1.028000,
			0.962000 1.512000 1.064400,
			0.968000 1.512000 1.050000,
			0.977600 1.512000 1.037600,
			1.020000 1.632000 1.020000,
			1.555600 1.436000 1.020000,
			1.004400 1.632000 1.022000,
			0.990000 1.632000 1.028000,
			0.977600 1.632000 1.037600,
			0.968000 1.632000 1.050000,
			0.962000 1.632000 1.064400,
			0.960000 1.632000 1.080000,
			-0.952000 1.632000 1.170000,
			-0.958000 1.632000 1.155600,
			-0.960000 1.632000 1.140000,
			-1.020000 1.632000 1.020000,
			-0.960000 1.632000 1.080000,
			-1.004400 1.632000 1.022000,
			-0.990000 1.632000 1.028000,
			-0.900000 1.632000 1.200000,
			-0.915600 1.632000 1.198000,
			-0.930000 1.632000 1.192000,
			-0.942400 1.632000 1.182400,
			0.460000 1.632000 1.200000,
			0.444400 1.632000 1.198000,
			-0.444400 1.632000 1.198000,
			-0.460000 1.632000 1.200000,
			-0.480000 1.632000 1.200000,
			0.952000 1.632000 1.170000,
			0.942400 1.632000 1.182400,
			0.930000 1.632000 1.192000,
			0.915600 1.632000 1.198000,
			0.900000 1.632000 1.200000,
			0.960000 1.632000 1.140000,
			0.958000 1.632000 1.155600,
			0.880000 1.632000 1.200000,
			0.867600 1.632000 1.198800,
			0.492400 1.632000 1.198800,
			0.504400 1.632000 1.194800,
			0.855600 1.632000 1.194800,
			0.515200 1.632000 1.188400,
			0.844800 1.632000 1.188400,
			0.524800 1.632000 1.180000,
			0.835200 1.632000 1.180000,
			0.480000 1.632000 1.200000,
			-0.430000 1.632000 1.192000,
			0.430000 1.632000 1.192000,
			-0.417600 1.632000 1.182400,
			0.417600 1.632000 1.182400,
			-0.408000 1.632000 1.170000,
			0.408000 1.632000 1.170000,
			-0.402000 1.632000 1.155600,
			0.402000 1.632000 1.155600,
			-0.320000 1.632000 1.020000,
			0.320000 1.632000 1.020000,
			0.400000 1.632000 1.140000,
			0.400000 1.632000 1.100000,
			0.340800 1.632000 1.022800,
			0.360000 1.632000 1.030800,
			0.397200 1.632000 1.079200,
			0.389200 1.632000 1.060000,
			0.376400 1.632000 1.043600,
			-0.340800 1.632000 1.022800,
			-0.400000 1.632000 1.100000,
			-0.400000 1.632000 1.140000,
			-0.360000 1.632000 1.030800,
			-0.376400 1.632000 1.043600,
			-0.389200 1.632000 1.060000,
			-0.397200 1.632000 1.079200,
			-0.492400 1.632000 1.198800,
			-0.867600 1.632000 1.198800,
			-0.880000 1.632000 1.200000,
			-0.855600 1.632000 1.194800,
			-0.504400 1.632000 1.194800,
			-0.844800 1.632000 1.188400,
			-0.515200 1.632000 1.188400,
			-0.835200 1.632000 1.180000,
			-0.524800 1.632000 1.180000,
			-0.962000 1.632000 1.064400,
			-0.968000 1.632000 1.050000,
			-0.977600 1.632000 1.037600,
			-1.555600 1.436000 1.020000,
			-1.568800 1.436000 1.021600,
			-1.581600 1.436000 1.026800,
			-1.592400 1.436000 1.035200,
			-1.600400 1.436000 1.046000,
			-1.605600 1.436000 1.058400,
			-1.607600 1.436000 1.072000,
			-1.607600 1.436000 1.208000,
			-1.633600 1.410000 1.253200,
			-1.626400 1.416800 1.248400,
			-1.620800 1.422800 1.242400,
			-1.616000 1.427600 1.236400,
			-1.612000 1.431200 1.229600,
			-1.609600 1.434000 1.222400,
			-1.608000 1.435200 1.215200,
			1.607600 1.436000 1.072000,
			1.568800 1.436000 1.021600,
			1.581600 1.436000 1.026800,
			1.592400 1.436000 1.035200,
			1.600400 1.436000 1.046000,
			1.605600 1.436000 1.058400,
			0.530800 1.632000 1.172000,
			0.535600 1.631200 1.162800,
			0.538800 1.629600 1.151600,
			0.540000 1.626800 1.140000,
			0.540000 1.502000 1.022800,
			0.540000 1.502000 1.140000,
			0.540000 1.536400 1.033600,
			0.540000 1.567600 1.051600,
			0.540000 1.594000 1.076400,
			0.540000 1.614000 1.106400,
			0.820000 1.502000 1.140000,
			-0.540000 1.502000 1.140000,
			-0.820000 1.502000 1.140000,
			-0.820000 1.502000 1.022800,
			-0.540000 1.502000 1.022800,
			0.820000 1.502000 1.022800,
			-0.540000 1.536400 1.033600,
			-0.540000 1.567600 1.051600,
			-0.540000 1.594000 1.076400,
			-0.540000 1.614000 1.106400,
			-0.540000 1.626800 1.140000,
			-0.820000 1.536400 1.033600,
			-0.820000 1.567600 1.051600,
			-0.820000 1.594000 1.076400,
			-0.820000 1.626800 1.140000,
			-0.820000 1.614000 1.106400,
			-0.821200 1.629600 1.151600,
			-0.538800 1.629600 1.151600,
			-0.824400 1.631200 1.162800,
			-0.535600 1.631200 1.162800,
			-0.829200 1.632000 1.172000,
			-0.530800 1.632000 1.172000,
			0.820000 1.536400 1.033600,
			0.820000 1.567600 1.051600,
			0.820000 1.594000 1.076400,
			0.820000 1.614000 1.106400,
			0.820000 1.626800 1.140000,
			0.829200 1.632000 1.172000,
			0.824400 1.631200 1.162800,
			0.821200 1.629600 1.151600,
			-1.338000 1.140000 2.232000,
			-1.334400 1.166000 2.232000,
			-1.324800 1.190000 2.232000,
			-1.308800 1.210800 2.232000,
			-1.288000 1.226800 2.232000,
			-1.264000 1.236400 2.232000,
			-1.238000 1.240000 2.232000,
			1.238000 1.240000 2.232000,
			1.264000 1.236400 2.232000,
			-1.338000 0.860000 2.232000,
			-1.654800 0.778400 2.232000,
			-1.334400 0.834000 2.232000,
			-1.615600 0.684000 2.232000,
			-1.324800 0.810000 2.232000,
			-1.553200 0.602800 2.232000,
			-1.308800 0.789200 2.232000,
			-1.472000 0.540400 2.232000,
			-1.288000 0.773200 2.232000,
			-1.377600 0.501200 2.232000,
			-1.264000 0.763600 2.232000,
			-1.238000 0.760000 2.232000,
			1.238000 0.760000 2.232000,
			1.264000 0.763600 2.232000,
			1.288000 0.773200 2.232000,
			1.308800 0.789200 2.232000,
			1.324800 0.810000 2.232000,
			1.334400 0.834000 2.232000,
			1.338000 0.860000 2.232000,
			1.338000 1.140000 2.232000,
			1.334400 1.166000 2.232000,
			1.324800 1.190000 2.232000,
			1.308800 1.210800 2.232000,
			1.288000 1.226800 2.232000,
			-1.665200 0.831600 1.858800,
			-1.666400 0.842800 1.855600,
			-1.667200 0.853600 1.850000,
			-1.667600 0.862400 1.842400,
			-1.668000 0.870000 1.833600,
			-1.668000 0.875600 1.822800,
			-1.668000 0.878800 1.811600,
			-1.654800 0.778400 2.580000,
			-1.615600 0.684000 2.580000,
			-1.553200 0.602800 2.580000,
			-1.472000 0.540400 2.580000,
			-1.377600 0.501200 2.580000,
			-1.238000 0.760000 2.860000,
			1.238000 0.760000 2.860000,
			-1.238000 0.800000 2.900000,
			1.238000 0.800000 2.900000,
			1.296000 0.844400 2.900000,
			1.298000 0.860000 2.900000,
			1.298000 0.870000 2.900000,
			1.160000 0.870000 2.900000,
			1.160000 0.860000 2.900000,
			1.040000 0.860000 2.900000,
			0.960000 0.860000 2.900000,
			0.960000 0.870000 2.900000,
			1.040000 0.870000 2.900000,
			0.840000 0.860000 2.900000,
			0.760000 0.860000 2.900000,
			0.640000 0.860000 2.900000,
			0.840000 0.870000 2.900000,
			0.760000 0.870000 2.900000,
			0.640000 0.870000 2.900000,
			0.560000 0.870000 2.900000,
			0.560000 0.860000 2.900000,
			0.440000 0.860000 2.900000,
			0.360000 0.860000 2.900000,
			0.360000 0.870000 2.900000,
			0.440000 0.870000 2.900000,
			0.240000 0.860000 2.900000,
			0.160000 0.860000 2.900000,
			0.040000 0.860000 2.900000,
			0.240000 0.870000 2.900000,
			0.160000 0.870000 2.900000,
			0.040000 0.870000 2.900000,
			-0.040000 0.870000 2.900000,
			-0.040000 0.860000 2.900000,
			-0.160000 0.860000 2.900000,
			-0.240000 0.860000 2.900000,
			-0.360000 0.860000 2.900000,
			-0.160000 0.870000 2.900000,
			-0.240000 0.870000 2.900000,
			-0.360000 0.870000 2.900000,
			-0.440000 0.870000 2.900000,
			-0.440000 0.860000 2.900000,
			-0.560000 0.860000 2.900000,
			-0.640000 0.860000 2.900000,
			-0.640000 0.870000 2.900000,
			-0.560000 0.870000 2.900000,
			-0.760000 0.860000 2.900000,
			-0.840000 0.860000 2.900000,
			-0.960000 0.860000 2.900000,
			-0.760000 0.870000 2.900000,
			-0.840000 0.870000 2.900000,
			-0.960000 0.870000 2.900000,
			-1.040000 0.870000 2.900000,
			-1.040000 0.860000 2.900000,
			-1.160000 0.860000 2.900000,
			-1.160000 0.870000 2.900000,
			-1.298000 0.870000 2.900000,
			-1.298000 0.860000 2.900000,
			-1.296000 0.844400 2.900000,
			-1.290000 0.830000 2.900000,
			-1.280400 0.817600 2.900000,
			-1.268000 0.808000 2.900000,
			-1.253600 0.802000 2.900000,
			1.253600 0.802000 2.900000,
			1.268000 0.808000 2.900000,
			1.280400 0.817600 2.900000,
			1.290000 0.830000 2.900000,
			1.296000 1.155600 2.900000,
			1.290000 1.170000 2.900000,
			1.298000 1.140000 2.900000,
			1.280400 1.182400 2.900000,
			1.268000 1.192000 2.900000,
			1.253600 1.198000 2.900000,
			1.238000 1.200000 2.900000,
			1.298000 1.130000 2.900000,
			1.160000 1.130000 2.900000,
			-0.240000 1.130000 2.900000,
			-0.160000 1.130000 2.900000,
			-0.240000 1.140000 2.900000,
			-0.160000 1.140000 2.900000,
			-1.238000 1.200000 2.900000,
			-0.040000 1.140000 2.900000,
			0.040000 1.140000 2.900000,
			0.160000 1.140000 2.900000,
			-1.253600 1.198000 2.900000,
			-1.298000 1.140000 2.900000,
			-1.298000 1.130000 2.900000,
			-1.160000 1.130000 2.900000,
			-1.268000 1.192000 2.900000,
			-1.280400 1.182400 2.900000,
			-1.290000 1.170000 2.900000,
			-1.296000 1.155600 2.900000,
			-1.160000 1.140000 2.900000,
			-1.040000 1.140000 2.900000,
			-0.960000 1.140000 2.900000,
			-0.960000 1.130000 2.900000,
			-1.040000 1.130000 2.900000,
			-0.840000 1.140000 2.900000,
			-0.760000 1.140000 2.900000,
			-0.640000 1.140000 2.900000,
			-0.840000 1.130000 2.900000,
			-0.760000 1.130000 2.900000,
			-0.640000 1.130000 2.900000,
			-0.560000 1.130000 2.900000,
			-0.560000 1.140000 2.900000,
			-0.440000 1.140000 2.900000,
			-0.360000 1.140000 2.900000,
			-0.360000 1.130000 2.900000,
			-0.440000 1.130000 2.900000,
			-0.040000 1.130000 2.900000,
			0.040000 1.130000 2.900000,
			0.160000 1.130000 2.900000,
			0.240000 1.130000 2.900000,
			0.240000 1.140000 2.900000,
			0.360000 1.140000 2.900000,
			0.440000 1.140000 2.900000,
			0.440000 1.130000 2.900000,
			0.360000 1.130000 2.900000,
			0.560000 1.140000 2.900000,
			0.640000 1.140000 2.900000,
			0.760000 1.140000 2.900000,
			0.560000 1.130000 2.900000,
			0.640000 1.130000 2.900000,
			0.760000 1.130000 2.900000,
			0.840000 1.130000 2.900000,
			0.840000 1.140000 2.900000,
			0.960000 1.140000 2.900000,
			1.040000 1.140000 2.900000,
			1.040000 1.130000 2.900000,
			0.960000 1.130000 2.900000,
			1.160000 1.140000 2.900000,
			1.264000 0.763600 2.860000,
			1.288000 0.773200 2.860000,
			1.308800 0.789200 2.860000,
			1.324800 0.810000 2.860000,
			1.334400 0.834000 2.860000,
			1.338000 0.860000 2.860000,
			1.338000 1.140000 2.860000,
			1.298000 1.130000 2.960400,
			1.298000 0.870000 2.960400,
			-1.298000 0.870000 2.960400,
			-1.278000 0.870000 2.972000,
			-1.261200 0.870000 2.988000,
			-1.248400 0.870000 3.007200,
			-1.248400 0.870000 3.496800,
			-1.240800 0.870000 3.474800,
			-1.160000 0.870000 3.860000,
			-1.238000 0.870000 3.452000,
			-1.238000 0.870000 3.052000,
			-1.240800 0.870000 3.029200,
			-0.960000 0.870000 3.860000,
			-1.040000 0.870000 3.860000,
			-1.213200 0.870000 3.944000,
			-1.213600 0.870000 3.943200,
			-1.214400 0.870000 3.942000,
			-0.840000 0.870000 3.860000,
			-0.760000 0.870000 3.860000,
			-0.640000 0.870000 3.860000,
			-0.560000 0.870000 3.860000,
			-0.440000 0.870000 3.860000,
			-0.360000 0.870000 3.860000,
			-0.240000 0.870000 3.860000,
			-0.160000 0.870000 3.860000,
			-0.040000 0.870000 3.860000,
			0.040000 0.870000 3.860000,
			1.213200 0.870000 3.944000,
			0.160000 0.870000 3.860000,
			0.240000 0.870000 3.860000,
			0.360000 0.870000 3.860000,
			0.440000 0.870000 3.860000,
			0.560000 0.870000 3.860000,
			0.640000 0.870000 3.860000,
			0.760000 0.870000 3.860000,
			0.840000 0.870000 3.860000,
			0.960000 0.870000 3.860000,
			1.040000 0.870000 3.860000,
			1.160000 0.870000 3.860000,
			1.214000 0.870000 3.942800,
			1.214400 0.870000 3.942000,
			1.240800 0.870000 3.029200,
			1.238000 0.870000 3.052000,
			1.238000 0.870000 3.452000,
			1.240800 0.870000 3.474800,
			1.248400 0.870000 3.496800,
			1.278000 0.870000 2.972000,
			1.261200 0.870000 2.988000,
			1.248400 0.870000 3.007200,
			1.261200 0.870000 3.516000,
			1.298000 0.870000 3.719200,
			1.292000 0.870000 3.749200,
			1.297200 0.870000 3.729200,
			1.295200 0.870000 3.739200,
			1.278000 0.870000 3.532000,
			1.298000 0.870000 3.543600,
			-1.292000 0.870000 3.749200,
			-1.298000 0.870000 3.719200,
			-1.261200 0.870000 3.516000,
			-1.278000 0.870000 3.532000,
			-1.295200 0.870000 3.739200,
			-1.297200 0.870000 3.729200,
			-1.298000 0.870000 3.543600,
			-1.298000 1.130000 2.960400,
			-1.338000 1.140000 2.860000,
			-1.338000 0.860000 2.860000,
			-1.334400 0.834000 2.860000,
			-1.324800 0.810000 2.860000,
			-1.308800 0.789200 2.860000,
			-1.288000 0.773200 2.860000,
			-1.264000 0.763600 2.860000,
			-1.238000 1.240000 2.860000,
			-1.264000 1.236400 2.860000,
			-1.288000 1.226800 2.860000,
			-1.308800 1.210800 2.860000,
			-1.324800 1.190000 2.860000,
			-1.334400 1.166000 2.860000,
			1.238000 1.240000 2.860000,
			1.334400 1.166000 2.860000,
			1.324800 1.190000 2.860000,
			1.308800 1.210800 2.860000,
			1.288000 1.226800 2.860000,
			1.264000 1.236400 2.860000,
			-1.278000 1.130000 2.972000,
			-1.261200 1.130000 2.988000,
			-1.248400 1.130000 3.007200,
			-1.240800 1.130000 3.029200,
			-1.238000 1.130000 3.052000,
			-1.238000 1.130000 3.452000,
			-1.160000 1.130000 3.860000,
			-1.240800 1.130000 3.474800,
			-1.248400 1.130000 3.496800,
			-1.261200 1.130000 3.516000,
			-1.298000 1.130000 3.719200,
			-1.292000 1.130000 3.749200,
			-1.297200 1.130000 3.729200,
			-1.295200 1.130000 3.739200,
			-1.278000 1.130000 3.532000,
			-1.298000 1.130000 3.543600,
			-1.214400 1.130000 3.942000,
			-1.214000 1.130000 3.942800,
			-1.213200 1.130000 3.944000,
			0.160000 1.130000 3.860000,
			0.040000 1.130000 3.860000,
			1.213200 1.130000 3.944000,
			-0.040000 1.130000 3.860000,
			-0.160000 1.130000 3.860000,
			-0.240000 1.130000 3.860000,
			1.213600 1.130000 3.943200,
			1.160000 1.130000 3.860000,
			1.040000 1.130000 3.860000,
			0.960000 1.130000 3.860000,
			1.214400 1.130000 3.942000,
			1.292000 1.130000 3.749200,
			1.298000 1.130000 3.719200,
			1.297200 1.130000 3.729200,
			1.295200 1.130000 3.739200,
			1.298000 1.130000 3.543600,
			1.278000 1.130000 3.532000,
			1.261200 1.130000 3.516000,
			1.248400 1.130000 3.496800,
			1.240800 1.130000 3.474800,
			1.238000 1.130000 3.452000,
			1.238000 1.130000 3.052000,
			1.240800 1.130000 3.029200,
			1.248400 1.130000 3.007200,
			1.261200 1.130000 2.988000,
			1.278000 1.130000 2.972000,
			0.840000 1.130000 3.860000,
			0.760000 1.130000 3.860000,
			0.640000 1.130000 3.860000,
			0.560000 1.130000 3.860000,
			0.440000 1.130000 3.860000,
			0.360000 1.130000 3.860000,
			0.240000 1.130000 3.860000,
			-0.360000 1.130000 3.860000,
			-0.440000 1.130000 3.860000,
			-0.560000 1.130000 3.860000,
			-0.640000 1.130000 3.860000,
			-0.760000 1.130000 3.860000,
			-0.840000 1.130000 3.860000,
			-0.960000 1.130000 3.860000,
			-1.040000 1.130000 3.860000,
			-1.160000 1.140000 3.860000,
			-1.160000 0.860000 3.860000,
			-1.040000 1.140000 3.860000,
			-1.040000 0.860000 3.860000,
			-0.960000 1.140000 3.860000,
			-0.960000 0.860000 3.860000,
			-0.840000 1.140000 3.860000,
			-0.840000 0.860000 3.860000,
			-0.760000 1.140000 3.860000,
			-0.760000 0.860000 3.860000,
			-0.640000 1.140000 3.860000,
			-0.640000 0.860000 3.860000,
			-0.560000 1.140000 3.860000,
			-0.560000 0.860000 3.860000,
			-0.440000 1.140000 3.860000,
			-0.440000 0.860000 3.860000,
			-0.360000 1.140000 3.860000,
			-0.360000 0.860000 3.860000,
			-0.240000 1.140000 3.860000,
			-0.240000 0.860000 3.860000,
			-0.160000 1.140000 3.860000,
			-0.160000 0.860000 3.860000,
			-0.040000 1.140000 3.860000,
			-0.040000 0.860000 3.860000,
			0.040000 1.140000 3.860000,
			0.040000 0.860000 3.860000,
			0.160000 1.140000 3.860000,
			0.160000 0.860000 3.860000,
			0.240000 1.140000 3.860000,
			0.240000 0.860000 3.860000,
			0.360000 1.140000 3.860000,
			0.360000 0.860000 3.860000,
			0.440000 1.140000 3.860000,
			0.440000 0.860000 3.860000,
			0.560000 1.140000 3.860000,
			0.560000 0.860000 3.860000,
			0.640000 1.140000 3.860000,
			0.640000 0.860000 3.860000,
			0.760000 1.140000 3.860000,
			0.760000 0.860000 3.860000,
			0.840000 1.140000 3.860000,
			0.840000 0.860000 3.860000,
			0.960000 1.140000 3.860000,
			0.960000 0.860000 3.860000,
			1.040000 1.140000 3.860000,
			1.040000 0.860000 3.860000,
			1.160000 1.140000 3.860000,
			1.160000 0.860000 3.860000,
			1.258800 1.040000 3.832000,
			1.258800 0.960000 3.832000,
			1.214400 1.040000 3.942000,
			1.214400 0.960000 3.942000,
			1.194800 0.896400 3.970400,
			1.202000 0.888800 3.962800,
			1.205200 0.960000 3.958400,
			1.192400 0.960000 3.972400,
			1.186400 0.903200 3.977200,
			1.176800 0.960000 3.983200,
			1.176800 0.908800 3.982800,
			1.166400 0.913600 3.987600,
			1.158800 0.960000 3.989600,
			1.154000 0.916800 3.990800,
			1.140000 0.960000 3.992000,
			1.140000 0.918000 3.992000,
			-1.202000 0.888800 3.962800,
			-1.140000 0.918000 3.992000,
			-1.154000 0.916800 3.990800,
			-1.166400 0.913600 3.987600,
			-1.176800 0.908800 3.982800,
			-1.186400 0.903200 3.977200,
			-1.194800 0.896400 3.970400,
			-1.140000 0.960000 3.992000,
			-1.158800 0.960000 3.989600,
			-1.176800 0.960000 3.983200,
			-1.192400 0.960000 3.972400,
			-1.205200 0.960000 3.958400,
			-1.214400 0.960000 3.942000,
			-1.258800 0.960000 3.832000,
			-1.258800 1.040000 3.832000,
			-1.214400 1.040000 3.942000,
			-1.194800 1.103600 3.970400,
			-1.202000 1.111200 3.962800,
			-1.205200 1.040000 3.958400,
			-1.192400 1.040000 3.972400,
			-1.186400 1.096800 3.977200,
			-1.176800 1.040000 3.983200,
			-1.176800 1.091200 3.982800,
			-1.166400 1.086400 3.987600,
			-1.158800 1.040000 3.989600,
			-1.154000 1.083200 3.990800,
			-1.140000 1.040000 3.992000,
			-1.140000 1.082000 3.992000,
			1.202000 1.111200 3.962800,
			1.140000 1.082000 3.992000,
			1.154000 1.083200 3.990800,
			1.166400 1.086400 3.987600,
			1.176800 1.091200 3.982800,
			1.186400 1.096800 3.977200,
			1.194800 1.103600 3.970400,
			1.140000 1.040000 3.992000,
			1.158800 1.040000 3.989600,
			1.176800 1.040000 3.983200,
			1.192400 1.040000 3.972400,
			1.205200 1.040000 3.958400,
			0.680000 0.960000 3.992000,
			-0.680000 0.960000 3.992000,
			-0.680000 1.040000 3.992000,
			0.680000 1.040000 3.992000,
			1.306000 0.960000 3.832000,
			1.241200 0.960000 3.994400,
			1.234400 0.960000 4.006800,
			1.224800 0.960000 4.017200,
			1.212800 0.960000 4.025200,
			1.199600 0.960000 4.030400,
			1.185200 0.960000 4.032000,
			0.680000 0.960000 4.032000,
			-0.680000 0.960000 4.032000,
			-1.185200 0.960000 4.032000,
			-1.199600 0.960000 4.030400,
			-1.212800 0.960000 4.025200,
			-1.224800 0.960000 4.017200,
			-1.234400 0.960000 4.006800,
			-1.241200 0.960000 3.994400,
			-1.306000 0.960000 3.832000,
			0.680000 1.040000 4.032000,
			1.185200 1.040000 4.032000,
			1.199600 1.040000 4.030400,
			1.212800 1.040000 4.025200,
			1.224800 1.040000 4.017200,
			1.234400 1.040000 4.006800,
			1.241200 1.040000 3.994400,
			1.306000 1.040000 3.832000,
			-1.306000 1.040000 3.832000,
			-1.241200 1.040000 3.994400,
			-1.234400 1.040000 4.006800,
			-1.224800 1.040000 4.017200,
			-1.212800 1.040000 4.025200,
			-1.199600 1.040000 4.030400,
			-1.185200 1.040000 4.032000,
			-0.680000 1.040000 4.032000,
			-1.090000 0.348000 0.981200,
			-1.090000 0.350800 1.003600,
			-1.090000 0.358400 1.024800,
			-1.090000 0.396000 0.860000,
			-1.090000 0.348000 0.860000,
			-1.090000 0.371200 1.043600,
			-1.010000 0.371200 1.043600,
			-1.010000 0.358400 1.024800,
			-1.010000 0.350800 1.003600,
			-1.010000 0.348000 0.981200,
			-1.010000 0.348000 0.860000,
			-1.010000 0.396000 0.860000,
			-0.890000 0.348000 0.860000,
			-0.890000 0.348000 0.981200,
			-0.890000 0.396000 0.860000,
			-0.890000 0.350800 1.003600,
			-0.890000 0.358400 1.024800,
			-0.890000 0.371200 1.043600,
			-0.810000 0.396000 0.860000,
			-0.810000 0.348000 0.860000,
			-0.810000 0.348000 0.981200,
			-0.810000 0.350800 1.003600,
			-0.810000 0.358400 1.024800,
			-0.810000 0.371200 1.043600,
			-0.690000 0.348000 0.860000,
			-0.690000 0.348000 0.981200,
			-0.690000 0.396000 0.860000,
			-0.690000 0.350800 1.003600,
			-0.690000 0.358400 1.024800,
			-0.690000 0.371200 1.043600,
			-0.610000 0.396000 0.860000,
			-0.610000 0.348000 0.860000,
			-0.610000 0.348000 0.981200,
			-0.610000 0.350800 1.003600,
			-0.610000 0.358400 1.024800,
			-0.610000 0.371200 1.043600,
			-0.490000 0.348000 0.860000,
			-0.490000 0.348000 0.981200,
			-0.490000 0.396000 0.860000,
			-0.490000 0.350800 1.003600,
			-0.490000 0.358400 1.024800,
			-0.490000 0.371200 1.043600,
			-0.410000 0.396000 0.860000,
			-0.410000 0.348000 0.860000,
			-0.410000 0.348000 0.981200,
			-0.410000 0.350800 1.003600,
			-0.410000 0.358400 1.024800,
			-0.410000 0.371200 1.043600,
			-0.290000 0.348000 0.860000,
			-0.290000 0.348000 0.981200,
			-0.290000 0.396000 0.860000,
			-0.290000 0.350800 1.003600,
			-0.290000 0.358400 1.024800,
			-0.290000 0.371200 1.043600,
			-0.210000 0.396000 0.860000,
			-0.210000 0.348000 0.860000,
			-0.210000 0.348000 0.981200,
			-0.210000 0.350800 1.003600,
			-0.210000 0.358400 1.024800,
			-0.210000 0.371200 1.043600,
			-0.090000 0.348000 0.860000,
			-0.090000 0.348000 0.981200,
			-0.090000 0.396000 0.860000,
			-0.090000 0.350800 1.003600,
			-0.090000 0.358400 1.024800,
			-0.090000 0.371200 1.043600,
			-0.010000 0.396000 0.860000,
			-0.010000 0.348000 0.860000,
			-0.010000 0.348000 0.981200,
			-0.010000 0.350800 1.003600,
			-0.010000 0.358400 1.024800,
			-0.010000 0.371200 1.043600,
			0.110000 0.348000 0.860000,
			0.110000 0.348000 0.981200,
			0.110000 0.396000 0.860000,
			0.110000 0.350800 1.003600,
			0.110000 0.358400 1.024800,
			0.110000 0.371200 1.043600,
			0.190000 0.396000 0.860000,
			0.190000 0.348000 0.860000,
			0.190000 0.348000 0.981200,
			0.190000 0.350800 1.003600,
			0.190000 0.358400 1.024800,
			0.190000 0.371200 1.043600,
			0.310000 0.348000 0.860000,
			0.310000 0.348000 0.981200,
			0.310000 0.396000 0.860000,
			0.310000 0.350800 1.003600,
			0.310000 0.358400 1.024800,
			0.310000 0.371200 1.043600,
			0.390000 0.396000 0.860000,
			0.390000 0.348000 0.860000,
			0.390000 0.348000 0.981200,
			0.390000 0.350800 1.003600,
			0.390000 0.358400 1.024800,
			0.390000 0.371200 1.043600,
			0.510000 0.348000 0.860000,
			0.510000 0.348000 0.981200,
			0.510000 0.396000 0.860000,
			0.510000 0.350800 1.003600,
			0.510000 0.358400 1.024800,
			0.510000 0.371200 1.043600,
			0.590000 0.396000 0.860000,
			0.590000 0.348000 0.860000,
			0.590000 0.348000 0.981200,
			0.590000 0.350800 1.003600,
			0.590000 0.358400 1.024800,
			0.590000 0.371200 1.043600,
			0.710000 0.348000 0.860000,
			0.710000 0.348000 0.981200,
			0.710000 0.396000 0.860000,
			0.710000 0.350800 1.003600,
			0.710000 0.358400 1.024800,
			0.710000 0.371200 1.043600,
			0.790000 0.396000 0.860000,
			0.790000 0.348000 0.860000,
			0.790000 0.348000 0.981200,
			0.790000 0.350800 1.003600,
			0.790000 0.358400 1.024800,
			0.790000 0.371200 1.043600,
			0.910000 0.348000 0.860000,
			0.910000 0.348000 0.981200,
			0.910000 0.396000 0.860000,
			0.910000 0.350800 1.003600,
			0.910000 0.358400 1.024800,
			0.910000 0.371200 1.043600,
			0.990000 0.396000 0.860000,
			0.990000 0.348000 0.860000,
			0.990000 0.348000 0.981200,
			0.990000 0.350800 1.003600,
			0.990000 0.358400 1.024800,
			0.990000 0.371200 1.043600,
			-1.280000 0.208000 1.740000,
			-1.282800 0.208000 1.760800,
			-1.290800 0.208000 1.780000,
			-1.303600 0.208000 1.796400,
			-1.320000 0.208000 1.809200,
			-1.339200 0.208000 1.817200,
			-1.360000 0.208000 1.820000,
			-1.380800 0.208000 1.817200,
			-1.400000 0.208000 1.809200,
			-1.416400 0.208000 1.796400,
			-1.429200 0.208000 1.780000,
			-1.437200 0.208000 1.760800,
			-1.440000 0.208000 1.740000,
			-1.303200 0.168000 1.740000,
			-1.305200 0.168000 1.754800,
			-1.310800 0.168000 1.768400,
			-1.319600 0.168000 1.780400,
			-1.331600 0.168000 1.789200,
			-1.345200 0.168000 1.794800,
			-1.360000 0.168000 1.796800,
			-1.374800 0.168000 1.794800,
			-1.388400 0.168000 1.789200,
			-1.400400 0.168000 1.780400,
			-1.409200 0.168000 1.768400,
			-1.414800 0.168000 1.754800,
			-1.416800 0.168000 1.740000,
			-1.414800 0.168000 1.725200,
			-1.409200 0.168000 1.711600,
			-1.400400 0.168000 1.699600,
			-1.388400 0.168000 1.690800,
			-1.374800 0.168000 1.685200,
			-1.360000 0.168000 1.683200,
			-1.345200 0.168000 1.685200,
			-1.331600 0.168000 1.690800,
			-1.319600 0.168000 1.699600,
			-1.310800 0.168000 1.711600,
			-1.305200 0.168000 1.725200,
			1.303200 0.168000 1.740000,
			1.305200 0.168000 1.725200,
			1.305200 0.168000 1.754800,
			1.310800 0.168000 1.768400,
			1.310800 0.168000 1.711600,
			1.319600 0.168000 1.780400,
			1.319600 0.168000 1.699600,
			1.331600 0.168000 1.789200,
			1.331600 0.168000 1.690800,
			1.345200 0.168000 1.794800,
			1.345200 0.168000 1.685200,
			1.360000 0.168000 1.796800,
			1.360000 0.168000 1.683200,
			1.374800 0.168000 1.794800,
			1.374800 0.168000 1.685200,
			1.388400 0.168000 1.789200,
			1.388400 0.168000 1.690800,
			1.400400 0.168000 1.780400,
			1.400400 0.168000 1.699600,
			1.409200 0.168000 1.768400,
			1.409200 0.168000 1.711600,
			1.414800 0.168000 1.754800,
			1.414800 0.168000 1.725200,
			1.416800 0.168000 1.740000,
			-1.437200 0.208000 1.719200,
			-1.429200 0.208000 1.700000,
			-1.416400 0.208000 1.683600,
			-1.400000 0.208000 1.670800,
			-1.380800 0.208000 1.662800,
			-1.360000 0.208000 1.660000,
			-1.339200 0.208000 1.662800,
			-1.320000 0.208000 1.670800,
			-1.303600 0.208000 1.683600,
			-1.290800 0.208000 1.700000,
			-1.282800 0.208000 1.719200,
			1.440000 0.208000 1.740000,
			1.437200 0.208000 1.760800,
			1.429200 0.208000 1.780000,
			1.416400 0.208000 1.796400,
			1.400000 0.208000 1.809200,
			1.380800 0.208000 1.817200,
			1.360000 0.208000 1.820000,
			1.339200 0.208000 1.817200,
			1.320000 0.208000 1.809200,
			1.303600 0.208000 1.796400,
			1.290800 0.208000 1.780000,
			1.282800 0.208000 1.760800,
			1.280000 0.208000 1.740000,
			1.282800 0.208000 1.719200,
			1.290800 0.208000 1.700000,
			1.303600 0.208000 1.683600,
			1.320000 0.208000 1.670800,
			1.339200 0.208000 1.662800,
			1.360000 0.208000 1.660000,
			1.380800 0.208000 1.662800,
			1.400000 0.208000 1.670800,
			1.416400 0.208000 1.683600,
			1.429200 0.208000 1.700000,
			1.437200 0.208000 1.719200,
		] }
		coordIndex [
			0 1 2 -1,
			2 1 3 -1,
			2 3 4 -1,
			4 3 5 -1,
			4 5 6 -1,
			6 5 7 -1,
			6 7 8 -1,
			2 9 0 -1,
			0 9 10 -1,
			9 11 10 -1,
			10 11 12 -1,
			11 13 12 -1,
			12 13 14 -1,
			13 15 14 -1,
			14 15 16 -1,
			15 17 16 -1,
			16 17 18 -1,
			17 19 18 -1,
			18 19 20 -1,
			18 20 21 -1,
			21 20 22 -1,
			20 23 22 -1,
			22 23 24 -1,
			24 23 25 -1,
			25 23 26 -1,
			25 26 27 -1,
			27 26 28 -1,
			26 29 28 -1,
			28 29 30 -1,
			30 29 31 -1,
			31 29 32 -1,
			31 32 33 -1,
			33 32 34 -1,
			32 35 34 -1,
			34 35 36 -1,
			36 35 37 -1,
			37 35 38 -1,
			37 38 39 -1,
			39 38 40 -1,
			38 41 40 -1,
			40 41 42 -1,
			41 43 42 -1,
			42 43 44 -1,
			44 43 45 -1,
			45 43 46 -1,
			45 46 47 -1,
			47 46 48 -1,
			46 49 48 -1,
			48 49 50 -1,
			50 49 51 -1,
			51 49 52 -1,
			51 52 53 -1,
			53 52 54 -1,
			52 55 54 -1,
			54 55 56 -1,
			56 55 57 -1,
			57 55 58 -1,
			57 58 59 -1,
			59 58 60 -1,
			59 60 61 -1,
			61 60 62 -1,
			60 63 62 -1,
			62 63 64 -1,
			64 63 65 -1,
			65 63 66 -1,
			65 66 67 -1,
			67 66 68 -1,
			66 69 68 -1,
			68 69 70 -1,
			70 69 71 -1,
			71 69 72 -1,
			71 72 73 -1,
			73 72 8 -1,
			72 6 8 -1,
			74 4 75 -1,
			75 4 6 -1,
			75 6 76 -1,
			76 6 72 -1,
			76 72 77 -1,
			77 72 78 -1,
			72 69 78 -1,
			78 69 79 -1,
			80 81 66 -1,
			66 81 82 -1,
			66 82 69 -1,
			69 82 83 -1,
			69 83 84 -1,
			60 85 63 -1,
			63 85 86 -1,
			63 86 66 -1,
			66 86 87 -1,
			66 87 88 -1,
			60 89 85 -1,
			88 80 66 -1,
			82 81 90 -1,
			90 81 91 -1,
			90 91 92 -1,
			92 93 90 -1,
			90 93 94 -1,
			90 94 95 -1,
			84 96 69 -1,
			69 96 97 -1,
			69 97 98 -1,
			98 99 69 -1,
			69 99 100 -1,
			69 100 101 -1,
			101 79 69 -1,
			74 75 102 -1,
			102 75 76 -1,
			102 76 77 -1,
			103 104 105 -1,
			105 104 106 -1,
			105 106 107 -1,
			107 106 108 -1,
			107 108 109 -1,
			109 108 110 -1,
			109 110 111 -1,
			111 110 112 -1,
			111 112 113 -1,
			113 112 114 -1,
			115 116 117 -1,
			117 116 118 -1,
			117 118 119 -1,
			119 118 120 -1,
			119 120 121 -1,
			121 120 122 -1,
			121 122 123 -1,
			123 122 124 -1,
			123 124 125 -1,
			125 124 126 -1,
			125 126 127 -1,
			127 126 128 -1,
			127 128 129 -1,
			129 128 130 -1,
			129 130 131 -1,
			131 132 129 -1,
			129 132 133 -1,
			129 133 134 -1,
			134 135 129 -1,
			129 136 127 -1,
			127 136 137 -1,
			138 139 136 -1,
			136 139 140 -1,
			136 140 137 -1,
			137 140 141 -1,
			138 142 139 -1,
			139 142 143 -1,
			139 143 144 -1,
			144 145 139 -1,
			146 147 140 -1,
			140 147 148 -1,
			140 148 149 -1,
			149 141 140 -1,
			117 150 115 -1,
			115 150 74 -1,
			115 74 151 -1,
			151 74 152 -1,
			150 153 74 -1,
			74 153 154 -1,
			74 154 155 -1,
			156 157 153 -1,
			153 157 158 -1,
			153 158 159 -1,
			159 160 153 -1,
			153 160 154 -1,
			155 161 74 -1,
			74 161 162 -1,
			74 162 4 -1,
			4 162 163 -1,
			4 163 164 -1,
			163 162 165 -1,
			165 162 166 -1,
			165 166 167 -1,
			167 166 168 -1,
			167 168 169 -1,
			169 168 170 -1,
			169 170 171 -1,
			171 170 172 -1,
			171 172 173 -1,
			173 172 174 -1,
			173 174 175 -1,
			175 174 176 -1,
			175 176 177 -1,
			177 176 178 -1,
			177 178 179 -1,
			179 178 180 -1,
			180 178 181 -1,
			181 178 182 -1,
			181 182 183 -1,
			181 184 180 -1,
			180 184 185 -1,
			180 185 186 -1,
			186 187 180 -1,
			188 189 179 -1,
			179 189 190 -1,
			179 190 191 -1,
			191 192 179 -1,
			179 192 177 -1,
			193 194 192 -1,
			192 194 177 -1,
			164 195 4 -1,
			4 195 196 -1,
			4 196 197 -1,
			197 198 4 -1,
			4 198 199 -1,
			4 199 2 -1,
			2 199 200 -1,
			2 200 201 -1,
			102 202 74 -1,
			74 202 152 -1,
			203 204 151 -1,
			151 204 205 -1,
			151 205 206 -1,
			206 207 151 -1,
			151 207 115 -1,
			208 209 210 -1,
			210 209 211 -1,
			210 211 212 -1,
			213 214 215 -1,
			215 214 216 -1,
			77 78 217 -1,
			217 78 79 -1,
			217 79 101 -1,
			218 116 114 -1,
			114 116 115 -1,
			212 219 220 -1,
			220 219 221 -1,
			220 221 222 -1,
			222 221 223 -1,
			222 223 224 -1,
			212 220 210 -1,
			210 220 225 -1,
			210 225 226 -1,
			212 227 219 -1,
			228 229 230 -1,
			230 229 231 -1,
			230 231 232 -1,
			232 231 233 -1,
			232 233 234 -1,
			234 233 235 -1,
			234 235 224 -1,
			224 235 236 -1,
			224 236 222 -1,
			236 235 237 -1,
			237 235 238 -1,
			237 238 239 -1,
			239 238 240 -1,
			241 242 243 -1,
			243 242 244 -1,
			243 244 238 -1,
			238 244 245 -1,
			238 245 246 -1,
			241 247 242 -1,
			244 248 245 -1,
			246 249 238 -1,
			238 249 240 -1,
			250 251 252 -1,
			252 251 253 -1,
			252 253 254 -1,
			254 253 255 -1,
			253 256 255 -1,
			255 256 257 -1,
			257 256 258 -1,
			258 256 259 -1,
			258 259 260 -1,
			260 259 261 -1,
			259 262 261 -1,
			261 262 263 -1,
			263 262 264 -1,
			264 262 265 -1,
			264 265 266 -1,
			266 265 267 -1,
			265 268 267 -1,
			267 268 269 -1,
			220 222 270 -1,
			270 222 236 -1,
			270 236 271 -1,
			271 236 272 -1,
			236 237 272 -1,
			272 237 273 -1,
			237 239 273 -1,
			273 239 274 -1,
			239 240 274 -1,
			274 240 249 -1,
			274 249 275 -1,
			275 249 246 -1,
			275 246 276 -1,
			276 246 277 -1,
			246 245 277 -1,
			225 220 278 -1,
			278 220 270 -1,
			278 270 279 -1,
			279 270 271 -1,
			279 271 280 -1,
			280 271 272 -1,
			280 272 281 -1,
			281 272 273 -1,
			281 273 282 -1,
			282 273 274 -1,
			282 274 283 -1,
			283 274 275 -1,
			283 275 284 -1,
			284 275 276 -1,
			284 276 285 -1,
			285 276 277 -1,
			285 277 286 -1,
			278 287 225 -1,
			225 287 226 -1,
			287 208 226 -1,
			226 208 210 -1,
			288 212 46 -1,
			46 212 211 -1,
			46 211 209 -1,
			46 209 49 -1,
			49 209 208 -1,
			49 208 287 -1,
			287 278 49 -1,
			49 278 279 -1,
			49 279 280 -1,
			280 281 49 -1,
			49 281 282 -1,
			49 282 283 -1,
			283 284 49 -1,
			49 284 285 -1,
			49 285 52 -1,
			52 285 289 -1,
			52 289 290 -1,
			289 285 291 -1,
			291 285 286 -1,
			291 286 292 -1,
			292 286 293 -1,
			294 295 286 -1,
			286 295 296 -1,
			286 296 293 -1,
			290 297 52 -1,
			52 297 298 -1,
			52 298 55 -1,
			55 298 299 -1,
			55 299 58 -1,
			58 299 300 -1,
			46 43 288 -1,
			288 43 301 -1,
			43 41 301 -1,
			301 41 302 -1,
			302 227 301 -1,
			301 227 288 -1,
			227 212 288 -1,
			223 303 224 -1,
			224 303 234 -1,
			303 304 234 -1,
			234 304 232 -1,
			304 305 232 -1,
			232 305 230 -1,
			305 306 230 -1,
			230 306 228 -1,
			306 307 228 -1,
			228 307 216 -1,
			308 309 38 -1,
			38 309 310 -1,
			38 310 41 -1,
			41 310 311 -1,
			41 311 312 -1,
			312 313 41 -1,
			41 313 314 -1,
			41 314 315 -1,
			315 316 41 -1,
			41 316 317 -1,
			41 317 302 -1,
			302 317 318 -1,
			302 318 319 -1,
			316 320 317 -1,
			317 320 321 -1,
			320 322 321 -1,
			321 322 323 -1,
			322 324 323 -1,
			323 324 325 -1,
			324 326 325 -1,
			325 326 327 -1,
			326 328 327 -1,
			327 328 329 -1,
			328 330 329 -1,
			329 330 331 -1,
			330 332 331 -1,
			331 332 333 -1,
			334 335 332 -1,
			332 335 336 -1,
			332 336 333 -1,
			333 336 337 -1,
			333 337 338 -1,
			338 337 339 -1,
			334 340 335 -1,
			335 341 336 -1,
			336 341 342 -1,
			336 342 343 -1,
			343 344 336 -1,
			337 345 339 -1,
			339 345 346 -1,
			339 346 347 -1,
			338 348 333 -1,
			333 348 349 -1,
			319 350 302 -1,
			302 350 351 -1,
			302 351 352 -1,
			350 353 351 -1,
			351 353 354 -1,
			351 354 355 -1,
			355 356 351 -1,
			351 356 357 -1,
			302 352 215 -1,
			215 352 358 -1,
			215 358 213 -1,
			213 358 359 -1,
			358 360 359 -1,
			359 360 361 -1,
			360 362 361 -1,
			361 362 363 -1,
			362 364 363 -1,
			363 364 365 -1,
			364 366 365 -1,
			365 366 367 -1,
			366 368 367 -1,
			367 368 369 -1,
			370 371 372 -1,
			372 371 373 -1,
			372 373 368 -1,
			368 373 374 -1,
			368 374 369 -1,
			369 374 375 -1,
			370 376 371 -1,
			371 376 377 -1,
			371 377 378 -1,
			378 379 371 -1,
			371 380 373 -1,
			373 380 381 -1,
			373 381 382 -1,
			382 383 373 -1,
			373 383 384 -1,
			373 384 385 -1,
			386 387 374 -1,
			374 387 388 -1,
			374 388 389 -1,
			389 390 374 -1,
			374 390 375 -1,
			302 215 391 -1,
			391 215 392 -1,
			391 392 393 -1,
			393 394 391 -1,
			391 394 395 -1,
			391 395 396 -1,
			391 397 302 -1,
			302 397 219 -1,
			302 219 227 -1,
			398 399 400 -1,
			400 399 401 -1,
			400 401 221 -1,
			221 401 402 -1,
			221 402 403 -1,
			221 219 400 -1,
			400 219 397 -1,
			404 405 406 -1,
			406 405 407 -1,
			406 407 408 -1,
			404 409 405 -1,
			152 202 405 -1,
			405 202 407 -1,
			408 410 406 -1,
			400 411 398 -1,
			398 411 412 -1,
			398 412 413 -1,
			413 412 414 -1,
			413 414 415 -1,
			415 416 413 -1,
			413 416 417 -1,
			416 418 417 -1,
			417 418 307 -1,
			417 307 306 -1,
			413 419 398 -1,
			397 391 400 -1,
			400 391 411 -1,
			307 418 216 -1,
			216 418 392 -1,
			216 392 215 -1,
			418 416 392 -1,
			392 416 393 -1,
			393 416 394 -1,
			394 416 415 -1,
			394 415 414 -1,
			394 414 395 -1,
			395 414 412 -1,
			395 412 396 -1,
			396 412 391 -1,
			412 411 391 -1,
			399 398 420 -1,
			420 398 421 -1,
			420 421 422 -1,
			422 421 423 -1,
			422 423 424 -1,
			424 423 425 -1,
			424 425 426 -1,
			422 427 420 -1,
			421 398 428 -1,
			428 398 419 -1,
			428 419 429 -1,
			429 419 430 -1,
			429 430 431 -1,
			432 433 434 -1,
			434 433 435 -1,
			434 435 419 -1,
			419 435 436 -1,
			419 436 437 -1,
			438 439 440 -1,
			440 439 441 -1,
			440 441 434 -1,
			434 441 442 -1,
			434 442 443 -1,
			443 442 444 -1,
			443 444 445 -1,
			445 444 446 -1,
			445 446 447 -1,
			447 446 448 -1,
			447 448 449 -1,
			450 451 452 -1,
			452 451 453 -1,
			452 453 440 -1,
			440 453 454 -1,
			440 454 455 -1,
			456 457 409 -1,
			409 457 458 -1,
			409 458 452 -1,
			452 458 459 -1,
			452 459 450 -1,
			404 460 409 -1,
			409 460 456 -1,
			461 462 460 -1,
			460 462 463 -1,
			460 463 456 -1,
			456 463 464 -1,
			463 462 465 -1,
			465 462 466 -1,
			465 466 467 -1,
			467 466 468 -1,
			468 466 469 -1,
			469 466 470 -1,
			469 470 471 -1,
			469 472 468 -1,
			468 472 473 -1,
			468 473 474 -1,
			475 476 472 -1,
			472 476 477 -1,
			472 477 473 -1,
			475 478 476 -1,
			476 479 477 -1,
			477 479 480 -1,
			477 480 481 -1,
			482 483 479 -1,
			479 483 484 -1,
			479 484 480 -1,
			482 485 483 -1,
			483 486 484 -1,
			484 486 487 -1,
			484 487 488 -1,
			489 490 486 -1,
			486 490 491 -1,
			486 491 487 -1,
			489 492 490 -1,
			490 493 491 -1,
			491 493 494 -1,
			491 494 438 -1,
			495 496 493 -1,
			493 496 497 -1,
			493 497 494 -1,
			495 498 496 -1,
			496 499 497 -1,
			497 499 500 -1,
			497 500 441 -1,
			501 502 499 -1,
			499 502 444 -1,
			499 444 500 -1,
			501 503 502 -1,
			502 446 444 -1,
			446 504 448 -1,
			448 504 505 -1,
			506 507 449 -1,
			449 507 508 -1,
			449 508 509 -1,
			506 510 507 -1,
			507 511 508 -1,
			508 511 512 -1,
			508 512 513 -1,
			514 515 511 -1,
			511 515 516 -1,
			511 516 512 -1,
			514 517 515 -1,
			515 518 516 -1,
			516 518 519 -1,
			516 519 520 -1,
			521 522 518 -1,
			518 522 523 -1,
			518 523 519 -1,
			521 524 522 -1,
			522 425 523 -1,
			523 425 525 -1,
			523 525 526 -1,
			426 527 424 -1,
			421 528 423 -1,
			423 528 529 -1,
			423 529 530 -1,
			530 529 531 -1,
			530 531 532 -1,
			429 533 528 -1,
			528 533 534 -1,
			528 534 535 -1,
			536 537 538 -1,
			538 537 539 -1,
			538 539 540 -1,
			540 539 541 -1,
			540 541 542 -1,
			536 538 543 -1,
			543 538 465 -1,
			543 465 467 -1,
			463 540 464 -1,
			464 540 544 -1,
			464 544 545 -1,
			536 543 546 -1,
			546 543 547 -1,
			546 547 548 -1,
			548 547 474 -1,
			548 474 549 -1,
			547 468 474 -1,
			477 481 549 -1,
			549 481 550 -1,
			549 550 548 -1,
			481 551 550 -1,
			550 551 488 -1,
			550 488 552 -1,
			551 484 488 -1,
			491 438 552 -1,
			552 438 440 -1,
			552 440 550 -1,
			550 440 553 -1,
			439 497 441 -1,
			443 554 434 -1,
			434 554 555 -1,
			434 555 556 -1,
			555 554 557 -1,
			557 554 447 -1,
			557 447 509 -1,
			509 447 449 -1,
			557 558 555 -1,
			555 558 513 -1,
			555 513 559 -1,
			558 508 513 -1,
			516 520 559 -1,
			559 520 560 -1,
			559 560 555 -1,
			520 561 560 -1,
			560 561 562 -1,
			562 561 526 -1,
			526 561 523 -1,
			562 526 563 -1,
			563 526 530 -1,
			563 530 564 -1,
			564 530 565 -1,
			423 525 425 -1,
			566 567 464 -1,
			464 567 568 -1,
			464 568 458 -1,
			458 568 569 -1,
			458 569 459 -1,
			542 570 540 -1,
			540 570 544 -1,
			545 566 464 -1,
			455 571 440 -1,
			440 571 572 -1,
			440 572 553 -1,
			437 430 419 -1,
			431 533 429 -1,
			535 573 528 -1,
			528 573 529 -1,
			532 574 530 -1,
			530 574 565 -1,
			556 575 434 -1,
			434 575 576 -1,
			434 576 432 -1,
			456 577 457 -1,
			457 577 578 -1,
			578 579 457 -1,
			457 579 458 -1,
			579 580 458 -1,
			458 580 464 -1,
			464 580 456 -1,
			456 580 577 -1,
			577 580 578 -1,
			578 580 579 -1,
			581 582 583 -1,
			583 582 584 -1,
			429 583 428 -1,
			428 583 584 -1,
			428 584 421 -1,
			421 584 582 -1,
			582 581 421 -1,
			421 581 528 -1,
			581 583 528 -1,
			528 583 429 -1,
			585 586 463 -1,
			463 586 540 -1,
			587 588 586 -1,
			586 588 589 -1,
			586 589 540 -1,
			538 540 590 -1,
			590 540 589 -1,
			590 589 588 -1,
			590 588 591 -1,
			591 588 587 -1,
			591 587 592 -1,
			592 587 593 -1,
			587 586 593 -1,
			465 538 593 -1,
			593 538 590 -1,
			593 590 591 -1,
			591 592 593 -1,
			593 594 465 -1,
			465 594 463 -1,
			463 594 585 -1,
			594 593 585 -1,
			585 593 586 -1,
			595 596 467 -1,
			467 596 543 -1,
			597 598 596 -1,
			596 598 599 -1,
			596 599 543 -1,
			468 600 467 -1,
			467 600 595 -1,
			600 601 595 -1,
			595 601 596 -1,
			596 601 597 -1,
			597 601 602 -1,
			597 602 603 -1,
			597 603 598 -1,
			598 603 604 -1,
			598 604 599 -1,
			599 604 543 -1,
			604 547 543 -1,
			600 468 601 -1,
			601 468 547 -1,
			601 547 604 -1,
			604 603 601 -1,
			601 603 602 -1,
			605 606 473 -1,
			473 606 474 -1,
			607 608 606 -1,
			606 608 609 -1,
			606 609 474 -1,
			477 610 473 -1,
			473 610 605 -1,
			610 611 605 -1,
			605 611 606 -1,
			606 611 607 -1,
			607 611 612 -1,
			607 612 613 -1,
			607 613 608 -1,
			608 613 614 -1,
			608 614 609 -1,
			609 614 474 -1,
			614 549 474 -1,
			610 477 611 -1,
			611 477 549 -1,
			611 549 614 -1,
			614 613 611 -1,
			611 613 612 -1,
			615 616 480 -1,
			480 616 481 -1,
			617 618 616 -1,
			616 618 619 -1,
			616 619 481 -1,
			484 620 480 -1,
			480 620 615 -1,
			620 621 615 -1,
			615 621 616 -1,
			616 621 617 -1,
			617 621 622 -1,
			617 622 623 -1,
			617 623 618 -1,
			618 623 624 -1,
			618 624 619 -1,
			619 624 481 -1,
			624 551 481 -1,
			620 484 621 -1,
			621 484 551 -1,
			621 551 624 -1,
			624 623 621 -1,
			621 623 622 -1,
			625 626 487 -1,
			487 626 488 -1,
			627 628 626 -1,
			626 628 629 -1,
			626 629 488 -1,
			491 630 487 -1,
			487 630 625 -1,
			630 631 625 -1,
			625 631 626 -1,
			626 631 627 -1,
			627 631 632 -1,
			627 632 633 -1,
			627 633 628 -1,
			628 633 634 -1,
			628 634 629 -1,
			629 634 488 -1,
			634 552 488 -1,
			630 491 631 -1,
			631 491 552 -1,
			631 552 634 -1,
			634 633 631 -1,
			631 633 632 -1,
			635 636 494 -1,
			494 636 438 -1,
			637 638 636 -1,
			636 638 639 -1,
			636 639 438 -1,
			497 640 494 -1,
			494 640 635 -1,
			640 641 635 -1,
			635 641 636 -1,
			636 641 637 -1,
			637 641 642 -1,
			637 642 643 -1,
			637 643 638 -1,
			638 643 644 -1,
			638 644 639 -1,
			639 644 438 -1,
			644 439 438 -1,
			640 497 641 -1,
			641 497 439 -1,
			641 439 644 -1,
			644 643 641 -1,
			641 643 642 -1,
			645 646 500 -1,
			500 646 441 -1,
			647 648 646 -1,
			646 648 649 -1,
			646 649 441 -1,
			444 650 500 -1,
			500 650 645 -1,
			650 651 645 -1,
			645 651 646 -1,
			646 651 647 -1,
			647 651 652 -1,
			647 652 653 -1,
			647 653 648 -1,
			648 653 654 -1,
			648 654 649 -1,
			649 654 441 -1,
			654 442 441 -1,
			650 444 651 -1,
			651 444 442 -1,
			651 442 654 -1,
			654 653 651 -1,
			651 653 652 -1,
			655 656 445 -1,
			445 656 443 -1,
			657 658 656 -1,
			656 658 659 -1,
			656 659 443 -1,
			447 660 445 -1,
			445 660 655 -1,
			660 661 655 -1,
			655 661 656 -1,
			656 661 657 -1,
			657 661 662 -1,
			657 662 663 -1,
			657 663 658 -1,
			658 663 664 -1,
			658 664 659 -1,
			659 664 443 -1,
			664 554 443 -1,
			660 447 661 -1,
			661 447 554 -1,
			661 554 664 -1,
			664 663 661 -1,
			661 663 662 -1,
			665 666 509 -1,
			509 666 557 -1,
			667 668 666 -1,
			666 668 669 -1,
			666 669 557 -1,
			508 670 509 -1,
			509 670 665 -1,
			670 671 665 -1,
			665 671 666 -1,
			666 671 667 -1,
			667 671 672 -1,
			667 672 673 -1,
			667 673 668 -1,
			668 673 674 -1,
			668 674 669 -1,
			669 674 557 -1,
			674 558 557 -1,
			670 508 671 -1,
			671 508 558 -1,
			671 558 674 -1,
			674 673 671 -1,
			671 673 672 -1,
			675 676 512 -1,
			512 676 513 -1,
			677 678 676 -1,
			676 678 679 -1,
			676 679 513 -1,
			516 680 512 -1,
			512 680 675 -1,
			680 681 675 -1,
			675 681 676 -1,
			676 681 677 -1,
			677 681 682 -1,
			677 682 683 -1,
			677 683 678 -1,
			678 683 684 -1,
			678 684 679 -1,
			679 684 513 -1,
			684 559 513 -1,
			680 516 681 -1,
			681 516 559 -1,
			681 559 684 -1,
			684 683 681 -1,
			681 683 682 -1,
			685 686 519 -1,
			519 686 520 -1,
			687 688 686 -1,
			686 688 689 -1,
			686 689 520 -1,
			523 690 519 -1,
			519 690 685 -1,
			690 691 685 -1,
			685 691 686 -1,
			686 691 687 -1,
			687 691 692 -1,
			687 692 693 -1,
			687 693 688 -1,
			688 693 694 -1,
			688 694 689 -1,
			689 694 520 -1,
			694 561 520 -1,
			690 523 691 -1,
			691 523 561 -1,
			691 561 694 -1,
			694 693 691 -1,
			691 693 692 -1,
			695 696 525 -1,
			525 696 526 -1,
			697 698 696 -1,
			696 698 699 -1,
			696 699 526 -1,
			423 700 525 -1,
			525 700 695 -1,
			700 701 695 -1,
			695 701 696 -1,
			696 701 697 -1,
			697 701 702 -1,
			697 702 703 -1,
			697 703 698 -1,
			698 703 704 -1,
			698 704 699 -1,
			699 704 526 -1,
			704 530 526 -1,
			700 423 701 -1,
			701 423 530 -1,
			701 530 704 -1,
			704 703 701 -1,
			701 703 702 -1,
			705 706 707 -1,
			707 706 708 -1,
			708 706 527 -1,
			527 706 709 -1,
			527 709 710 -1,
			710 711 527 -1,
			527 711 424 -1,
			708 712 707 -1,
			707 712 713 -1,
			713 714 707 -1,
			707 714 705 -1,
			714 715 705 -1,
			705 715 706 -1,
			706 715 709 -1,
			709 715 716 -1,
			709 716 717 -1,
			709 717 710 -1,
			710 717 718 -1,
			710 718 711 -1,
			711 718 424 -1,
			718 422 424 -1,
			713 712 715 -1,
			715 712 427 -1,
			715 427 716 -1,
			716 427 717 -1,
			422 718 427 -1,
			427 718 717 -1,
			715 714 713 -1,
			527 426 708 -1,
			708 426 719 -1,
			708 719 720 -1,
			720 719 721 -1,
			720 721 722 -1,
			722 721 521 -1,
			721 524 521 -1,
			722 723 720 -1,
			720 723 724 -1,
			720 724 725 -1,
			517 514 723 -1,
			723 514 724 -1,
			510 506 725 -1,
			725 506 726 -1,
			725 726 720 -1,
			720 726 727 -1,
			720 727 728 -1,
			728 727 504 -1,
			727 505 504 -1,
			728 729 720 -1,
			720 729 730 -1,
			720 730 731 -1,
			731 730 732 -1,
			731 732 733 -1,
			733 732 495 -1,
			503 501 729 -1,
			729 501 730 -1,
			732 498 495 -1,
			733 734 731 -1,
			731 734 735 -1,
			731 735 736 -1,
			492 489 734 -1,
			734 489 735 -1,
			485 482 736 -1,
			736 482 737 -1,
			736 737 731 -1,
			731 737 738 -1,
			731 738 739 -1,
			739 738 475 -1,
			738 478 475 -1,
			739 740 731 -1,
			731 740 741 -1,
			731 741 742 -1,
			471 470 740 -1,
			740 470 741 -1,
			461 460 742 -1,
			742 460 731 -1,
			708 720 712 -1,
			712 720 420 -1,
			712 420 427 -1,
			420 720 399 -1,
			399 720 401 -1,
			401 720 402 -1,
			402 720 743 -1,
			402 743 403 -1,
			403 743 744 -1,
			403 744 223 -1,
			223 744 745 -1,
			223 745 303 -1,
			303 745 746 -1,
			303 746 304 -1,
			304 746 747 -1,
			304 747 305 -1,
			305 747 417 -1,
			305 417 306 -1,
			720 748 743 -1,
			223 221 403 -1,
			749 750 751 -1,
			751 750 752 -1,
			751 752 753 -1,
			753 754 751 -1,
			755 756 751 -1,
			751 756 757 -1,
			751 757 749 -1,
			749 757 758 -1,
			749 758 759 -1,
			749 759 760 -1,
			760 759 761 -1,
			760 761 762 -1,
			762 761 763 -1,
			762 763 764 -1,
			764 763 765 -1,
			763 766 765 -1,
			765 766 767 -1,
			766 768 767 -1,
			767 768 769 -1,
			768 770 769 -1,
			769 770 241 -1,
			769 241 748 -1,
			748 241 243 -1,
			748 243 743 -1,
			743 243 238 -1,
			743 238 744 -1,
			744 238 235 -1,
			744 235 745 -1,
			745 235 746 -1,
			235 233 746 -1,
			746 233 747 -1,
			233 231 747 -1,
			747 231 417 -1,
			231 229 417 -1,
			417 229 771 -1,
			417 771 772 -1,
			772 771 773 -1,
			772 773 774 -1,
			775 776 772 -1,
			772 776 777 -1,
			772 777 413 -1,
			413 417 772 -1,
			778 779 434 -1,
			434 779 780 -1,
			434 780 440 -1,
			440 780 781 -1,
			778 782 779 -1,
			780 783 781 -1,
			405 409 784 -1,
			784 409 785 -1,
			452 750 409 -1,
			409 750 785 -1,
			113 786 749 -1,
			749 786 787 -1,
			749 787 750 -1,
			750 787 788 -1,
			750 788 789 -1,
			749 111 113 -1,
			789 785 750 -1,
			784 151 405 -1,
			405 151 152 -1,
			151 784 203 -1,
			203 784 785 -1,
			203 785 789 -1,
			203 789 204 -1,
			204 789 788 -1,
			204 788 205 -1,
			205 788 206 -1,
			788 787 206 -1,
			206 787 786 -1,
			206 786 207 -1,
			207 786 114 -1,
			207 114 115 -1,
			786 113 114 -1,
			111 749 109 -1,
			109 749 760 -1,
			109 760 107 -1,
			107 760 762 -1,
			107 762 105 -1,
			105 762 764 -1,
			105 764 103 -1,
			103 764 765 -1,
			103 765 408 -1,
			408 765 767 -1,
			408 767 410 -1,
			410 767 731 -1,
			410 731 406 -1,
			767 769 731 -1,
			408 407 103 -1,
			104 103 790 -1,
			790 103 407 -1,
			790 407 791 -1,
			791 407 202 -1,
			791 202 77 -1,
			77 202 102 -1,
			77 217 791 -1,
			791 217 792 -1,
			217 793 792 -1,
			790 794 104 -1,
			104 794 763 -1,
			104 763 106 -1,
			106 763 761 -1,
			106 761 108 -1,
			108 761 759 -1,
			108 759 110 -1,
			110 759 758 -1,
			110 758 112 -1,
			794 795 763 -1,
			763 795 796 -1,
			763 796 766 -1,
			766 796 797 -1,
			766 797 798 -1,
			798 799 766 -1,
			766 799 800 -1,
			766 800 801 -1,
			801 800 802 -1,
			766 801 768 -1,
			768 801 803 -1,
			768 803 770 -1,
			770 803 804 -1,
			805 806 807 -1,
			807 806 808 -1,
			807 808 809 -1,
			809 808 810 -1,
			808 811 810 -1,
			810 811 812 -1,
			812 811 813 -1,
			813 811 814 -1,
			813 814 815 -1,
			815 814 816 -1,
			814 817 816 -1,
			816 817 818 -1,
			818 817 819 -1,
			819 817 820 -1,
			819 820 821 -1,
			821 820 822 -1,
			820 823 822 -1,
			822 823 824 -1,
			112 825 114 -1,
			114 825 826 -1,
			114 826 218 -1,
			218 826 827 -1,
			112 758 825 -1,
			825 758 828 -1,
			758 757 828 -1,
			826 829 827 -1,
			827 829 830 -1,
			829 831 830 -1,
			830 831 832 -1,
			831 833 832 -1,
			832 833 834 -1,
			833 835 834 -1,
			834 835 836 -1,
			835 837 836 -1,
			836 837 838 -1,
			839 840 841 -1,
			841 840 842 -1,
			841 842 837 -1,
			837 842 843 -1,
			837 843 838 -1,
			838 843 844 -1,
			839 845 840 -1,
			840 845 846 -1,
			840 846 847 -1,
			847 848 840 -1,
			840 849 842 -1,
			842 849 850 -1,
			842 850 851 -1,
			851 852 842 -1,
			842 852 853 -1,
			842 853 854 -1,
			855 856 843 -1,
			843 856 857 -1,
			843 857 858 -1,
			858 859 843 -1,
			843 859 844 -1,
			860 861 862 -1,
			862 861 863 -1,
			862 863 805 -1,
			805 863 864 -1,
			805 864 865 -1,
			865 866 805 -1,
			805 866 867 -1,
			805 867 868 -1,
			868 869 805 -1,
			805 869 806 -1,
			869 870 806 -1,
			806 870 871 -1,
			806 871 872 -1,
			870 873 871 -1,
			871 873 874 -1,
			873 875 874 -1,
			874 875 876 -1,
			875 877 876 -1,
			876 877 878 -1,
			877 879 878 -1,
			878 879 880 -1,
			879 881 880 -1,
			880 881 882 -1,
			881 883 882 -1,
			882 883 884 -1,
			885 886 883 -1,
			883 886 887 -1,
			883 887 884 -1,
			884 887 888 -1,
			884 888 889 -1,
			889 888 890 -1,
			885 891 886 -1,
			886 892 887 -1,
			887 892 893 -1,
			887 893 894 -1,
			894 895 887 -1,
			888 896 890 -1,
			890 896 897 -1,
			890 897 898 -1,
			889 899 884 -1,
			884 899 900 -1,
			872 901 806 -1,
			806 901 902 -1,
			806 902 903 -1,
			903 904 806 -1,
			806 904 905 -1,
			806 905 906 -1,
			806 906 907 -1,
			907 906 908 -1,
			907 908 909 -1,
			128 126 838 -1,
			838 126 836 -1,
			836 126 834 -1,
			834 126 124 -1,
			834 124 122 -1,
			834 122 832 -1,
			832 122 120 -1,
			832 120 830 -1,
			830 120 118 -1,
			830 118 827 -1,
			827 118 218 -1,
			118 116 218 -1,
			128 838 130 -1,
			130 838 844 -1,
			910 369 911 -1,
			911 369 375 -1,
			129 135 843 -1,
			843 135 855 -1,
			855 135 856 -1,
			856 135 134 -1,
			856 134 133 -1,
			856 133 857 -1,
			857 133 132 -1,
			857 132 858 -1,
			858 132 131 -1,
			858 131 859 -1,
			859 131 844 -1,
			131 130 844 -1,
			912 374 913 -1,
			913 374 373 -1,
			129 843 136 -1,
			136 843 842 -1,
			914 915 380 -1,
			380 915 381 -1,
			381 915 382 -1,
			382 915 916 -1,
			382 916 917 -1,
			382 917 383 -1,
			383 917 918 -1,
			383 918 384 -1,
			384 918 919 -1,
			384 919 385 -1,
			385 919 373 -1,
			919 913 373 -1,
			229 228 920 -1,
			920 228 216 -1,
			920 216 921 -1,
			921 216 214 -1,
			921 214 922 -1,
			921 922 923 -1,
			923 922 924 -1,
			923 924 925 -1,
			925 924 926 -1,
			925 926 927 -1,
			927 926 928 -1,
			927 928 929 -1,
			929 928 930 -1,
			929 930 931 -1,
			931 930 910 -1,
			931 910 912 -1,
			912 910 911 -1,
			912 911 932 -1,
			932 933 912 -1,
			912 933 934 -1,
			912 934 935 -1,
			935 936 912 -1,
			912 913 931 -1,
			931 913 937 -1,
			919 914 913 -1,
			913 914 938 -1,
			913 938 937 -1,
			937 938 939 -1,
			919 918 914 -1,
			914 918 917 -1,
			914 917 916 -1,
			916 915 914 -1,
			940 941 938 -1,
			938 941 942 -1,
			938 942 943 -1,
			943 939 938 -1,
			920 944 229 -1,
			229 944 771 -1,
			945 946 947 -1,
			947 946 948 -1,
			947 948 949 -1,
			949 948 950 -1,
			949 950 951 -1,
			951 950 952 -1,
			951 952 953 -1,
			953 952 954 -1,
			953 954 955 -1,
			955 954 956 -1,
			955 956 957 -1,
			957 956 958 -1,
			957 958 959 -1,
			959 958 960 -1,
			959 960 268 -1,
			268 960 961 -1,
			268 961 269 -1,
			269 961 962 -1,
			269 962 963 -1,
			964 965 966 -1,
			966 965 967 -1,
			966 967 268 -1,
			268 967 968 -1,
			268 968 969 -1,
			969 970 268 -1,
			268 970 971 -1,
			268 971 972 -1,
			972 973 268 -1,
			268 973 959 -1,
			945 947 974 -1,
			974 947 975 -1,
			974 975 976 -1,
			974 977 945 -1,
			945 977 978 -1,
			945 978 979 -1,
			979 980 945 -1,
			981 982 946 -1,
			946 982 983 -1,
			946 983 984 -1,
			984 985 946 -1,
			946 985 948 -1,
			986 987 985 -1,
			985 987 948 -1,
			963 988 269 -1,
			269 988 989 -1,
			269 989 990 -1,
			990 991 269 -1,
			269 991 992 -1,
			991 993 992 -1,
			992 993 994 -1,
			944 995 771 -1,
			771 995 996 -1,
			771 996 997 -1,
			997 998 771 -1,
			771 998 773 -1,
			998 999 773 -1,
			773 999 1000 -1,
			773 1000 774 -1,
			774 1000 1001 -1,
			774 1001 772 -1,
			1002 1003 1004 -1,
			1004 1003 1005 -1,
			1004 1005 1006 -1,
			1004 1006 1007 -1,
			1007 1006 1008 -1,
			1007 1008 1009 -1,
			1009 1008 1010 -1,
			1009 1010 1011 -1,
			1011 1010 1012 -1,
			1011 1012 1013 -1,
			1013 1012 966 -1,
			1012 964 966 -1,
			992 994 1014 -1,
			1014 994 1015 -1,
			1014 1015 1016 -1,
			1016 1015 1017 -1,
			1015 1018 1017 -1,
			1017 1018 1019 -1,
			1019 1018 1020 -1,
			1020 1018 1021 -1,
			1020 1021 1022 -1,
			1022 1021 1023 -1,
			1021 1024 1023 -1,
			1023 1024 1025 -1,
			1025 1024 1026 -1,
			1026 1024 1027 -1,
			1026 1027 1028 -1,
			1028 1027 1029 -1,
			1027 1030 1029 -1,
			1029 1030 1031 -1,
			775 772 1032 -1,
			1032 772 1001 -1,
			1032 1001 1000 -1,
			1032 1000 1033 -1,
			1033 1000 999 -1,
			1033 999 1034 -1,
			1034 999 998 -1,
			1034 998 1035 -1,
			1035 998 997 -1,
			1035 997 1036 -1,
			1036 997 996 -1,
			1036 996 1037 -1,
			1037 996 995 -1,
			1037 995 1038 -1,
			1038 995 944 -1,
			1038 944 351 -1,
			38 35 308 -1,
			308 35 1039 -1,
			35 32 1039 -1,
			1039 32 1040 -1,
			32 29 1040 -1,
			1040 29 1041 -1,
			29 26 1041 -1,
			1041 26 1042 -1,
			26 23 1042 -1,
			1042 23 1043 -1,
			23 20 1043 -1,
			1043 20 1044 -1,
			778 434 1045 -1,
			1045 434 1046 -1,
			1045 1046 1047 -1,
			1047 1046 1048 -1,
			1047 1048 1049 -1,
			1049 1048 413 -1,
			1049 413 1050 -1,
			1050 413 777 -1,
			1050 777 776 -1,
			1050 776 1051 -1,
			1051 776 775 -1,
			1051 775 357 -1,
			357 775 1032 -1,
			357 1032 1033 -1,
			1033 1034 357 -1,
			357 1034 1035 -1,
			357 1035 1036 -1,
			1036 1037 357 -1,
			357 1037 1038 -1,
			357 1038 351 -1,
			778 1045 782 -1,
			782 1045 1052 -1,
			782 1052 779 -1,
			993 309 994 -1,
			994 309 308 -1,
			994 308 1015 -1,
			1015 308 1039 -1,
			1015 1039 1018 -1,
			1018 1039 1040 -1,
			1018 1040 1021 -1,
			1021 1040 1041 -1,
			1021 1041 1024 -1,
			1024 1041 1042 -1,
			1024 1042 1027 -1,
			1027 1042 1043 -1,
			1027 1043 1044 -1,
			1027 1044 1030 -1,
			1030 1044 1053 -1,
			1030 1053 1054 -1,
			315 314 962 -1,
			962 314 963 -1,
			963 314 988 -1,
			988 314 313 -1,
			988 313 312 -1,
			988 312 989 -1,
			989 312 311 -1,
			989 311 990 -1,
			990 311 310 -1,
			990 310 991 -1,
			991 310 993 -1,
			310 309 993 -1,
			164 163 868 -1,
			868 163 869 -1,
			162 161 872 -1,
			872 161 901 -1,
			318 317 972 -1,
			972 317 973 -1,
			316 315 961 -1,
			961 315 962 -1,
			868 867 164 -1,
			164 867 195 -1,
			195 867 196 -1,
			196 867 866 -1,
			196 866 865 -1,
			196 865 197 -1,
			197 865 864 -1,
			197 864 198 -1,
			198 864 863 -1,
			198 863 199 -1,
			199 863 200 -1,
			863 861 200 -1,
			200 861 201 -1,
			201 861 860 -1,
			201 860 1055 -1,
			1055 860 1056 -1,
			1055 1056 1057 -1,
			1055 1057 1058 -1,
			1058 1057 1059 -1,
			1058 1059 1060 -1,
			1060 1059 1061 -1,
			1060 1061 1062 -1,
			1062 1061 1063 -1,
			1062 1063 1064 -1,
			1064 1063 1065 -1,
			1063 1066 1065 -1,
			1065 1066 1067 -1,
			1065 1067 1068 -1,
			19 17 1065 -1,
			1065 17 1064 -1,
			17 15 1064 -1,
			1064 15 1062 -1,
			15 13 1062 -1,
			1062 13 1060 -1,
			13 11 1060 -1,
			1060 11 1058 -1,
			11 9 1058 -1,
			1058 9 1055 -1,
			2 201 9 -1,
			9 201 1055 -1,
			440 1069 1070 -1,
			1070 1069 1071 -1,
			1070 1071 1072 -1,
			1072 1071 1073 -1,
			1072 1073 750 -1,
			750 1073 1074 -1,
			750 1074 752 -1,
			752 1074 753 -1,
			440 781 1069 -1,
			1069 781 783 -1,
			1069 783 1075 -1,
			1075 783 780 -1,
			1074 1076 753 -1,
			753 1076 754 -1,
			1076 156 754 -1,
			754 156 1077 -1,
			153 1078 156 -1,
			156 1078 1079 -1,
			156 1079 1080 -1,
			1080 1081 156 -1,
			156 1081 1082 -1,
			156 1082 1083 -1,
			1083 1077 156 -1,
			1044 20 1053 -1,
			1053 20 1084 -1,
			1085 1086 19 -1,
			19 1086 1087 -1,
			19 1087 20 -1,
			20 1087 1088 -1,
			20 1088 1089 -1,
			1065 1068 19 -1,
			19 1068 1090 -1,
			19 1090 1091 -1,
			1091 1085 19 -1,
			1087 1086 1092 -1,
			1092 1086 1093 -1,
			1092 1093 1094 -1,
			1094 1093 1095 -1,
			1094 1095 1096 -1,
			1094 1096 1097 -1,
			1097 1096 1098 -1,
			1097 1098 1099 -1,
			1099 1098 1100 -1,
			1099 1100 1101 -1,
			1101 1100 780 -1,
			1101 780 779 -1,
			1100 1102 780 -1,
			780 1102 1103 -1,
			780 1103 1104 -1,
			1104 1105 780 -1,
			780 1105 1075 -1,
			1052 1106 779 -1,
			779 1106 1107 -1,
			779 1107 1108 -1,
			1108 1109 779 -1,
			779 1109 1101 -1,
			1089 1084 20 -1,
			1110 1111 1094 -1,
			1094 1111 1092 -1,
			1092 1111 1087 -1,
			1087 1111 1112 -1,
			1087 1112 1113 -1,
			1087 1113 1088 -1,
			1088 1113 1114 -1,
			1088 1114 1089 -1,
			1089 1114 1115 -1,
			1089 1115 1084 -1,
			1084 1115 1053 -1,
			1115 1054 1053 -1,
			1094 1097 1110 -1,
			1110 1097 1116 -1,
			1030 1054 1031 -1,
			1031 1054 1115 -1,
			1031 1115 1114 -1,
			1114 1113 1031 -1,
			1031 1113 1112 -1,
			1031 1112 1117 -1,
			1117 1112 1118 -1,
			1112 1111 1118 -1,
			1118 1111 1119 -1,
			1111 1110 1119 -1,
			1119 1110 1120 -1,
			1110 1116 1120 -1,
			1120 1116 1121 -1,
			1116 1122 1121 -1,
			1121 1122 1123 -1,
			1122 1124 1123 -1,
			1123 1124 1125 -1,
			1124 1126 1125 -1,
			1125 1126 1127 -1,
			1125 1127 1128 -1,
			1128 1127 1129 -1,
			1127 1126 1002 -1,
			1002 1126 1130 -1,
			1002 1130 1131 -1,
			1131 1132 1002 -1,
			1002 1132 1003 -1,
			1133 1134 1127 -1,
			1127 1134 1129 -1,
			1031 1117 1135 -1,
			1135 1117 1136 -1,
			1135 1136 1137 -1,
			1137 1138 1135 -1,
			1135 1138 1067 -1,
			1135 1067 1066 -1,
			1031 1135 21 -1,
			21 1135 18 -1,
			1135 1139 18 -1,
			18 1139 16 -1,
			1139 1140 16 -1,
			16 1140 14 -1,
			1140 1141 14 -1,
			14 1141 12 -1,
			12 1141 10 -1,
			10 1141 1142 -1,
			10 1142 0 -1,
			0 1142 1143 -1,
			0 1143 862 -1,
			862 1 0 -1,
			1 862 3 -1,
			3 862 805 -1,
			805 807 3 -1,
			3 807 5 -1,
			5 807 7 -1,
			7 807 809 -1,
			7 809 810 -1,
			813 71 812 -1,
			812 71 73 -1,
			812 73 810 -1,
			810 73 8 -1,
			810 8 7 -1,
			813 815 71 -1,
			71 815 70 -1,
			70 815 68 -1,
			68 815 816 -1,
			68 816 818 -1,
			819 65 818 -1,
			818 65 67 -1,
			818 67 68 -1,
			819 821 65 -1,
			65 821 64 -1,
			64 821 62 -1,
			62 821 822 -1,
			62 822 61 -1,
			61 822 824 -1,
			61 824 59 -1,
			59 824 250 -1,
			59 250 57 -1,
			57 250 252 -1,
			57 252 56 -1,
			56 252 254 -1,
			56 254 255 -1,
			257 53 255 -1,
			255 53 54 -1,
			255 54 56 -1,
			257 258 53 -1,
			53 258 51 -1,
			51 258 50 -1,
			50 258 260 -1,
			50 260 261 -1,
			264 45 263 -1,
			263 45 47 -1,
			263 47 261 -1,
			261 47 48 -1,
			261 48 50 -1,
			264 266 45 -1,
			45 266 44 -1,
			44 266 42 -1,
			42 266 267 -1,
			42 267 269 -1,
			269 40 42 -1,
			40 269 39 -1,
			39 269 992 -1,
			39 992 37 -1,
			37 992 1014 -1,
			37 1014 1016 -1,
			1022 30 1020 -1,
			1020 30 31 -1,
			1020 31 1019 -1,
			1019 31 33 -1,
			1019 33 1017 -1,
			1017 33 34 -1,
			1017 34 1016 -1,
			1016 34 36 -1,
			1016 36 37 -1,
			1022 1023 30 -1,
			30 1023 28 -1,
			28 1023 27 -1,
			27 1023 1025 -1,
			27 1025 1026 -1,
			1028 24 1026 -1,
			1026 24 25 -1,
			1026 25 27 -1,
			1028 1029 24 -1,
			24 1029 22 -1,
			1031 21 1029 -1,
			1029 21 22 -1,
			1144 1145 804 -1,
			804 1145 1146 -1,
			804 1146 770 -1,
			770 1146 1147 -1,
			770 1147 1148 -1,
			1144 804 1149 -1,
			1149 804 1150 -1,
			1149 1150 1151 -1,
			1151 1150 1152 -1,
			1153 1154 1150 -1,
			1150 1154 1155 -1,
			1150 1155 1156 -1,
			1156 1152 1150 -1,
			1148 1157 770 -1,
			770 1157 1158 -1,
			770 1158 1159 -1,
			770 1159 1160 -1,
			1160 1159 1161 -1,
			1160 1161 1162 -1,
			1162 1161 1163 -1,
			1162 1163 1164 -1,
			1164 1163 1165 -1,
			1163 1166 1165 -1,
			1165 1166 1167 -1,
			1166 1168 1167 -1,
			1167 1168 1169 -1,
			1168 1170 1169 -1,
			1160 1171 770 -1,
			770 1171 1172 -1,
			770 1172 1173 -1,
			770 1173 1174 -1,
			1174 1173 1175 -1,
			1174 1175 1176 -1,
			1176 1175 1177 -1,
			1175 1178 1177 -1,
			1177 1178 1179 -1,
			1178 1180 1179 -1,
			1179 1180 1181 -1,
			1180 1182 1181 -1,
			1181 1182 1183 -1,
			1181 1183 1184 -1,
			1184 1183 1185 -1,
			1183 1182 1186 -1,
			1186 1182 1187 -1,
			1186 1187 1188 -1,
			1189 1190 1188 -1,
			1188 1190 1191 -1,
			1188 1191 1192 -1,
			1192 1193 1188 -1,
			1188 1193 1186 -1,
			1194 1195 1183 -1,
			1183 1195 1196 -1,
			1183 1196 1197 -1,
			1197 1198 1183 -1,
			1183 1198 1185 -1,
			770 1174 241 -1,
			241 1174 1199 -1,
			241 1199 1200 -1,
			1200 1201 241 -1,
			241 1201 1202 -1,
			241 1202 1203 -1,
			1202 1201 1204 -1,
			1204 1201 1205 -1,
			1204 1205 1206 -1,
			1206 1205 1207 -1,
			1206 1207 1208 -1,
			1208 1207 1209 -1,
			1208 1209 1210 -1,
			1210 1209 1211 -1,
			1210 1211 1212 -1,
			1212 1211 1213 -1,
			1203 1214 241 -1,
			241 1214 1215 -1,
			241 1215 1216 -1,
			1216 1217 241 -1,
			241 1217 247 -1,
			1217 1218 247 -1,
			247 1218 1219 -1,
			247 1219 1220 -1,
			247 1220 1221 -1,
			1221 1220 1222 -1,
			1221 1222 1223 -1,
			1223 1222 1224 -1,
			1225 1226 1222 -1,
			1222 1226 1227 -1,
			1222 1227 1224 -1,
			824 823 250 -1,
			250 823 251 -1,
			1228 300 1221 -1,
			1221 300 247 -1,
			300 299 247 -1,
			247 299 242 -1,
			299 298 242 -1,
			242 298 244 -1,
			298 297 244 -1,
			244 297 248 -1,
			297 1229 248 -1,
			1221 1223 1228 -1,
			1228 1223 1230 -1,
			1230 1223 1231 -1,
			1231 1223 1224 -1,
			1231 1224 1227 -1,
			1231 1227 1232 -1,
			1232 1227 1226 -1,
			1232 1226 1233 -1,
			1233 1226 1225 -1,
			1233 1225 1234 -1,
			1234 1225 1235 -1,
			1225 1222 1235 -1,
			1236 1237 89 -1,
			89 1237 1238 -1,
			89 1238 1239 -1,
			1239 1238 1240 -1,
			1239 1240 1241 -1,
			1241 1240 1242 -1,
			1243 1244 60 -1,
			60 1244 1245 -1,
			60 1245 89 -1,
			89 1245 1246 -1,
			89 1246 1236 -1,
			1247 1248 58 -1,
			58 1248 1249 -1,
			58 1249 60 -1,
			60 1249 1250 -1,
			60 1250 1251 -1,
			1252 1253 300 -1,
			300 1253 1254 -1,
			300 1254 58 -1,
			58 1254 1255 -1,
			58 1255 1256 -1,
			1230 1235 1228 -1,
			1228 1235 1257 -1,
			1228 1257 300 -1,
			300 1257 1258 -1,
			300 1258 1252 -1,
			1230 1231 1235 -1,
			1235 1231 1232 -1,
			1235 1232 1233 -1,
			1233 1234 1235 -1,
			1256 1259 58 -1,
			58 1259 1260 -1,
			58 1260 1261 -1,
			1261 1260 1262 -1,
			1260 1263 1262 -1,
			1262 1263 1264 -1,
			1263 1265 1264 -1,
			1264 1265 1266 -1,
			1265 1267 1266 -1,
			1261 1268 58 -1,
			58 1268 1247 -1,
			1249 1248 1269 -1,
			1269 1248 1270 -1,
			1269 1270 1271 -1,
			1271 1270 1272 -1,
			1271 1272 1273 -1,
			1273 1272 1274 -1,
			1273 1274 1275 -1,
			1275 1274 1276 -1,
			1275 1276 1277 -1,
			1277 1276 1278 -1,
			1276 1279 1278 -1,
			1278 1279 1280 -1,
			1278 1280 1281 -1,
			1281 1280 1282 -1,
			1283 1284 1280 -1,
			1280 1284 1285 -1,
			1280 1285 1282 -1,
			1286 1287 1277 -1,
			1277 1287 1288 -1,
			1277 1288 1275 -1,
			1286 1289 1287 -1,
			1287 1289 1290 -1,
			1287 1290 1291 -1,
			1291 1292 1287 -1,
			1251 1293 60 -1,
			60 1293 1294 -1,
			60 1294 1295 -1,
			1294 1293 1296 -1,
			1296 1293 1297 -1,
			1296 1297 1298 -1,
			1298 1297 1299 -1,
			1298 1299 1300 -1,
			1300 1299 1301 -1,
			1295 1243 60 -1,
			1302 1303 1240 -1,
			1240 1303 1304 -1,
			1240 1304 1242 -1,
			1151 1152 1240 -1,
			1240 1152 1302 -1,
			1302 1152 1303 -1,
			1303 1152 1156 -1,
			1303 1156 1155 -1,
			1303 1155 1304 -1,
			1304 1155 1154 -1,
			1304 1154 1242 -1,
			1242 1154 1153 -1,
			1242 1153 1241 -1,
			1241 1153 1239 -1,
			1153 1150 1239 -1,
			1150 804 1239 -1,
			1239 804 89 -1,
			89 804 85 -1,
			85 804 803 -1,
			85 803 86 -1,
			86 803 801 -1,
			86 801 87 -1,
			87 801 802 -1,
			87 802 1305 -1,
			87 1305 88 -1,
			88 1305 1306 -1,
			88 1306 80 -1,
			80 1306 1307 -1,
			80 1307 81 -1,
			81 1307 1308 -1,
			81 1308 91 -1,
			91 1308 1309 -1,
			91 1309 92 -1,
			92 1309 93 -1,
			1309 1310 93 -1,
			93 1310 94 -1,
			1310 1311 94 -1,
			94 1311 95 -1,
			1312 90 1311 -1,
			1311 90 95 -1,
			217 101 793 -1,
			793 101 792 -1,
			101 100 792 -1,
			792 100 791 -1,
			791 100 1313 -1,
			1313 100 99 -1,
			1313 99 1314 -1,
			1314 99 98 -1,
			1314 98 1315 -1,
			1315 98 97 -1,
			1315 97 1316 -1,
			1316 97 96 -1,
			1316 96 1317 -1,
			1317 96 84 -1,
			1317 84 1318 -1,
			1318 84 83 -1,
			1318 83 1319 -1,
			1319 83 82 -1,
			1319 82 1312 -1,
			1312 82 90 -1,
			791 1313 790 -1,
			790 1313 794 -1,
			1313 1314 794 -1,
			794 1314 1315 -1,
			794 1315 795 -1,
			795 1315 1316 -1,
			795 1316 796 -1,
			796 1316 1317 -1,
			796 1317 797 -1,
			797 1317 1318 -1,
			797 1318 798 -1,
			798 1318 799 -1,
			1318 1319 799 -1,
			799 1319 800 -1,
			1319 1312 800 -1,
			277 245 1320 -1,
			1320 245 248 -1,
			1320 248 1229 -1,
			1229 1321 1320 -1,
			1320 1321 1322 -1,
			1320 1322 1323 -1,
			1323 1324 1320 -1,
			1320 1324 1325 -1,
			1306 1305 1311 -1,
			1311 1305 802 -1,
			1311 802 800 -1,
			800 1312 1311 -1,
			1310 1309 1311 -1,
			1311 1309 1308 -1,
			1311 1308 1307 -1,
			1307 1306 1311 -1,
			294 1320 295 -1,
			295 1320 1325 -1,
			295 1325 296 -1,
			296 1325 1324 -1,
			296 1324 293 -1,
			293 1324 1323 -1,
			293 1323 292 -1,
			292 1323 291 -1,
			1323 1322 291 -1,
			291 1322 289 -1,
			1322 1321 289 -1,
			289 1321 290 -1,
			1321 1229 290 -1,
			290 1229 297 -1,
			294 286 1320 -1,
			1320 286 277 -1,
			1240 1238 1151 -1,
			1151 1238 1149 -1,
			1157 1148 1243 -1,
			1243 1148 1244 -1,
			1244 1148 1245 -1,
			1245 1148 1147 -1,
			1245 1147 1146 -1,
			1245 1146 1246 -1,
			1246 1146 1145 -1,
			1246 1145 1236 -1,
			1236 1145 1144 -1,
			1236 1144 1237 -1,
			1237 1144 1238 -1,
			1144 1149 1238 -1,
			1172 1171 1250 -1,
			1250 1171 1251 -1,
			1243 1295 1157 -1,
			1157 1295 1158 -1,
			1187 1182 1288 -1,
			1288 1182 1275 -1,
			1275 1182 1273 -1,
			1273 1182 1180 -1,
			1273 1180 1178 -1,
			1273 1178 1271 -1,
			1271 1178 1175 -1,
			1271 1175 1269 -1,
			1269 1175 1173 -1,
			1269 1173 1249 -1,
			1249 1173 1250 -1,
			1173 1172 1250 -1,
			1187 1288 1188 -1,
			1188 1288 1287 -1,
			1186 1193 1277 -1,
			1277 1193 1286 -1,
			1286 1193 1289 -1,
			1289 1193 1192 -1,
			1289 1192 1191 -1,
			1289 1191 1290 -1,
			1290 1191 1190 -1,
			1290 1190 1291 -1,
			1291 1190 1189 -1,
			1291 1189 1292 -1,
			1292 1189 1287 -1,
			1189 1188 1287 -1,
			1277 1278 1186 -1,
			1186 1278 1183 -1,
			1185 1198 1280 -1,
			1280 1198 1283 -1,
			1283 1198 1284 -1,
			1284 1198 1197 -1,
			1284 1197 1196 -1,
			1284 1196 1285 -1,
			1285 1196 1195 -1,
			1285 1195 1282 -1,
			1282 1195 1194 -1,
			1282 1194 1281 -1,
			1281 1194 1278 -1,
			1194 1183 1278 -1,
			1280 1279 1185 -1,
			1185 1279 1184 -1,
			1199 1174 1247 -1,
			1247 1174 1248 -1,
			1248 1174 1270 -1,
			1270 1174 1176 -1,
			1270 1176 1177 -1,
			1270 1177 1272 -1,
			1272 1177 1179 -1,
			1272 1179 1274 -1,
			1274 1179 1181 -1,
			1274 1181 1276 -1,
			1276 1181 1279 -1,
			1181 1184 1279 -1,
			1247 1268 1199 -1,
			1199 1268 1200 -1,
			1259 1256 1203 -1,
			1203 1256 1214 -1,
			1268 1261 1200 -1,
			1200 1261 1201 -1,
			1261 1262 1201 -1,
			1201 1262 1205 -1,
			1262 1264 1205 -1,
			1205 1264 1207 -1,
			1264 1266 1207 -1,
			1207 1266 1326 -1,
			1207 1326 1209 -1,
			1209 1326 1327 -1,
			1209 1327 1211 -1,
			1211 1327 1328 -1,
			1211 1328 1213 -1,
			1213 1328 1329 -1,
			1330 1331 1332 -1,
			1332 1331 1213 -1,
			1332 1213 1333 -1,
			1333 1213 1334 -1,
			1329 1335 1213 -1,
			1213 1335 1334 -1,
			1336 1331 748 -1,
			748 1331 1337 -1,
			748 1337 769 -1,
			769 1337 1338 -1,
			769 1338 731 -1,
			731 1338 1339 -1,
			731 1339 1340 -1,
			748 720 1336 -1,
			1336 720 1341 -1,
			1341 720 1330 -1,
			1330 720 731 -1,
			1330 731 1340 -1,
			1337 1331 1340 -1,
			1340 1331 1330 -1,
			1340 1342 1337 -1,
			1337 1342 1169 -1,
			1342 1343 1169 -1,
			1169 1343 1344 -1,
			1169 1344 1345 -1,
			1345 1346 1169 -1,
			1169 1170 1337 -1,
			1337 1170 1338 -1,
			1339 1338 1347 -1,
			1347 1338 1170 -1,
			1347 1170 1348 -1,
			1348 1170 1349 -1,
			1350 1351 1170 -1,
			1170 1351 1349 -1,
			1340 1339 1342 -1,
			1342 1339 1347 -1,
			1342 1347 1348 -1,
			1349 1344 1348 -1,
			1348 1344 1343 -1,
			1348 1343 1342 -1,
			1349 1351 1344 -1,
			1344 1351 1345 -1,
			1351 1350 1345 -1,
			1345 1350 1346 -1,
			1350 1352 1346 -1,
			1346 1352 1353 -1,
			1352 1354 1353 -1,
			1353 1354 1355 -1,
			1354 1356 1355 -1,
			1355 1356 1357 -1,
			1300 1301 1356 -1,
			1356 1301 1357 -1,
			1251 1171 1293 -1,
			1293 1171 1160 -1,
			1293 1160 1297 -1,
			1297 1160 1162 -1,
			1297 1162 1299 -1,
			1299 1162 1164 -1,
			1299 1164 1301 -1,
			1301 1164 1165 -1,
			1301 1165 1357 -1,
			1357 1165 1355 -1,
			1165 1167 1355 -1,
			1355 1167 1353 -1,
			1167 1169 1353 -1,
			1353 1169 1346 -1,
			1295 1294 1158 -1,
			1158 1294 1159 -1,
			1294 1296 1159 -1,
			1159 1296 1161 -1,
			1296 1298 1161 -1,
			1161 1298 1163 -1,
			1298 1300 1163 -1,
			1163 1300 1356 -1,
			1163 1356 1166 -1,
			1166 1356 1354 -1,
			1166 1354 1168 -1,
			1168 1354 1352 -1,
			1168 1352 1170 -1,
			1170 1352 1350 -1,
			1336 1212 1331 -1,
			1331 1212 1213 -1,
			1341 1358 1336 -1,
			1336 1358 1212 -1,
			1358 1359 1212 -1,
			1212 1359 1360 -1,
			1212 1360 1361 -1,
			1361 1362 1212 -1,
			1259 1203 1260 -1,
			1260 1203 1202 -1,
			1260 1202 1263 -1,
			1263 1202 1204 -1,
			1263 1204 1265 -1,
			1265 1204 1206 -1,
			1265 1206 1267 -1,
			1267 1206 1208 -1,
			1267 1208 1363 -1,
			1363 1208 1364 -1,
			1208 1210 1364 -1,
			1364 1210 1365 -1,
			1210 1212 1365 -1,
			1365 1212 1362 -1,
			1341 1330 1358 -1,
			1358 1330 1332 -1,
			1358 1332 1333 -1,
			1334 1360 1333 -1,
			1333 1360 1359 -1,
			1333 1359 1358 -1,
			1334 1335 1360 -1,
			1360 1335 1361 -1,
			1335 1329 1361 -1,
			1361 1329 1362 -1,
			1329 1328 1362 -1,
			1362 1328 1365 -1,
			1328 1327 1365 -1,
			1365 1327 1364 -1,
			1327 1326 1364 -1,
			1364 1326 1363 -1,
			1266 1267 1326 -1,
			1326 1267 1363 -1,
			1220 1219 1257 -1,
			1257 1219 1258 -1,
			1258 1219 1252 -1,
			1252 1219 1218 -1,
			1252 1218 1217 -1,
			1252 1217 1253 -1,
			1253 1217 1216 -1,
			1253 1216 1254 -1,
			1254 1216 1215 -1,
			1254 1215 1255 -1,
			1255 1215 1256 -1,
			1215 1214 1256 -1,
			1220 1257 1222 -1,
			1222 1257 1235 -1,
			806 1366 808 -1,
			808 1366 1367 -1,
			808 1367 811 -1,
			811 1367 1368 -1,
			811 1368 814 -1,
			814 1368 1369 -1,
			814 1369 817 -1,
			817 1369 1370 -1,
			817 1370 820 -1,
			820 1370 1371 -1,
			820 1371 823 -1,
			823 1371 1372 -1,
			823 1372 251 -1,
			251 1372 1373 -1,
			251 1373 1374 -1,
			806 907 1366 -1,
			1366 907 1375 -1,
			907 1376 1375 -1,
			1375 1376 1377 -1,
			1376 1378 1377 -1,
			1377 1378 1379 -1,
			1378 1380 1379 -1,
			1379 1380 1381 -1,
			1380 1382 1381 -1,
			1381 1382 1383 -1,
			1382 1384 1383 -1,
			1383 1384 1385 -1,
			1384 1127 1385 -1,
			1385 1127 1386 -1,
			1127 1002 1386 -1,
			1386 1002 1387 -1,
			1387 1002 1388 -1,
			1388 1002 1004 -1,
			1388 1004 1389 -1,
			1389 1004 1007 -1,
			1389 1007 1390 -1,
			1390 1007 1009 -1,
			1390 1009 1391 -1,
			1391 1009 1011 -1,
			1391 1011 1392 -1,
			1392 1011 1013 -1,
			1392 1013 1393 -1,
			1393 1013 966 -1,
			1393 966 268 -1,
			1393 268 1394 -1,
			1394 268 265 -1,
			1394 265 1395 -1,
			1395 265 262 -1,
			1395 262 1396 -1,
			1396 262 259 -1,
			1396 259 1397 -1,
			1397 259 256 -1,
			1397 256 1398 -1,
			1398 256 253 -1,
			1398 253 1374 -1,
			1374 253 251 -1,
			751 1399 755 -1,
			755 1399 1400 -1,
			755 1400 756 -1,
			756 1400 1401 -1,
			756 1401 757 -1,
			757 1401 1402 -1,
			757 1402 1403 -1,
			1403 1404 757 -1,
			757 1404 1405 -1,
			757 1405 828 -1,
			907 909 1376 -1,
			1376 909 1406 -1,
			1376 1406 1407 -1,
			1376 1407 1378 -1,
			1378 1407 1408 -1,
			1378 1408 1380 -1,
			1380 1408 1409 -1,
			1380 1409 1382 -1,
			1382 1409 1410 -1,
			1382 1410 1384 -1,
			1384 1410 1127 -1,
			1410 1133 1127 -1,
			1135 1066 1139 -1,
			1139 1066 1063 -1,
			1139 1063 1061 -1,
			1139 1061 1140 -1,
			1140 1061 1059 -1,
			1140 1059 1141 -1,
			1141 1059 1057 -1,
			1141 1057 1142 -1,
			1142 1057 1056 -1,
			1142 1056 1143 -1,
			1143 1056 862 -1,
			1056 860 862 -1,
			754 1077 751 -1,
			751 1077 1399 -1,
			1077 1083 1399 -1,
			1399 1083 1400 -1,
			1083 1082 1400 -1,
			1400 1082 1401 -1,
			1082 1081 1401 -1,
			1401 1081 1402 -1,
			1402 1081 1403 -1,
			1403 1081 1080 -1,
			1403 1080 1079 -1,
			1078 1405 1079 -1,
			1079 1405 1404 -1,
			1079 1404 1403 -1,
			1078 153 1405 -1,
			1405 153 828 -1,
			920 352 944 -1,
			944 352 351 -1,
			150 825 153 -1,
			153 825 828 -1,
			920 921 352 -1,
			352 921 358 -1,
			358 921 360 -1,
			360 921 923 -1,
			360 923 925 -1,
			360 925 362 -1,
			362 925 927 -1,
			362 927 364 -1,
			364 927 929 -1,
			364 929 366 -1,
			366 929 368 -1,
			929 931 368 -1,
			368 931 372 -1,
			372 931 937 -1,
			371 379 938 -1,
			938 379 940 -1,
			940 379 941 -1,
			941 379 378 -1,
			941 378 377 -1,
			941 377 942 -1,
			942 377 376 -1,
			942 376 943 -1,
			943 376 370 -1,
			943 370 939 -1,
			939 370 937 -1,
			370 372 937 -1,
			380 371 914 -1,
			914 371 938 -1,
			849 840 139 -1,
			139 840 140 -1,
			179 180 887 -1,
			887 180 888 -1,
			946 945 336 -1,
			336 945 337 -1,
			139 145 849 -1,
			849 145 850 -1,
			850 145 851 -1,
			851 145 144 -1,
			851 144 143 -1,
			851 143 852 -1,
			852 143 142 -1,
			852 142 853 -1,
			853 142 138 -1,
			853 138 854 -1,
			854 138 842 -1,
			138 136 842 -1,
			840 848 140 -1,
			140 848 146 -1,
			146 848 147 -1,
			147 848 847 -1,
			147 847 846 -1,
			147 846 148 -1,
			148 846 845 -1,
			148 845 149 -1,
			149 845 839 -1,
			149 839 141 -1,
			141 839 137 -1,
			839 841 137 -1,
			837 127 841 -1,
			841 127 137 -1,
			150 117 825 -1,
			825 117 826 -1,
			826 117 829 -1,
			829 117 119 -1,
			829 119 121 -1,
			829 121 831 -1,
			831 121 123 -1,
			831 123 833 -1,
			833 123 125 -1,
			833 125 835 -1,
			835 125 837 -1,
			125 127 837 -1,
			179 887 188 -1,
			188 887 895 -1,
			188 895 894 -1,
			188 894 189 -1,
			189 894 893 -1,
			189 893 190 -1,
			190 893 191 -1,
			893 892 191 -1,
			886 192 892 -1,
			892 192 191 -1,
			883 177 885 -1,
			885 177 194 -1,
			885 194 193 -1,
			192 886 193 -1,
			193 886 891 -1,
			193 891 885 -1,
			881 175 883 -1,
			883 175 177 -1,
			163 165 869 -1,
			869 165 870 -1,
			870 165 873 -1,
			873 165 167 -1,
			873 167 169 -1,
			873 169 875 -1,
			875 169 171 -1,
			875 171 877 -1,
			877 171 173 -1,
			877 173 879 -1,
			879 173 881 -1,
			173 175 881 -1,
			888 180 896 -1,
			896 180 187 -1,
			896 187 186 -1,
			896 186 897 -1,
			897 186 185 -1,
			897 185 898 -1,
			898 185 890 -1,
			185 184 890 -1,
			184 181 890 -1,
			890 181 889 -1,
			178 884 182 -1,
			182 884 900 -1,
			182 900 899 -1,
			889 181 899 -1,
			899 181 183 -1,
			899 183 182 -1,
			178 176 884 -1,
			884 176 882 -1,
			872 871 162 -1,
			162 871 166 -1,
			166 871 168 -1,
			168 871 874 -1,
			168 874 876 -1,
			168 876 170 -1,
			170 876 878 -1,
			170 878 172 -1,
			172 878 880 -1,
			172 880 174 -1,
			174 880 176 -1,
			880 882 176 -1,
			946 336 981 -1,
			981 336 344 -1,
			981 344 343 -1,
			981 343 982 -1,
			982 343 342 -1,
			982 342 983 -1,
			983 342 984 -1,
			342 341 984 -1,
			984 341 985 -1,
			985 341 335 -1,
			332 948 334 -1,
			334 948 987 -1,
			334 987 986 -1,
			985 335 986 -1,
			986 335 340 -1,
			986 340 334 -1,
			330 950 332 -1,
			332 950 948 -1,
			961 960 316 -1,
			316 960 320 -1,
			320 960 322 -1,
			322 960 958 -1,
			322 958 956 -1,
			322 956 324 -1,
			324 956 954 -1,
			324 954 326 -1,
			326 954 952 -1,
			326 952 328 -1,
			328 952 330 -1,
			952 950 330 -1,
			337 945 345 -1,
			345 945 980 -1,
			345 980 979 -1,
			345 979 346 -1,
			346 979 978 -1,
			346 978 347 -1,
			347 978 339 -1,
			978 977 339 -1,
			977 974 339 -1,
			339 974 338 -1,
			947 333 975 -1,
			975 333 349 -1,
			975 349 348 -1,
			338 974 348 -1,
			348 974 976 -1,
			348 976 975 -1,
			947 949 333 -1,
			333 949 331 -1,
			317 321 973 -1,
			973 321 959 -1,
			959 321 957 -1,
			957 321 323 -1,
			957 323 325 -1,
			957 325 955 -1,
			955 325 327 -1,
			955 327 953 -1,
			953 327 329 -1,
			953 329 951 -1,
			951 329 949 -1,
			329 331 949 -1,
			157 156 908 -1,
			908 156 909 -1,
			156 1076 909 -1,
			909 1076 1406 -1,
			1076 1074 1406 -1,
			1406 1074 1407 -1,
			1074 1073 1407 -1,
			1407 1073 1408 -1,
			1073 1071 1408 -1,
			1408 1071 1409 -1,
			1071 1069 1409 -1,
			1409 1069 1410 -1,
			1069 1075 1410 -1,
			1410 1075 1133 -1,
			1105 1134 1075 -1,
			1075 1134 1133 -1,
			161 155 901 -1,
			901 155 902 -1,
			902 155 903 -1,
			903 155 154 -1,
			903 154 160 -1,
			903 160 904 -1,
			904 160 159 -1,
			904 159 905 -1,
			905 159 158 -1,
			905 158 906 -1,
			906 158 908 -1,
			158 157 908 -1,
			1120 1121 1096 -1,
			1096 1121 1098 -1,
			1098 1121 1100 -1,
			1100 1121 1123 -1,
			1100 1123 1125 -1,
			1100 1125 1102 -1,
			1102 1125 1128 -1,
			1102 1128 1103 -1,
			1103 1128 1129 -1,
			1103 1129 1104 -1,
			1104 1129 1105 -1,
			1129 1134 1105 -1,
			1120 1096 1119 -1,
			1119 1096 1095 -1,
			1067 1138 1068 -1,
			1068 1138 1090 -1,
			1090 1138 1091 -1,
			1091 1138 1137 -1,
			1091 1137 1136 -1,
			1091 1136 1085 -1,
			1085 1136 1117 -1,
			1085 1117 1086 -1,
			1086 1117 1118 -1,
			1086 1118 1093 -1,
			1093 1118 1095 -1,
			1118 1119 1095 -1,
			1411 1386 1412 -1,
			1412 1386 1387 -1,
			1411 1412 1413 -1,
			1413 1412 1414 -1,
			1415 1416 1414 -1,
			1414 1416 1417 -1,
			1414 1417 1418 -1,
			1418 1419 1414 -1,
			1414 1419 1420 -1,
			1414 1420 1421 -1,
			1421 1420 1422 -1,
			1420 1423 1422 -1,
			1421 1424 1414 -1,
			1414 1424 1425 -1,
			1414 1425 1426 -1,
			1427 1428 1424 -1,
			1424 1428 1425 -1,
			1429 1430 1426 -1,
			1426 1430 1431 -1,
			1426 1431 1414 -1,
			1414 1431 1432 -1,
			1414 1432 1433 -1,
			1433 1432 1434 -1,
			1432 1435 1434 -1,
			1433 1436 1414 -1,
			1414 1436 1437 -1,
			1414 1437 1438 -1,
			1439 1440 1436 -1,
			1436 1440 1437 -1,
			1441 1442 1438 -1,
			1438 1442 1443 -1,
			1438 1443 1414 -1,
			1414 1443 1413 -1,
			1443 1444 1413 -1,
			1413 1444 1445 -1,
			1413 1445 1446 -1,
			1447 1448 1444 -1,
			1444 1448 1445 -1,
			1449 1450 1446 -1,
			1446 1450 1451 -1,
			1446 1451 1413 -1,
			1413 1451 1452 -1,
			1413 1452 1453 -1,
			1453 1452 1454 -1,
			1452 1455 1454 -1,
			1453 1456 1413 -1,
			1413 1456 1457 -1,
			1413 1457 1458 -1,
			1459 1460 1456 -1,
			1456 1460 1457 -1,
			1461 1462 1458 -1,
			1458 1462 1463 -1,
			1458 1463 1413 -1,
			1413 1463 1464 -1,
			1413 1464 1465 -1,
			1465 1466 1413 -1,
			1413 1466 1467 -1,
			1413 1467 1468 -1,
			1468 1469 1413 -1,
			1413 1469 1470 -1,
			1413 1470 1471 -1,
			1471 1472 1413 -1,
			1473 1474 1414 -1,
			1414 1474 1475 -1,
			1414 1475 1476 -1,
			1476 1415 1414 -1,
			1477 1478 1479 -1,
			1479 1478 1480 -1,
			1479 1480 1481 -1,
			1481 1482 1479 -1,
			1479 1482 1483 -1,
			1479 1483 1484 -1,
			1484 1483 1485 -1,
			1486 1487 1488 -1,
			1488 1487 1489 -1,
			1488 1489 1490 -1,
			1490 1489 1491 -1,
			1490 1491 1483 -1,
			1483 1491 1492 -1,
			1483 1492 1493 -1,
			1494 1495 1490 -1,
			1490 1495 1496 -1,
			1490 1496 1497 -1,
			1494 1498 1495 -1,
			1495 1498 1499 -1,
			1495 1499 1500 -1,
			1500 1501 1495 -1,
			1497 1502 1490 -1,
			1490 1502 1503 -1,
			1490 1503 1504 -1,
			1504 1503 1505 -1,
			1503 1506 1505 -1,
			1504 1507 1490 -1,
			1490 1507 1508 -1,
			1490 1508 1509 -1,
			1510 1511 1507 -1,
			1507 1511 1508 -1,
			1512 1513 1509 -1,
			1509 1513 1514 -1,
			1509 1514 1490 -1,
			1490 1514 1515 -1,
			1490 1515 1516 -1,
			1516 1515 1517 -1,
			1515 1518 1517 -1,
			1516 1488 1490 -1,
			1519 1520 1491 -1,
			1491 1520 1492 -1,
			1521 1522 1493 -1,
			1493 1522 1523 -1,
			1493 1523 1483 -1,
			1483 1523 1524 -1,
			1483 1524 1525 -1,
			1525 1524 1526 -1,
			1524 1527 1526 -1,
			1525 1528 1483 -1,
			1483 1528 1529 -1,
			1483 1529 1530 -1,
			1531 1532 1528 -1,
			1528 1532 1529 -1,
			1533 1534 1530 -1,
			1530 1534 1535 -1,
			1530 1535 1483 -1,
			1483 1535 1536 -1,
			1483 1536 1537 -1,
			1537 1536 1538 -1,
			1536 1539 1538 -1,
			1537 1540 1483 -1,
			1483 1540 1485 -1,
			1412 1541 1414 -1,
			1414 1541 1473 -1,
			1473 1541 1474 -1,
			1474 1541 1542 -1,
			1474 1542 1543 -1,
			1474 1543 1475 -1,
			1475 1543 1544 -1,
			1475 1544 1476 -1,
			1476 1544 1545 -1,
			1476 1545 1415 -1,
			1415 1545 1416 -1,
			1545 1546 1416 -1,
			1416 1546 1417 -1,
			1417 1546 1484 -1,
			1546 1547 1484 -1,
			1484 1547 1479 -1,
			1548 1549 1484 -1,
			1484 1549 1417 -1,
			1550 1466 1551 -1,
			1551 1466 1465 -1,
			1551 1465 1552 -1,
			1552 1465 1553 -1,
			1554 1555 1556 -1,
			1556 1555 1557 -1,
			1556 1557 1465 -1,
			1465 1557 1558 -1,
			1465 1558 1559 -1,
			1461 1560 1561 -1,
			1561 1560 1562 -1,
			1561 1562 1556 -1,
			1556 1562 1563 -1,
			1556 1563 1564 -1,
			1561 1462 1461 -1,
			1560 1565 1562 -1,
			1562 1565 1566 -1,
			1562 1566 1567 -1,
			1460 1459 1565 -1,
			1565 1459 1566 -1,
			1454 1455 1567 -1,
			1567 1455 1568 -1,
			1567 1568 1562 -1,
			1562 1568 1569 -1,
			1562 1569 1570 -1,
			1570 1569 1449 -1,
			1569 1450 1449 -1,
			1570 1571 1562 -1,
			1562 1571 1572 -1,
			1562 1572 1573 -1,
			1448 1447 1571 -1,
			1571 1447 1572 -1,
			1442 1441 1573 -1,
			1573 1441 1574 -1,
			1573 1574 1562 -1,
			1562 1574 1575 -1,
			1574 1576 1575 -1,
			1575 1576 1577 -1,
			1575 1577 1578 -1,
			1440 1439 1576 -1,
			1576 1439 1577 -1,
			1434 1435 1578 -1,
			1578 1435 1579 -1,
			1578 1579 1575 -1,
			1575 1579 1580 -1,
			1575 1580 1581 -1,
			1581 1580 1429 -1,
			1580 1430 1429 -1,
			1581 1582 1575 -1,
			1575 1582 1583 -1,
			1575 1583 1584 -1,
			1428 1427 1582 -1,
			1582 1427 1583 -1,
			1422 1423 1584 -1,
			1584 1423 1585 -1,
			1584 1585 1575 -1,
			1575 1585 1586 -1,
			1575 1586 1587 -1,
			1587 1586 1588 -1,
			1589 1590 1418 -1,
			1418 1590 1591 -1,
			1418 1591 1586 -1,
			1586 1591 1592 -1,
			1586 1592 1593 -1,
			1417 1594 1418 -1,
			1418 1594 1595 -1,
			1418 1595 1596 -1,
			1417 1549 1594 -1,
			1596 1589 1418 -1,
			1593 1597 1586 -1,
			1586 1597 1598 -1,
			1586 1598 1599 -1,
			1599 1598 1600 -1,
			1599 1600 1601 -1,
			1597 1602 1598 -1,
			1598 1602 1603 -1,
			1599 1588 1586 -1,
			1564 1604 1556 -1,
			1556 1604 1605 -1,
			1556 1605 1606 -1,
			1606 1605 1607 -1,
			1608 1609 1604 -1,
			1604 1609 1605 -1,
			1605 1610 1607 -1,
			1606 1554 1556 -1,
			1559 1553 1465 -1,
			1466 1550 1496 -1,
			1496 1550 1611 -1,
			1495 1612 1496 -1,
			1496 1612 1613 -1,
			1496 1613 1466 -1,
			1466 1613 1467 -1,
			1467 1613 1468 -1,
			1468 1613 1614 -1,
			1468 1614 1615 -1,
			1468 1615 1469 -1,
			1469 1615 1616 -1,
			1469 1616 1470 -1,
			1470 1616 1617 -1,
			1470 1617 1471 -1,
			1471 1617 1472 -1,
			1617 1618 1472 -1,
			1472 1618 1411 -1,
			1472 1411 1413 -1,
			1613 1375 1614 -1,
			1614 1375 1377 -1,
			1614 1377 1379 -1,
			1614 1379 1615 -1,
			1615 1379 1381 -1,
			1615 1381 1616 -1,
			1616 1381 1383 -1,
			1616 1383 1617 -1,
			1617 1383 1618 -1,
			1383 1385 1618 -1,
			1618 1385 1386 -1,
			1618 1386 1411 -1,
			1612 1366 1613 -1,
			1613 1366 1375 -1,
			1619 1372 1620 -1,
			1620 1372 1371 -1,
			1620 1371 1370 -1,
			1620 1370 1621 -1,
			1621 1370 1369 -1,
			1621 1369 1622 -1,
			1622 1369 1368 -1,
			1622 1368 1623 -1,
			1623 1368 1624 -1,
			1368 1367 1624 -1,
			1624 1367 1366 -1,
			1624 1366 1612 -1,
			1490 1619 1494 -1,
			1494 1619 1620 -1,
			1494 1620 1621 -1,
			1494 1621 1498 -1,
			1498 1621 1622 -1,
			1498 1622 1499 -1,
			1499 1622 1500 -1,
			1622 1623 1500 -1,
			1500 1623 1624 -1,
			1500 1624 1501 -1,
			1501 1624 1612 -1,
			1501 1612 1495 -1,
			1625 1619 1483 -1,
			1483 1619 1490 -1,
			1373 1372 1625 -1,
			1625 1372 1619 -1,
			1547 1394 1626 -1,
			1626 1394 1395 -1,
			1626 1395 1396 -1,
			1626 1396 1627 -1,
			1627 1396 1397 -1,
			1627 1397 1628 -1,
			1628 1397 1398 -1,
			1628 1398 1629 -1,
			1629 1398 1630 -1,
			1398 1374 1630 -1,
			1630 1374 1373 -1,
			1630 1373 1625 -1,
			1547 1626 1479 -1,
			1479 1626 1477 -1,
			1626 1627 1477 -1,
			1477 1627 1478 -1,
			1478 1627 1480 -1,
			1480 1627 1628 -1,
			1480 1628 1629 -1,
			1480 1629 1481 -1,
			1481 1629 1630 -1,
			1481 1630 1482 -1,
			1482 1630 1483 -1,
			1630 1625 1483 -1,
			1393 1394 1546 -1,
			1546 1394 1547 -1,
			1412 1387 1541 -1,
			1541 1387 1388 -1,
			1541 1388 1389 -1,
			1541 1389 1542 -1,
			1542 1389 1390 -1,
			1542 1390 1543 -1,
			1543 1390 1391 -1,
			1543 1391 1544 -1,
			1544 1391 1545 -1,
			1391 1392 1545 -1,
			1545 1392 1393 -1,
			1545 1393 1546 -1,
			1611 1631 1496 -1,
			1496 1631 1497 -1,
			1631 1632 1497 -1,
			1497 1632 1633 -1,
			1497 1633 1634 -1,
			1634 1635 1497 -1,
			1497 1635 1636 -1,
			1497 1636 1637 -1,
			1637 1636 1638 -1,
			1637 1638 1639 -1,
			1639 1640 1637 -1,
			1637 1640 1641 -1,
			1637 1641 1642 -1,
			1642 1641 1643 -1,
			1642 1643 1644 -1,
			1640 1645 1641 -1,
			1641 1645 1646 -1,
			1642 1647 1637 -1,
			1637 1647 1648 -1,
			1637 1648 1649 -1,
			1650 1651 1652 -1,
			1652 1651 1653 -1,
			1652 1653 1649 -1,
			1649 1653 1654 -1,
			1649 1654 1655 -1,
			1655 1654 1486 -1,
			1656 1657 1652 -1,
			1652 1657 1658 -1,
			1652 1658 1659 -1,
			1659 1658 1539 -1,
			1656 1660 1657 -1,
			1657 1660 1661 -1,
			1657 1661 1662 -1,
			1662 1661 1663 -1,
			1661 1664 1663 -1,
			1665 1666 1662 -1,
			1662 1666 1667 -1,
			1662 1667 1657 -1,
			1657 1667 1668 -1,
			1657 1668 1669 -1,
			1669 1670 1657 -1,
			1657 1670 1485 -1,
			1670 1671 1485 -1,
			1485 1671 1672 -1,
			1485 1672 1673 -1,
			1673 1674 1485 -1,
			1485 1674 1675 -1,
			1485 1675 1484 -1,
			1484 1675 1548 -1,
			1658 1538 1539 -1,
			1659 1676 1652 -1,
			1652 1676 1677 -1,
			1652 1677 1678 -1,
			1534 1533 1676 -1,
			1676 1533 1677 -1,
			1532 1531 1678 -1,
			1678 1531 1679 -1,
			1678 1679 1652 -1,
			1652 1679 1680 -1,
			1652 1680 1681 -1,
			1681 1680 1527 -1,
			1680 1526 1527 -1,
			1681 1682 1652 -1,
			1652 1682 1650 -1,
			1522 1521 1682 -1,
			1682 1521 1650 -1,
			1520 1519 1651 -1,
			1651 1519 1653 -1,
			1654 1487 1486 -1,
			1655 1683 1649 -1,
			1649 1683 1684 -1,
			1649 1684 1685 -1,
			1517 1518 1683 -1,
			1683 1518 1684 -1,
			1513 1512 1685 -1,
			1685 1512 1686 -1,
			1685 1686 1649 -1,
			1649 1686 1687 -1,
			1649 1687 1688 -1,
			1688 1687 1510 -1,
			1687 1511 1510 -1,
			1688 1689 1649 -1,
			1649 1689 1690 -1,
			1649 1690 1637 -1,
			1505 1506 1689 -1,
			1689 1506 1690 -1,
			1497 1637 1502 -1,
			1502 1637 1691 -1,
			1464 1692 1465 -1,
			1465 1692 1556 -1,
			1502 1691 1503 -1,
			1503 1691 1693 -1,
			1693 1690 1503 -1,
			1503 1690 1506 -1,
			1561 1694 1462 -1,
			1462 1694 1463 -1,
			1692 1694 1556 -1,
			1556 1694 1561 -1,
			1693 1691 1690 -1,
			1690 1691 1637 -1,
			1463 1694 1464 -1,
			1464 1694 1692 -1,
			1505 1689 1504 -1,
			1504 1689 1695 -1,
			1458 1696 1461 -1,
			1461 1696 1560 -1,
			1504 1695 1507 -1,
			1507 1695 1697 -1,
			1697 1688 1507 -1,
			1507 1688 1510 -1,
			1565 1698 1460 -1,
			1460 1698 1457 -1,
			1696 1698 1560 -1,
			1560 1698 1565 -1,
			1697 1695 1688 -1,
			1688 1695 1689 -1,
			1457 1698 1458 -1,
			1458 1698 1696 -1,
			1511 1687 1508 -1,
			1508 1687 1699 -1,
			1456 1700 1459 -1,
			1459 1700 1566 -1,
			1508 1699 1509 -1,
			1509 1699 1701 -1,
			1701 1686 1509 -1,
			1509 1686 1512 -1,
			1567 1702 1454 -1,
			1454 1702 1453 -1,
			1700 1702 1566 -1,
			1566 1702 1567 -1,
			1701 1699 1686 -1,
			1686 1699 1687 -1,
			1453 1702 1456 -1,
			1456 1702 1700 -1,
			1513 1685 1514 -1,
			1514 1685 1703 -1,
			1452 1704 1455 -1,
			1455 1704 1568 -1,
			1514 1703 1515 -1,
			1515 1703 1705 -1,
			1705 1684 1515 -1,
			1515 1684 1518 -1,
			1569 1706 1450 -1,
			1450 1706 1451 -1,
			1704 1706 1568 -1,
			1568 1706 1569 -1,
			1705 1703 1684 -1,
			1684 1703 1685 -1,
			1451 1706 1452 -1,
			1452 1706 1704 -1,
			1517 1683 1516 -1,
			1516 1683 1707 -1,
			1446 1708 1449 -1,
			1449 1708 1570 -1,
			1516 1707 1488 -1,
			1488 1707 1709 -1,
			1709 1655 1488 -1,
			1488 1655 1486 -1,
			1571 1710 1448 -1,
			1448 1710 1445 -1,
			1708 1710 1570 -1,
			1570 1710 1571 -1,
			1709 1707 1655 -1,
			1655 1707 1683 -1,
			1445 1710 1446 -1,
			1446 1710 1708 -1,
			1487 1654 1489 -1,
			1489 1654 1711 -1,
			1444 1712 1447 -1,
			1447 1712 1572 -1,
			1489 1711 1491 -1,
			1491 1711 1713 -1,
			1713 1653 1491 -1,
			1491 1653 1519 -1,
			1573 1714 1442 -1,
			1442 1714 1443 -1,
			1712 1714 1572 -1,
			1572 1714 1573 -1,
			1713 1711 1653 -1,
			1653 1711 1654 -1,
			1443 1714 1444 -1,
			1444 1714 1712 -1,
			1520 1651 1492 -1,
			1492 1651 1715 -1,
			1438 1716 1441 -1,
			1441 1716 1574 -1,
			1492 1715 1493 -1,
			1493 1715 1717 -1,
			1717 1650 1493 -1,
			1493 1650 1521 -1,
			1576 1718 1440 -1,
			1440 1718 1437 -1,
			1716 1718 1574 -1,
			1574 1718 1576 -1,
			1717 1715 1650 -1,
			1650 1715 1651 -1,
			1437 1718 1438 -1,
			1438 1718 1716 -1,
			1522 1682 1523 -1,
			1523 1682 1719 -1,
			1436 1720 1439 -1,
			1439 1720 1577 -1,
			1523 1719 1524 -1,
			1524 1719 1721 -1,
			1721 1681 1524 -1,
			1524 1681 1527 -1,
			1578 1722 1434 -1,
			1434 1722 1433 -1,
			1720 1722 1577 -1,
			1577 1722 1578 -1,
			1721 1719 1681 -1,
			1681 1719 1682 -1,
			1433 1722 1436 -1,
			1436 1722 1720 -1,
			1526 1680 1525 -1,
			1525 1680 1723 -1,
			1432 1724 1435 -1,
			1435 1724 1579 -1,
			1525 1723 1528 -1,
			1528 1723 1725 -1,
			1725 1679 1528 -1,
			1528 1679 1531 -1,
			1580 1726 1430 -1,
			1430 1726 1431 -1,
			1724 1726 1579 -1,
			1579 1726 1580 -1,
			1725 1723 1679 -1,
			1679 1723 1680 -1,
			1431 1726 1432 -1,
			1432 1726 1724 -1,
			1532 1678 1529 -1,
			1529 1678 1727 -1,
			1426 1728 1429 -1,
			1429 1728 1581 -1,
			1529 1727 1530 -1,
			1530 1727 1729 -1,
			1729 1677 1530 -1,
			1530 1677 1533 -1,
			1582 1730 1428 -1,
			1428 1730 1425 -1,
			1728 1730 1581 -1,
			1581 1730 1582 -1,
			1729 1727 1677 -1,
			1677 1727 1678 -1,
			1425 1730 1426 -1,
			1426 1730 1728 -1,
			1534 1676 1535 -1,
			1535 1676 1731 -1,
			1424 1732 1427 -1,
			1427 1732 1583 -1,
			1535 1731 1536 -1,
			1536 1731 1733 -1,
			1733 1659 1536 -1,
			1536 1659 1539 -1,
			1584 1734 1422 -1,
			1422 1734 1421 -1,
			1732 1734 1583 -1,
			1583 1734 1584 -1,
			1733 1731 1659 -1,
			1659 1731 1676 -1,
			1421 1734 1424 -1,
			1424 1734 1732 -1,
			1538 1658 1537 -1,
			1537 1658 1735 -1,
			1420 1736 1423 -1,
			1423 1736 1585 -1,
			1537 1735 1540 -1,
			1540 1735 1737 -1,
			1737 1657 1540 -1,
			1540 1657 1485 -1,
			1586 1738 1418 -1,
			1418 1738 1419 -1,
			1736 1738 1585 -1,
			1585 1738 1586 -1,
			1737 1735 1657 -1,
			1657 1735 1658 -1,
			1419 1738 1420 -1,
			1420 1738 1736 -1,
			1549 1548 1594 -1,
			1594 1548 1675 -1,
			1594 1675 1674 -1,
			1594 1674 1595 -1,
			1595 1674 1673 -1,
			1595 1673 1596 -1,
			1596 1673 1672 -1,
			1596 1672 1589 -1,
			1589 1672 1590 -1,
			1672 1671 1590 -1,
			1590 1671 1591 -1,
			1591 1671 1670 -1,
			1591 1670 1592 -1,
			1592 1670 1669 -1,
			1592 1669 1668 -1,
			1592 1668 1593 -1,
			1593 1668 1667 -1,
			1593 1667 1597 -1,
			1597 1667 1666 -1,
			1597 1666 1602 -1,
			1602 1666 1603 -1,
			1666 1665 1603 -1,
			1603 1665 1598 -1,
			1598 1665 1662 -1,
			1598 1662 1600 -1,
			1600 1662 1663 -1,
			1600 1663 1601 -1,
			1601 1663 1664 -1,
			1601 1664 1599 -1,
			1599 1664 1661 -1,
			1660 1739 1661 -1,
			1661 1739 1740 -1,
			1661 1740 1599 -1,
			1599 1740 1588 -1,
			1660 1741 1739 -1,
			1740 1742 1588 -1,
			1743 1744 1745 -1,
			1745 1744 1575 -1,
			1745 1575 1742 -1,
			1742 1575 1587 -1,
			1742 1587 1588 -1,
			1745 1746 1743 -1,
			1743 1746 1747 -1,
			1746 1748 1747 -1,
			1747 1748 1749 -1,
			1749 1748 1750 -1,
			1750 1748 1751 -1,
			1750 1751 1752 -1,
			1752 1751 1753 -1,
			1752 1753 1754 -1,
			1755 1562 1756 -1,
			1756 1562 1575 -1,
			1756 1575 1754 -1,
			1754 1575 1744 -1,
			1754 1744 1743 -1,
			1757 1758 1756 -1,
			1756 1758 1759 -1,
			1756 1759 1760 -1,
			1760 1761 1756 -1,
			1756 1761 1755 -1,
			1743 1747 1754 -1,
			1754 1747 1749 -1,
			1754 1749 1750 -1,
			1750 1752 1754 -1,
			1756 1762 1757 -1,
			1757 1762 1763 -1,
			1757 1763 1758 -1,
			1758 1763 1764 -1,
			1758 1764 1759 -1,
			1759 1764 1760 -1,
			1764 1765 1760 -1,
			1760 1765 1761 -1,
			1765 1766 1761 -1,
			1761 1766 1755 -1,
			1755 1766 1562 -1,
			1562 1766 1767 -1,
			1562 1767 1563 -1,
			1563 1767 1564 -1,
			1564 1768 1604 -1,
			1604 1768 1769 -1,
			1604 1769 1642 -1,
			1642 1769 1647 -1,
			1564 1767 1768 -1,
			1769 1770 1647 -1,
			1604 1642 1608 -1,
			1608 1642 1644 -1,
			1608 1644 1609 -1,
			1609 1644 1643 -1,
			1609 1643 1605 -1,
			1605 1643 1641 -1,
			1641 1646 1605 -1,
			1605 1646 1610 -1,
			1610 1646 1607 -1,
			1607 1646 1645 -1,
			1607 1645 1640 -1,
			1607 1640 1606 -1,
			1606 1640 1639 -1,
			1606 1639 1554 -1,
			1554 1639 1638 -1,
			1554 1638 1555 -1,
			1555 1638 1557 -1,
			1638 1636 1557 -1,
			1636 1635 1557 -1,
			1557 1635 1558 -1,
			1558 1635 1559 -1,
			1559 1635 1634 -1,
			1559 1634 1633 -1,
			1632 1552 1633 -1,
			1633 1552 1553 -1,
			1633 1553 1559 -1,
			1632 1631 1552 -1,
			1552 1631 1551 -1,
			1631 1611 1551 -1,
			1551 1611 1550 -1,
			1771 1772 1773 -1,
			1773 1772 1649 -1,
			1773 1649 1770 -1,
			1770 1649 1648 -1,
			1770 1648 1647 -1,
			1773 1774 1771 -1,
			1771 1774 1775 -1,
			1774 1776 1775 -1,
			1775 1776 1777 -1,
			1777 1776 1778 -1,
			1778 1776 1779 -1,
			1778 1779 1780 -1,
			1780 1779 1781 -1,
			1780 1781 1782 -1,
			1783 1652 1784 -1,
			1784 1652 1649 -1,
			1784 1649 1782 -1,
			1782 1649 1772 -1,
			1782 1772 1771 -1,
			1771 1775 1782 -1,
			1782 1775 1777 -1,
			1782 1777 1778 -1,
			1778 1780 1782 -1,
			1785 1786 1784 -1,
			1784 1786 1787 -1,
			1784 1787 1788 -1,
			1788 1789 1784 -1,
			1784 1789 1783 -1,
			1784 1790 1785 -1,
			1785 1790 1791 -1,
			1785 1791 1786 -1,
			1786 1791 1792 -1,
			1786 1792 1787 -1,
			1787 1792 1788 -1,
			1792 1793 1788 -1,
			1788 1793 1789 -1,
			1793 1794 1789 -1,
			1789 1794 1783 -1,
			1783 1794 1652 -1,
			1652 1794 1741 -1,
			1652 1741 1656 -1,
			1656 1741 1660 -1,
			1753 1795 1754 -1,
			1754 1795 1796 -1,
			1754 1796 1756 -1,
			1756 1796 1762 -1,
			1796 1795 1797 -1,
			1797 1795 1798 -1,
			1797 1798 1782 -1,
			1782 1798 1784 -1,
			1798 1790 1784 -1,
			1782 1781 1797 -1,
			1740 1799 1742 -1,
			1742 1799 1800 -1,
			1742 1800 1745 -1,
			1745 1800 1746 -1,
			1800 1801 1746 -1,
			1746 1801 1802 -1,
			1746 1802 1803 -1,
			1746 1803 1748 -1,
			1748 1803 1804 -1,
			1748 1804 1805 -1,
			1806 1753 1805 -1,
			1805 1753 1751 -1,
			1805 1751 1748 -1,
			1806 1795 1753 -1,
			1796 1807 1762 -1,
			1762 1807 1808 -1,
			1762 1808 1763 -1,
			1763 1808 1764 -1,
			1808 1809 1764 -1,
			1764 1809 1810 -1,
			1764 1810 1765 -1,
			1765 1810 1811 -1,
			1765 1811 1812 -1,
			1812 1813 1765 -1,
			1765 1813 1766 -1,
			1766 1813 1767 -1,
			1767 1813 1814 -1,
			1767 1814 1768 -1,
			1795 1806 1798 -1,
			1798 1806 1815 -1,
			1798 1815 1790 -1,
			1790 1815 1816 -1,
			1790 1816 1791 -1,
			1791 1816 1792 -1,
			1816 1817 1792 -1,
			1792 1817 1818 -1,
			1792 1818 1793 -1,
			1793 1818 1819 -1,
			1793 1819 1820 -1,
			1820 1821 1793 -1,
			1793 1821 1794 -1,
			1794 1821 1741 -1,
			1741 1821 1822 -1,
			1741 1822 1739 -1,
			1769 1823 1770 -1,
			1770 1823 1824 -1,
			1770 1824 1773 -1,
			1773 1824 1774 -1,
			1824 1825 1774 -1,
			1774 1825 1826 -1,
			1774 1826 1827 -1,
			1774 1827 1776 -1,
			1776 1827 1828 -1,
			1776 1828 1829 -1,
			1830 1781 1829 -1,
			1829 1781 1779 -1,
			1829 1779 1776 -1,
			1830 1797 1781 -1,
			1822 1799 1739 -1,
			1739 1799 1740 -1,
			1799 1822 1800 -1,
			1800 1822 1821 -1,
			1800 1821 1801 -1,
			1801 1821 1820 -1,
			1801 1820 1819 -1,
			1801 1819 1802 -1,
			1802 1819 1818 -1,
			1802 1818 1803 -1,
			1803 1818 1817 -1,
			1803 1817 1804 -1,
			1804 1817 1805 -1,
			1817 1816 1805 -1,
			1816 1815 1805 -1,
			1805 1815 1806 -1,
			1830 1807 1797 -1,
			1797 1807 1796 -1,
			1808 1807 1829 -1,
			1829 1807 1830 -1,
			1808 1829 1809 -1,
			1809 1829 1828 -1,
			1809 1828 1827 -1,
			1809 1827 1810 -1,
			1810 1827 1826 -1,
			1810 1826 1811 -1,
			1811 1826 1825 -1,
			1811 1825 1812 -1,
			1812 1825 1813 -1,
			1825 1824 1813 -1,
			1823 1814 1824 -1,
			1824 1814 1813 -1,
			1814 1823 1768 -1,
			1768 1823 1769 -1,
			965 964 356 -1,
			356 964 357 -1,
			964 1012 357 -1,
			357 1012 1051 -1,
			1051 1012 1050 -1,
			1050 1012 1010 -1,
			1050 1010 1049 -1,
			1049 1010 1008 -1,
			1049 1008 1047 -1,
			1047 1008 1006 -1,
			1047 1006 1045 -1,
			1045 1006 1005 -1,
			1045 1005 1052 -1,
			1052 1005 1003 -1,
			1052 1003 1106 -1,
			1106 1003 1132 -1,
			972 971 318 -1,
			318 971 319 -1,
			319 971 350 -1,
			350 971 970 -1,
			350 970 969 -1,
			350 969 353 -1,
			353 969 968 -1,
			353 968 354 -1,
			354 968 967 -1,
			354 967 355 -1,
			355 967 356 -1,
			967 965 356 -1,
			1132 1131 1106 -1,
			1106 1131 1107 -1,
			1107 1131 1108 -1,
			1108 1131 1130 -1,
			1108 1130 1126 -1,
			1108 1126 1109 -1,
			1109 1126 1124 -1,
			1109 1124 1101 -1,
			1101 1124 1122 -1,
			1101 1122 1099 -1,
			1099 1122 1097 -1,
			1122 1116 1097 -1,
			750 452 1072 -1,
			1072 452 1070 -1,
			452 440 1070 -1,
			434 419 1046 -1,
			1046 419 1048 -1,
			419 413 1048 -1,
			912 936 374 -1,
			374 936 386 -1,
			386 936 387 -1,
			387 936 935 -1,
			387 935 934 -1,
			387 934 388 -1,
			388 934 933 -1,
			388 933 389 -1,
			389 933 932 -1,
			389 932 390 -1,
			390 932 375 -1,
			932 911 375 -1,
			910 930 369 -1,
			369 930 367 -1,
			367 930 365 -1,
			365 930 928 -1,
			365 928 926 -1,
			365 926 363 -1,
			363 926 924 -1,
			363 924 361 -1,
			361 924 922 -1,
			361 922 359 -1,
			359 922 213 -1,
			922 214 213 -1,
			406 731 404 -1,
			404 731 460 -1,
			742 1831 461 -1,
			461 1831 1832 -1,
			461 1832 1833 -1,
			742 1834 1831 -1,
			1831 1834 1835 -1,
			1833 1836 461 -1,
			461 1836 462 -1,
			466 462 1837 -1,
			1837 462 1836 -1,
			1837 1836 1833 -1,
			1837 1833 1838 -1,
			1838 1833 1832 -1,
			1838 1832 1839 -1,
			1839 1832 1840 -1,
			1832 1831 1840 -1,
			466 1837 470 -1,
			470 1837 1838 -1,
			470 1838 1839 -1,
			1839 1840 470 -1,
			470 1840 741 -1,
			1841 1842 1840 -1,
			1840 1842 741 -1,
			1842 1834 741 -1,
			741 1834 742 -1,
			1842 1841 1834 -1,
			1834 1841 1835 -1,
			1841 1840 1835 -1,
			1835 1840 1831 -1,
			1843 1844 1845 -1,
			1845 1844 740 -1,
			740 1844 471 -1,
			471 1844 1846 -1,
			471 1846 1847 -1,
			1847 1848 471 -1,
			471 1848 469 -1,
			740 739 1845 -1,
			1845 739 1849 -1,
			1849 1850 1845 -1,
			1845 1850 1843 -1,
			1850 1851 1843 -1,
			1843 1851 1844 -1,
			1844 1851 1846 -1,
			1846 1851 1852 -1,
			1846 1852 1853 -1,
			1846 1853 1847 -1,
			1847 1853 1854 -1,
			1847 1854 1848 -1,
			1848 1854 469 -1,
			1854 472 469 -1,
			1849 739 1851 -1,
			1851 739 475 -1,
			1851 475 1852 -1,
			1852 475 1853 -1,
			472 1854 475 -1,
			475 1854 1853 -1,
			1851 1850 1849 -1,
			1855 1856 1857 -1,
			1857 1856 738 -1,
			738 1856 478 -1,
			478 1856 1858 -1,
			478 1858 1859 -1,
			1859 1860 478 -1,
			478 1860 476 -1,
			738 737 1857 -1,
			1857 737 1861 -1,
			1861 1862 1857 -1,
			1857 1862 1855 -1,
			1862 1863 1855 -1,
			1855 1863 1856 -1,
			1856 1863 1858 -1,
			1858 1863 1864 -1,
			1858 1864 1865 -1,
			1858 1865 1859 -1,
			1859 1865 1866 -1,
			1859 1866 1860 -1,
			1860 1866 476 -1,
			1866 479 476 -1,
			1861 737 1863 -1,
			1863 737 482 -1,
			1863 482 1864 -1,
			1864 482 1865 -1,
			479 1866 482 -1,
			482 1866 1865 -1,
			1863 1862 1861 -1,
			1867 1868 1869 -1,
			1869 1868 736 -1,
			736 1868 485 -1,
			485 1868 1870 -1,
			485 1870 1871 -1,
			1871 1872 485 -1,
			485 1872 483 -1,
			736 735 1869 -1,
			1869 735 1873 -1,
			1873 1874 1869 -1,
			1869 1874 1867 -1,
			1874 1875 1867 -1,
			1867 1875 1868 -1,
			1868 1875 1870 -1,
			1870 1875 1876 -1,
			1870 1876 1877 -1,
			1870 1877 1871 -1,
			1871 1877 1878 -1,
			1871 1878 1872 -1,
			1872 1878 483 -1,
			1878 486 483 -1,
			1873 735 1875 -1,
			1875 735 489 -1,
			1875 489 1876 -1,
			1876 489 1877 -1,
			486 1878 489 -1,
			489 1878 1877 -1,
			1875 1874 1873 -1,
			1879 1880 1881 -1,
			1881 1880 734 -1,
			734 1880 492 -1,
			492 1880 1882 -1,
			492 1882 1883 -1,
			1883 1884 492 -1,
			492 1884 490 -1,
			734 733 1881 -1,
			1881 733 1885 -1,
			1885 1886 1881 -1,
			1881 1886 1879 -1,
			1886 1887 1879 -1,
			1879 1887 1880 -1,
			1880 1887 1882 -1,
			1882 1887 1888 -1,
			1882 1888 1889 -1,
			1882 1889 1883 -1,
			1883 1889 1890 -1,
			1883 1890 1884 -1,
			1884 1890 490 -1,
			1890 493 490 -1,
			1885 733 1887 -1,
			1887 733 495 -1,
			1887 495 1888 -1,
			1888 495 1889 -1,
			493 1890 495 -1,
			495 1890 1889 -1,
			1887 1886 1885 -1,
			1891 1892 1893 -1,
			1893 1892 732 -1,
			732 1892 498 -1,
			498 1892 1894 -1,
			498 1894 1895 -1,
			1895 1896 498 -1,
			498 1896 496 -1,
			732 730 1893 -1,
			1893 730 1897 -1,
			1897 1898 1893 -1,
			1893 1898 1891 -1,
			1898 1899 1891 -1,
			1891 1899 1892 -1,
			1892 1899 1894 -1,
			1894 1899 1900 -1,
			1894 1900 1901 -1,
			1894 1901 1895 -1,
			1895 1901 1902 -1,
			1895 1902 1896 -1,
			1896 1902 496 -1,
			1902 499 496 -1,
			1897 730 1899 -1,
			1899 730 501 -1,
			1899 501 1900 -1,
			1900 501 1901 -1,
			499 1902 501 -1,
			501 1902 1901 -1,
			1899 1898 1897 -1,
			1903 1904 1905 -1,
			1905 1904 729 -1,
			729 1904 503 -1,
			503 1904 1906 -1,
			503 1906 1907 -1,
			1907 1908 503 -1,
			503 1908 502 -1,
			729 728 1905 -1,
			1905 728 1909 -1,
			1909 1910 1905 -1,
			1905 1910 1903 -1,
			1910 1911 1903 -1,
			1903 1911 1904 -1,
			1904 1911 1906 -1,
			1906 1911 1912 -1,
			1906 1912 1913 -1,
			1906 1913 1907 -1,
			1907 1913 1914 -1,
			1907 1914 1908 -1,
			1908 1914 502 -1,
			1914 446 502 -1,
			1909 728 1911 -1,
			1911 728 504 -1,
			1911 504 1912 -1,
			1912 504 1913 -1,
			446 1914 504 -1,
			504 1914 1913 -1,
			1911 1910 1909 -1,
			1915 1916 1917 -1,
			1917 1916 727 -1,
			727 1916 505 -1,
			505 1916 1918 -1,
			505 1918 1919 -1,
			1919 1920 505 -1,
			505 1920 448 -1,
			727 726 1917 -1,
			1917 726 1921 -1,
			1921 1922 1917 -1,
			1917 1922 1915 -1,
			1922 1923 1915 -1,
			1915 1923 1916 -1,
			1916 1923 1918 -1,
			1918 1923 1924 -1,
			1918 1924 1925 -1,
			1918 1925 1919 -1,
			1919 1925 1926 -1,
			1919 1926 1920 -1,
			1920 1926 448 -1,
			1926 449 448 -1,
			1921 726 1923 -1,
			1923 726 506 -1,
			1923 506 1924 -1,
			1924 506 1925 -1,
			449 1926 506 -1,
			506 1926 1925 -1,
			1923 1922 1921 -1,
			1927 1928 1929 -1,
			1929 1928 725 -1,
			725 1928 510 -1,
			510 1928 1930 -1,
			510 1930 1931 -1,
			1931 1932 510 -1,
			510 1932 507 -1,
			725 724 1929 -1,
			1929 724 1933 -1,
			1933 1934 1929 -1,
			1929 1934 1927 -1,
			1934 1935 1927 -1,
			1927 1935 1928 -1,
			1928 1935 1930 -1,
			1930 1935 1936 -1,
			1930 1936 1937 -1,
			1930 1937 1931 -1,
			1931 1937 1938 -1,
			1931 1938 1932 -1,
			1932 1938 507 -1,
			1938 511 507 -1,
			1933 724 1935 -1,
			1935 724 514 -1,
			1935 514 1936 -1,
			1936 514 1937 -1,
			511 1938 514 -1,
			514 1938 1937 -1,
			1935 1934 1933 -1,
			1939 1940 1941 -1,
			1941 1940 723 -1,
			723 1940 517 -1,
			517 1940 1942 -1,
			517 1942 1943 -1,
			1943 1944 517 -1,
			517 1944 515 -1,
			723 722 1941 -1,
			1941 722 1945 -1,
			1945 1946 1941 -1,
			1941 1946 1939 -1,
			1946 1947 1939 -1,
			1939 1947 1940 -1,
			1940 1947 1942 -1,
			1942 1947 1948 -1,
			1942 1948 1949 -1,
			1942 1949 1943 -1,
			1943 1949 1950 -1,
			1943 1950 1944 -1,
			1944 1950 515 -1,
			1950 518 515 -1,
			1945 722 1947 -1,
			1947 722 521 -1,
			1947 521 1948 -1,
			1948 521 1949 -1,
			518 1950 521 -1,
			521 1950 1949 -1,
			1947 1946 1945 -1,
			1951 1952 1953 -1,
			1953 1952 721 -1,
			721 1952 524 -1,
			524 1952 1954 -1,
			524 1954 1955 -1,
			1955 1956 524 -1,
			524 1956 522 -1,
			721 719 1953 -1,
			1953 719 1957 -1,
			1957 1958 1953 -1,
			1953 1958 1951 -1,
			1958 1959 1951 -1,
			1951 1959 1952 -1,
			1952 1959 1954 -1,
			1954 1959 1960 -1,
			1954 1960 1961 -1,
			1954 1961 1955 -1,
			1955 1961 1962 -1,
			1955 1962 1956 -1,
			1956 1962 522 -1,
			1962 425 522 -1,
			1957 719 1959 -1,
			1959 719 426 -1,
			1959 426 1960 -1,
			1960 426 1961 -1,
			425 1962 426 -1,
			426 1962 1961 -1,
			1959 1958 1957 -1,
			537 536 1963 -1,
			1963 536 1964 -1,
			1964 536 1965 -1,
			1965 536 546 -1,
			1965 546 548 -1,
			1965 548 1966 -1,
			1966 548 550 -1,
			1966 550 1967 -1,
			1967 550 553 -1,
			1967 553 1968 -1,
			1968 553 1969 -1,
			553 572 1969 -1,
			1969 572 571 -1,
			1969 571 1970 -1,
			1970 571 455 -1,
			1970 455 1971 -1,
			1971 455 1972 -1,
			455 454 1972 -1,
			1972 454 453 -1,
			1972 453 1973 -1,
			1973 453 451 -1,
			1973 451 1974 -1,
			1974 451 1975 -1,
			451 450 1975 -1,
			1963 1964 1976 -1,
			1976 1964 1977 -1,
			1964 1965 1977 -1,
			1977 1965 1978 -1,
			1978 1965 1979 -1,
			1979 1965 1966 -1,
			1979 1966 1967 -1,
			1979 1967 1980 -1,
			1980 1967 1968 -1,
			1980 1968 1981 -1,
			1981 1968 1982 -1,
			1968 1969 1982 -1,
			1982 1969 1983 -1,
			1969 1970 1983 -1,
			1983 1970 1971 -1,
			1983 1971 1984 -1,
			1984 1971 1972 -1,
			1984 1972 1985 -1,
			1985 1972 1986 -1,
			1972 1973 1986 -1,
			1986 1973 1974 -1,
			1986 1974 1987 -1,
			1987 1974 1975 -1,
			1987 1975 1988 -1,
			1988 1989 1987 -1,
			1987 1989 1986 -1,
			1989 1990 1986 -1,
			1986 1990 1985 -1,
			1990 1991 1985 -1,
			1985 1991 1984 -1,
			1991 1992 1984 -1,
			1984 1992 1983 -1,
			1992 1993 1983 -1,
			1983 1993 1982 -1,
			1993 1994 1982 -1,
			1982 1994 1981 -1,
			1994 1995 1981 -1,
			1981 1995 1980 -1,
			1995 1996 1980 -1,
			1980 1996 1979 -1,
			1996 1997 1979 -1,
			1979 1997 1978 -1,
			1997 1998 1978 -1,
			1978 1998 1977 -1,
			1998 1999 1977 -1,
			1977 1999 1976 -1,
			2000 2001 2002 -1,
			2002 2001 2003 -1,
			2001 2004 2003 -1,
			2003 2004 2005 -1,
			2004 2006 2005 -1,
			2005 2006 2007 -1,
			2006 2008 2007 -1,
			2007 2008 2009 -1,
			2008 2010 2009 -1,
			2009 2010 2011 -1,
			2010 2012 2011 -1,
			2011 2012 2013 -1,
			2012 2014 2013 -1,
			2013 2014 2015 -1,
			2014 2016 2015 -1,
			2015 2016 2017 -1,
			2016 2018 2017 -1,
			2017 2018 2019 -1,
			2018 2020 2019 -1,
			2019 2020 2021 -1,
			2020 2022 2021 -1,
			2021 2022 2023 -1,
			1988 1975 1989 -1,
			1989 1975 2024 -1,
			1989 2024 2025 -1,
			1989 2025 1990 -1,
			1990 2025 2026 -1,
			1990 2026 1991 -1,
			1991 2026 2027 -1,
			1991 2027 1992 -1,
			1992 2027 1993 -1,
			2027 2028 1993 -1,
			1993 2028 2029 -1,
			1993 2029 1994 -1,
			1994 2029 2030 -1,
			1994 2030 1995 -1,
			1995 2030 1996 -1,
			2030 2031 1996 -1,
			1996 2031 2032 -1,
			1996 2032 1997 -1,
			1997 2032 2033 -1,
			1997 2033 1998 -1,
			1998 2033 2034 -1,
			1998 2034 1999 -1,
			1999 2034 1976 -1,
			2034 1963 1976 -1,
			1975 450 2024 -1,
			2024 450 459 -1,
			2024 459 569 -1,
			2024 569 2025 -1,
			2025 569 568 -1,
			2025 568 2026 -1,
			2026 568 2027 -1,
			568 567 2027 -1,
			2027 567 566 -1,
			2027 566 2028 -1,
			2028 566 545 -1,
			2028 545 2029 -1,
			2029 545 2030 -1,
			545 544 2030 -1,
			2030 544 570 -1,
			2030 570 2031 -1,
			2031 570 542 -1,
			2031 542 2032 -1,
			2032 542 541 -1,
			2032 541 2033 -1,
			2033 541 2034 -1,
			541 539 2034 -1,
			2034 539 537 -1,
			2034 537 1963 -1,
			2035 2036 2023 -1,
			2023 2036 2021 -1,
			2036 2037 2021 -1,
			2021 2037 2019 -1,
			2019 2037 2017 -1,
			2017 2037 2038 -1,
			2017 2038 2039 -1,
			2017 2039 2015 -1,
			2015 2039 2040 -1,
			2015 2040 2013 -1,
			2013 2040 2011 -1,
			2040 2041 2011 -1,
			2011 2041 2009 -1,
			2041 2042 2009 -1,
			2009 2042 2043 -1,
			2009 2043 2007 -1,
			2007 2043 2044 -1,
			2007 2044 2005 -1,
			2005 2044 2003 -1,
			2044 2045 2003 -1,
			2003 2045 2046 -1,
			2003 2046 2002 -1,
			2002 2046 2047 -1,
			2002 2047 2000 -1,
			2000 2047 2001 -1,
			2001 2047 2048 -1,
			2001 2048 2049 -1,
			2001 2049 2004 -1,
			2004 2049 2050 -1,
			2004 2050 2006 -1,
			2006 2050 2051 -1,
			2006 2051 2008 -1,
			2008 2051 2010 -1,
			2051 2052 2010 -1,
			2010 2052 2053 -1,
			2010 2053 2012 -1,
			2012 2053 2054 -1,
			2012 2054 2014 -1,
			2014 2054 2016 -1,
			2054 2055 2016 -1,
			2016 2055 2056 -1,
			2016 2056 2018 -1,
			2018 2056 2057 -1,
			2018 2057 2020 -1,
			2020 2057 2058 -1,
			2020 2058 2022 -1,
			2022 2058 2023 -1,
			2058 2035 2023 -1,
			2047 564 2048 -1,
			2048 564 565 -1,
			2048 565 574 -1,
			2048 574 2049 -1,
			2049 574 532 -1,
			2049 532 2050 -1,
			2050 532 2051 -1,
			532 531 2051 -1,
			2051 531 529 -1,
			2051 529 2052 -1,
			2052 529 573 -1,
			2052 573 2053 -1,
			2053 573 2054 -1,
			573 535 2054 -1,
			2054 535 534 -1,
			2054 534 2055 -1,
			2055 534 533 -1,
			2055 533 2056 -1,
			2056 533 431 -1,
			2056 431 2057 -1,
			2057 431 2058 -1,
			431 430 2058 -1,
			2058 430 437 -1,
			2058 437 2035 -1,
			437 436 2035 -1,
			2035 436 2036 -1,
			2036 436 2037 -1,
			2037 436 435 -1,
			2037 435 433 -1,
			2037 433 2038 -1,
			2038 433 432 -1,
			2038 432 2039 -1,
			2039 432 576 -1,
			2039 576 2040 -1,
			2040 576 2041 -1,
			576 575 2041 -1,
			2041 575 556 -1,
			2041 556 2042 -1,
			2042 556 555 -1,
			2042 555 2043 -1,
			2043 555 2044 -1,
			555 560 2044 -1,
			2044 560 562 -1,
			2044 562 2045 -1,
			2045 562 563 -1,
			2045 563 2046 -1,
			2046 563 2047 -1,
			563 564 2047 -1,
		]
		normal Normal { vector [
			0.342965 0.091787 0.934853,
			0.368694 0.023376 0.929257,
			-0.719814 -0.047632 0.692531,
			0.375843 -0.012266 0.926602,
			-0.719590 0.047337 0.692784,
			0.367886 -0.048173 0.928622,
			-0.708569 0.189239 0.679793,
			0.356262 -0.095220 0.929522,
			0.339246 -0.140773 0.930105,
			-0.708996 -0.189410 0.679300,
			0.307498 0.177728 0.934803,
			-0.636448 -0.366951 0.678440,
			0.250892 0.250893 0.934936,
			-0.518981 -0.518979 0.679205,
			0.177728 0.307498 0.934804,
			-0.366953 -0.636447 0.678439,
			0.091911 0.343029 0.934818,
			-0.189412 -0.709000 0.679295,
			0.023273 0.368791 0.929221,
			-0.047633 -0.719789 0.692557,
			0.047631 -0.719775 0.692571,
			-0.012266 0.375846 0.926601,
			-0.048173 0.367887 0.928622,
			0.189406 -0.708984 0.679313,
			-0.095220 0.356262 0.929522,
			-0.140773 0.339246 0.930105,
			0.366943 -0.636434 0.678458,
			-0.184332 0.319587 0.929455,
			-0.223552 0.291494 0.930084,
			0.518968 -0.518969 0.679223,
			-0.260911 0.260912 0.929435,
			-0.291575 0.224118 0.929922,
			0.636432 -0.366945 0.678458,
			-0.320143 0.184188 0.929292,
			-0.339532 0.141451 0.929897,
			0.708984 -0.189408 0.679313,
			-0.356728 0.094554 0.929411,
			-0.367262 0.047951 0.928881,
			0.719804 -0.047632 0.692542,
			-0.375446 0.012650 0.926758,
			-0.375455 -0.012649 0.926754,
			0.719590 0.047337 0.692784,
			-0.367262 -0.047950 0.928881,
			0.708569 0.189239 0.679793,
			-0.356728 -0.094554 0.929411,
			-0.340163 -0.141196 0.929706,
			0.636019 0.366720 0.678967,
			-0.319771 -0.184991 0.929261,
			-0.291494 -0.223551 0.930084,
			0.518633 0.518655 0.679718,
			-0.260912 -0.260911 0.929436,
			-0.223552 -0.291494 0.930084,
			0.366730 0.636038 0.678944,
			-0.184332 -0.319587 0.929455,
			-0.140773 -0.339246 0.930105,
			0.189234 0.708604 0.679758,
			-0.095220 -0.356262 0.929522,
			-0.047736 -0.367545 0.928780,
			0.047369 0.719608 0.692763,
			-0.012650 -0.375450 0.926756,
			-0.047368 0.719609 0.692762,
			0.012266 -0.375844 0.926602,
			0.048386 -0.367603 0.928723,
			-0.189234 0.708604 0.679758,
			0.094553 -0.356728 0.929411,
			0.141196 -0.340163 0.929706,
			-0.366754 0.636040 0.678929,
			0.184847 -0.320327 0.929098,
			0.224074 -0.291921 0.929824,
			-0.518628 0.518672 0.679709,
			0.261270 -0.261269 0.929234,
			0.291921 -0.224074 0.929824,
			-0.636017 0.366717 0.678970,
			0.320143 -0.184188 0.929292,
			-0.999588 0.024196 0.015424,
			-0.670701 0.132527 0.729793,
			-0.633249 0.259903 0.729004,
			-0.489557 0.871692 0.022068,
			-0.575296 0.421178 -0.701173,
			-0.555999 0.443545 -0.702946,
			-0.616303 0.509755 -0.600267,
			-0.709406 0.465326 -0.529353,
			-0.880036 0.471878 -0.053558,
			-0.871341 0.475490 -0.121137,
			-0.901971 0.407144 -0.143812,
			-0.139323 0.713739 -0.686415,
			-0.273225 0.674108 -0.686241,
			-0.382123 0.604345 -0.699106,
			-0.491292 0.542419 -0.681479,
			-0.035031 0.716892 -0.696303,
			-0.769846 0.636730 0.043728,
			-0.778359 0.461338 -0.425823,
			-0.844044 0.415790 -0.338685,
			-0.887903 0.407638 -0.213211,
			-0.910145 0.400668 -0.105367,
			-0.857544 0.513668 -0.027634,
			-0.858212 0.463247 -0.221075,
			-0.844665 0.435866 -0.310745,
			-0.795791 0.456571 -0.397817,
			-0.745777 0.456562 -0.485147,
			-0.691459 0.448105 -0.566645,
			-0.607857 0.456845 -0.649463,
			-0.577362 0.577362 0.577327,
			-0.498800 0.855494 0.139025,
			0.752919 -0.405422 0.518408,
			-0.555412 0.398686 0.729772,
			0.599903 -0.412255 0.685684,
			-0.624900 0.275444 0.730500,
			0.670045 -0.283083 0.686224,
			-0.668172 0.139245 0.730860,
			0.713030 -0.144291 0.686125,
			-0.694328 0.035513 0.718782,
			0.717328 -0.036689 0.695769,
			-0.722473 -0.046224 0.689852,
			0.707105 -0.094334 0.700788,
			-0.999417 -0.034059 -0.002282,
			-0.721735 0.044101 -0.690763,
			-0.738355 -0.651545 0.174127,
			-0.738361 0.174126 -0.651539,
			-0.737966 -0.583345 0.339286,
			-0.737970 0.339285 -0.583341,
			-0.736664 -0.478187 0.478189,
			-0.736663 0.478190 -0.478187,
			-0.737969 -0.339283 0.583343,
			-0.737966 0.583344 -0.339288,
			-0.738361 -0.174126 0.651539,
			-0.738357 0.651543 -0.174128,
			-0.721732 -0.044101 0.690766,
			-0.721729 0.690770 -0.044100,
			-0.693023 0.045932 -0.719451,
			-0.693044 0.719431 -0.045930,
			-0.678304 0.709868 -0.189716,
			-0.678638 0.634894 -0.369270,
			-0.679757 0.518620 -0.518617,
			-0.678645 0.369266 -0.634888,
			-0.678316 0.189712 -0.709857,
			-0.691968 -0.049627 -0.720220,
			-0.691972 -0.049625 0.720217,
			-0.680832 -0.187621 -0.708001,
			-0.691943 -0.720245 -0.049628,
			-0.691940 -0.720248 0.049626,
			-0.680822 -0.187623 0.708011,
			-0.677495 -0.364253 -0.638999,
			-0.679121 -0.519034 -0.519036,
			-0.677499 -0.638995 -0.364254,
			-0.680842 -0.707992 -0.187619,
			-0.680832 -0.708002 0.187621,
			-0.677510 -0.638986 0.364249,
			-0.679121 -0.519036 0.519034,
			-0.677495 -0.364256 0.638998,
			-0.721731 -0.690767 0.044099,
			-0.692343 -0.719954 0.048241,
			-0.577331 -0.577360 -0.577360,
			-0.718887 -0.694204 -0.035813,
			-0.737965 -0.583345 0.339287,
			-0.738367 -0.651533 0.174125,
			-0.718901 -0.046189 0.693576,
			-0.721733 -0.044098 0.690765,
			-0.738368 -0.174124 0.651531,
			-0.737960 -0.339291 0.583349,
			-0.736662 -0.478189 0.478188,
			-0.721732 -0.690766 0.044100,
			-0.721729 -0.690770 -0.044100,
			-0.721731 -0.690768 0.044100,
			-0.721732 -0.690766 -0.044099,
			-0.738364 -0.651536 0.174126,
			-0.738362 -0.651537 -0.174126,
			-0.737974 -0.583337 0.339283,
			-0.737973 -0.583338 -0.339283,
			-0.736658 -0.478192 0.478192,
			-0.736658 -0.478192 -0.478192,
			-0.737960 -0.339291 0.583349,
			-0.737960 -0.339291 -0.583349,
			-0.738371 -0.174124 0.651529,
			-0.738371 -0.174123 -0.651529,
			-0.721731 -0.044100 0.690767,
			-0.721741 -0.044098 -0.690756,
			-0.695067 -0.039141 0.717878,
			-0.695041 -0.039144 -0.717904,
			-0.694333 -0.718455 0.041511,
			-0.694339 -0.718450 -0.041511,
			-0.695677 -0.400835 -0.596125,
			-0.684495 -0.154026 -0.712561,
			-0.682843 -0.303636 -0.664478,
			-0.693691 -0.466348 -0.548918,
			-0.682616 -0.562256 -0.466801,
			-0.682562 -0.652621 -0.328931,
			-0.681314 -0.711946 -0.170130,
			-0.681326 -0.711935 0.170127,
			-0.682562 -0.652622 0.328928,
			-0.682603 -0.562265 0.466809,
			-0.693698 -0.466343 0.548915,
			-0.695671 -0.400838 0.596130,
			-0.682853 -0.303632 0.664470,
			-0.684484 -0.154028 0.712570,
			-0.738370 -0.651530 -0.174124,
			-0.737968 -0.583342 -0.339287,
			-0.736652 -0.478196 -0.478197,
			-0.737976 -0.339282 -0.583334,
			-0.738356 -0.174127 -0.651544,
			-0.721734 -0.044099 -0.690764,
			-0.719800 -0.047631 -0.692545,
			-0.577395 0.577320 -0.577335,
			-0.678968 -0.708674 0.191789,
			-0.678244 -0.634483 0.370698,
			-0.680570 -0.518085 0.518085,
			-0.678237 -0.370701 0.634488,
			-0.678956 -0.191793 0.708685,
			0.572275 0.462242 -0.677373,
			0.556010 0.443546 -0.702936,
			0.022278 0.700151 -0.713647,
			0.575293 0.421184 -0.701172,
			0.489557 0.871692 0.022068,
			0.721728 0.044101 -0.690770,
			-0.721735 0.044101 -0.690763,
			0.999417 -0.034059 -0.002272,
			-0.707112 -0.094335 0.700781,
			-0.022278 0.700151 -0.713647,
			0.721728 0.044101 -0.690770,
			0.577395 0.577320 -0.577335,
			0.172164 0.698700 -0.694390,
			0.189594 0.593118 -0.782474,
			-0.402565 0.659872 -0.634437,
			0.498800 0.855494 0.139025,
			-0.752919 -0.405422 0.518408,
			0.162732 0.700674 -0.694676,
			0.092628 0.692804 -0.715152,
			0.577362 0.577362 0.577327,
			-0.717327 -0.036689 0.695769,
			-0.719068 -0.045710 -0.693435,
			-0.713030 -0.144291 0.686125,
			-0.708330 -0.189070 -0.680089,
			-0.670045 -0.283083 0.686224,
			-0.634147 -0.366950 -0.680592,
			-0.599903 -0.412255 0.685684,
			-0.518071 -0.517897 -0.680724,
			-0.400191 -0.809775 -0.429083,
			-0.362713 -0.858436 -0.362666,
			-0.366616 -0.634523 -0.680422,
			-0.344363 -0.898934 -0.270800,
			-0.314967 -0.930536 -0.186810,
			-0.046013 -0.719235 -0.693242,
			-0.142456 -0.667285 -0.731052,
			-0.189239 -0.708722 -0.679633,
			-0.279794 -0.621843 -0.731455,
			-0.281678 -0.959168 -0.025572,
			-0.370018 -0.925203 -0.084183,
			-0.036940 -0.693727 -0.719290,
			-0.197969 -0.731249 -0.652750,
			-0.338346 -0.931910 -0.130632,
			-0.029457 -0.922518 0.384828,
			-0.046095 -0.719278 0.693191,
			-0.118406 -0.914262 0.387434,
			-0.189708 -0.708967 0.679247,
			-0.241398 -0.889364 0.388276,
			-0.353434 -0.851167 0.388071,
			-0.367321 -0.635089 0.679513,
			-0.460025 -0.798430 0.388441,
			-0.561625 -0.730498 0.388523,
			-0.518679 -0.518679 0.679665,
			-0.651550 -0.651550 0.388542,
			-0.730498 -0.561625 0.388523,
			-0.635087 -0.367320 0.679514,
			-0.797919 -0.460439 0.389001,
			-0.850704 -0.353298 0.389209,
			-0.708965 -0.189708 0.679249,
			-0.889488 -0.240413 0.388604,
			-0.914343 -0.118736 0.387143,
			-0.719245 -0.046096 0.693226,
			-0.922518 -0.029458 0.384829,
			0.250138 -0.238073 -0.938484,
			0.335533 -0.346352 -0.876046,
			0.442789 -0.423517 -0.790299,
			0.502654 -0.495739 -0.708225,
			0.573651 -0.596649 -0.561190,
			0.668403 -0.639951 -0.379077,
			0.680454 -0.705672 -0.197508,
			0.712503 -0.699095 -0.060050,
			0.695924 0.458450 -0.552733,
			0.747961 0.451582 -0.486444,
			0.801393 0.440539 -0.404592,
			0.834975 0.455262 -0.309117,
			0.860580 0.449717 -0.239075,
			0.898624 0.403382 -0.172505,
			0.909820 0.401844 -0.103675,
			0.890525 0.451764 -0.053624,
			0.846398 0.532549 -0.001758,
			0.635553 0.454087 -0.624402,
			0.633249 0.259903 0.729004,
			0.616081 0.509769 -0.600483,
			0.491292 0.542419 -0.681479,
			0.704243 0.468535 -0.533401,
			0.772664 0.466658 -0.430373,
			0.854862 0.403543 -0.326134,
			0.857544 0.513668 -0.027634,
			0.910145 0.400668 -0.105367,
			0.887903 0.407638 -0.213211,
			0.382123 0.604345 -0.699106,
			0.273225 0.674108 -0.686241,
			0.139323 0.713739 -0.686415,
			0.035031 0.716899 -0.696296,
			0.670701 0.132527 0.729793,
			0.999588 0.024196 0.015424,
			0.555412 0.398686 0.729772,
			0.624900 0.275444 0.730500,
			0.668172 0.139245 0.730860,
			0.694328 0.035513 0.718782,
			0.722473 -0.046224 0.689852,
			0.719789 -0.047631 -0.692557,
			0.721740 -0.044100 -0.690758,
			0.738356 -0.174128 -0.651545,
			0.737976 -0.339282 -0.583334,
			0.736652 -0.478196 -0.478197,
			0.737968 -0.583342 -0.339286,
			0.738369 -0.651530 -0.174124,
			0.721734 -0.690764 -0.044099,
			0.721729 -0.690770 0.044100,
			0.721731 -0.690768 -0.044100,
			0.721730 -0.690768 0.044100,
			0.738368 -0.651532 0.174125,
			0.738364 -0.651536 0.174125,
			0.738362 -0.651538 -0.174126,
			0.737973 -0.583338 0.339283,
			0.737974 -0.583337 -0.339282,
			0.736658 -0.478192 0.478193,
			0.736658 -0.478192 -0.478191,
			0.737960 -0.339290 0.583349,
			0.737960 -0.339291 -0.583349,
			0.738371 -0.174124 0.651528,
			0.738370 -0.174124 -0.651530,
			0.721727 -0.044100 0.690772,
			0.721738 -0.044098 -0.690761,
			0.695067 -0.039143 0.717879,
			0.695049 -0.039143 -0.717896,
			0.684495 -0.154026 0.712561,
			0.695685 -0.400830 0.596119,
			0.694345 -0.718444 0.041511,
			0.694333 -0.718456 -0.041511,
			0.695681 -0.400832 -0.596122,
			0.693684 -0.466352 -0.548925,
			0.682843 -0.303636 0.664478,
			0.693683 -0.466352 0.548926,
			0.682616 -0.562256 0.466802,
			0.682562 -0.652621 0.328931,
			0.681314 -0.711946 0.170130,
			0.681317 -0.711944 -0.170129,
			0.682562 -0.652622 -0.328929,
			0.682613 -0.562258 -0.466803,
			0.682849 -0.303633 -0.664473,
			0.684488 -0.154027 -0.712567,
			0.737964 -0.583346 0.339288,
			0.718881 -0.694210 -0.035812,
			0.721739 -0.690759 0.044100,
			0.736662 -0.478189 0.478189,
			0.737960 -0.339291 0.583349,
			0.738369 -0.174124 0.651531,
			0.721739 -0.044099 0.690759,
			0.718890 -0.046189 0.693588,
			0.738356 -0.651545 0.174127,
			0.738361 0.174126 -0.651539,
			0.737965 -0.583345 0.339286,
			0.737969 0.339285 -0.583341,
			0.736664 -0.478186 0.478189,
			0.736663 0.478190 -0.478187,
			0.737968 -0.339283 0.583343,
			0.737965 0.583345 -0.339288,
			0.738361 -0.174126 0.651539,
			0.738357 0.651543 -0.174128,
			0.721727 -0.044101 0.690771,
			0.721729 0.690769 -0.044100,
			0.680832 -0.187621 0.708001,
			0.691944 -0.720244 0.049628,
			0.691971 -0.049627 0.720218,
			0.691949 -0.049627 -0.720238,
			0.693024 0.045932 -0.719450,
			0.693043 0.719432 -0.045930,
			0.677495 -0.364253 0.639000,
			0.679121 -0.519034 0.519036,
			0.677499 -0.638995 0.364254,
			0.680842 -0.707992 0.187619,
			0.691961 -0.720227 -0.049625,
			0.680821 -0.708012 -0.187624,
			0.677501 -0.638993 -0.364253,
			0.679121 -0.519036 -0.519034,
			0.677504 -0.364252 -0.638991,
			0.680832 -0.187621 -0.708001,
			0.678317 0.189712 -0.709856,
			0.678645 0.369267 -0.634889,
			0.679757 0.518620 -0.518617,
			0.678638 0.634894 -0.369270,
			0.678305 0.709867 -0.189715,
			0.692344 -0.719953 0.048241,
			0.678957 -0.191793 0.708684,
			0.678234 -0.370703 0.634490,
			0.680573 -0.518083 0.518083,
			0.678244 -0.634482 0.370698,
			0.678965 -0.708677 0.191790,
			0.577331 -0.577360 -0.577360,
			0.577342 -0.577335 -0.577373,
			-0.577358 -0.577348 -0.577345,
			0.301512 -0.301506 -0.904536,
			-0.543416 0.615245 -0.571115,
			0.179523 0.710525 -0.680386,
			0.348370 0.644537 -0.680596,
			0.577358 -0.577348 -0.577345,
			-0.301512 -0.301506 -0.904536,
			0.543418 0.615247 -0.571111,
			-0.189593 0.593116 -0.782475,
			-0.348372 0.644541 -0.680591,
			-0.577343 -0.577335 -0.577374,
			-0.179522 0.710521 -0.680391,
			0.722467 -0.689858 0.046224,
			0.737599 -0.651792 0.176395,
			0.935126 -0.352832 0.032404,
			0.738445 -0.582225 0.340166,
			0.735712 -0.478920 0.478920,
			0.738451 -0.340163 0.582219,
			0.691145 0.043985 -0.721376,
			0.737611 -0.176394 0.651778,
			0.577359 -0.577322 0.577370,
			-0.301516 -0.904530 -0.301520,
			-0.301499 -0.904541 -0.301502,
			0.140601 -0.970463 0.196042,
			0.301503 -0.904534 -0.301519,
			-0.140602 -0.970465 0.196034,
			0.140602 -0.970463 0.196043,
			0.904537 -0.301497 -0.301518,
			0.904534 -0.301511 -0.301511,
			0.301498 -0.904538 -0.301513,
			0.301509 -0.904535 0.301509,
			0.651785 -0.737605 -0.176394,
			0.582235 -0.738434 -0.340173,
			0.340165 -0.738449 0.582221,
			0.478920 -0.735711 0.478920,
			0.151692 -0.988180 0.022114,
			0.582223 -0.738447 0.340164,
			0.651785 -0.737605 0.176394,
			0.674366 -0.738397 -0.000000,
			-0.140584 -0.970468 0.196029,
			0.140583 -0.970467 0.196037,
			-0.151692 -0.988180 0.022115,
			-0.140585 -0.970468 0.196031,
			0.140583 -0.970467 0.196037,
			-0.140584 -0.970468 0.196029,
			0.301504 -0.904534 -0.301519,
			-0.301498 -0.904541 -0.301504,
			0.140602 -0.970463 0.196043,
			0.301504 -0.904534 -0.301519,
			-0.140602 -0.970465 0.196034,
			0.140602 -0.970463 0.196043,
			-0.674366 -0.738397 -0.000000,
			-0.651785 -0.737605 0.176394,
			-0.577359 -0.577323 0.577369,
			-0.582224 -0.738446 0.340165,
			-0.478919 -0.735713 0.478920,
			-0.340166 -0.738448 0.582222,
			0.301499 -0.904537 -0.301514,
			-0.301497 -0.904543 -0.301499,
			-0.301513 -0.904537 0.301501,
			-0.651785 -0.737605 -0.176394,
			0.301514 -0.904531 -0.301519,
			-0.904534 -0.301511 -0.301511,
			-0.140601 -0.970465 0.196032,
			-0.301503 -0.904538 -0.301509,
			0.301513 -0.904533 0.301513,
			0.301502 -0.904535 -0.301518,
			0.140602 -0.970463 0.196043,
			-0.301498 -0.904541 -0.301504,
			0.301504 -0.904534 -0.301519,
			-0.140602 -0.970465 0.196034,
			0.904537 -0.301497 -0.301518,
			-0.904534 -0.301511 -0.301511,
			0.140602 -0.970463 0.196043,
			-0.301498 -0.904541 -0.301504,
			-0.140584 -0.970468 0.196029,
			0.904537 -0.301497 -0.301517,
			-0.140602 -0.970465 0.196034,
			0.301504 -0.904534 -0.301519,
			-0.904534 -0.301511 -0.301511,
			0.140602 -0.970463 0.196043,
			-0.301498 -0.904541 -0.301504,
			-0.140584 -0.970468 0.196029,
			0.904537 -0.301497 -0.301517,
			-0.140602 -0.970465 0.196034,
			0.301504 -0.904534 -0.301519,
			-0.904534 -0.301511 -0.301511,
			0.140602 -0.970463 0.196043,
			-0.301498 -0.904541 -0.301504,
			-0.140584 -0.970468 0.196029,
			0.904537 -0.301497 -0.301517,
			-0.140602 -0.970465 0.196034,
			0.301504 -0.904534 -0.301519,
			-0.904534 -0.301511 -0.301511,
			0.140602 -0.970463 0.196043,
			-0.301498 -0.904541 -0.301504,
			0.904537 -0.301497 -0.301517,
			-0.140602 -0.970465 0.196033,
			0.301504 -0.904534 -0.301519,
			-0.904534 -0.301511 -0.301511,
			0.140602 -0.970463 0.196043,
			-0.301498 -0.904541 -0.301504,
			0.904537 -0.301497 -0.301517,
			-0.140602 -0.970465 0.196033,
			-0.904534 -0.301511 -0.301511,
			0.904537 -0.301497 -0.301517,
			-0.904534 -0.301511 -0.301511,
			0.904537 -0.301497 -0.301517,
			-0.140602 -0.970465 0.196034,
			0.301504 -0.904534 -0.301519,
			-0.301498 -0.904541 -0.301504,
			-0.904534 -0.301511 -0.301511,
			0.140602 -0.970463 0.196043,
			-0.301498 -0.904541 -0.301504,
			-0.140584 -0.970468 0.196029,
			0.904537 -0.301497 -0.301517,
			-0.140602 -0.970465 0.196034,
			0.301504 -0.904534 -0.301519,
			-0.904534 -0.301511 -0.301511,
			0.140602 -0.970463 0.196043,
			-0.301498 -0.904541 -0.301504,
			-0.140584 -0.970468 0.196029,
			0.904537 -0.301497 -0.301517,
			-0.140602 -0.970465 0.196034,
			0.301504 -0.904534 -0.301519,
			-0.904534 -0.301511 -0.301511,
			-0.301498 -0.904541 -0.301504,
			-0.140584 -0.970468 0.196030,
			-0.904534 -0.301511 -0.301511,
			-0.301518 -0.904533 0.301506,
			-0.176395 -0.737600 -0.651791,
			0.140586 -0.970466 0.196041,
			-0.340171 -0.738438 -0.582231,
			-0.478918 -0.735714 -0.478918,
			0.478919 -0.735712 -0.478920,
			0.340165 -0.738447 -0.582222,
			0.176397 -0.737595 -0.651796,
			0.651796 -0.737595 0.176397,
			0.674362 -0.738401 -0.000000,
			0.140584 -0.970466 0.196038,
			0.651792 -0.737598 -0.176396,
			-0.140588 -0.970467 0.196035,
			0.582225 -0.738444 -0.340168,
			0.478924 -0.735706 -0.478925,
			-0.140584 -0.970468 0.196030,
			0.176393 -0.737608 -0.651782,
			-0.000000 -0.738402 -0.674360,
			0.582226 -0.738444 0.340166,
			0.140583 -0.970467 0.196037,
			0.478920 -0.735711 0.478921,
			0.140583 -0.970467 0.196038,
			0.340173 -0.738435 0.582234,
			0.140583 -0.970467 0.196037,
			0.140583 -0.970467 0.196037,
			0.176398 -0.737599 0.651791,
			0.140583 -0.970467 0.196038,
			-0.340174 -0.738434 0.582235,
			-0.176397 -0.737600 0.651790,
			-0.140584 -0.970468 0.196029,
			0.140583 -0.970467 0.196037,
			0.140583 -0.970467 0.196037,
			-0.478919 -0.735712 0.478920,
			0.140583 -0.970467 0.196038,
			-0.582229 -0.738441 0.340168,
			-0.651793 -0.737597 0.176396,
			-0.674364 -0.738399 -0.000000,
			-0.651787 -0.737603 -0.176395,
			-0.176397 -0.737594 -0.651797,
			-0.340165 -0.738449 -0.582221,
			-0.478920 -0.735711 -0.478920,
			-0.582234 -0.738435 -0.340173,
			0.340170 -0.738439 -0.582230,
			-0.176398 -0.737597 0.651793,
			-0.000000 -0.738410 0.674352,
			0.000000 -0.738402 -0.674360,
			-0.582233 -0.738436 -0.340172,
			0.000000 -0.738410 0.674352,
			0.176399 -0.737596 0.651794,
			0.577358 -0.577358 -0.577335,
			-0.577348 -0.577356 -0.577348,
			-0.577331 -0.577360 0.577360,
			0.577336 -0.577373 0.577342,
			-0.577331 -0.577360 0.577360,
			-0.577348 -0.577356 -0.577348,
			0.577336 -0.577373 0.577342,
			0.577358 -0.577358 -0.577335,
			-0.577343 -0.577365 -0.577343,
			-0.693599 -0.719017 0.043985,
			-0.683023 -0.710625 0.168794,
			-0.679736 -0.653599 0.332817,
			-0.681374 -0.551932 0.480730,
			0.681391 -0.551920 0.480719,
			0.679736 -0.653597 0.332821,
			0.683006 -0.710640 0.168798,
			0.693601 -0.719015 0.043983,
			0.577356 -0.577356 -0.577338,
			-0.577343 -0.577365 -0.577343,
			-0.693599 -0.719017 0.043985,
			-0.683023 -0.710625 0.168794,
			-0.679736 -0.653599 0.332817,
			-0.681374 -0.551932 0.480730,
			0.577356 -0.577356 -0.577338,
			0.693601 -0.719015 0.043983,
			0.683006 -0.710640 0.168798,
			0.679736 -0.653597 0.332821,
			0.681391 -0.551920 0.480719,
			-0.577343 -0.577365 -0.577343,
			-0.693599 -0.719017 0.043985,
			-0.683023 -0.710625 0.168794,
			-0.679736 -0.653599 0.332817,
			-0.681374 -0.551932 0.480730,
			0.577356 -0.577356 -0.577338,
			0.693601 -0.719015 0.043983,
			0.683006 -0.710640 0.168798,
			0.679736 -0.653597 0.332821,
			0.681391 -0.551920 0.480719,
			-0.577343 -0.577365 -0.577343,
			-0.693599 -0.719017 0.043985,
			-0.683023 -0.710625 0.168794,
			-0.679736 -0.653599 0.332817,
			-0.681374 -0.551932 0.480730,
			0.577356 -0.577356 -0.577338,
			0.693601 -0.719015 0.043983,
			0.683006 -0.710640 0.168798,
			0.679736 -0.653597 0.332821,
			0.681391 -0.551920 0.480719,
			-0.577343 -0.577365 -0.577343,
			-0.693599 -0.719017 0.043985,
			-0.683023 -0.710625 0.168794,
			-0.679736 -0.653599 0.332817,
			-0.681374 -0.551932 0.480730,
			0.577356 -0.577356 -0.577338,
			0.693601 -0.719015 0.043983,
			0.683006 -0.710640 0.168798,
			0.679736 -0.653597 0.332821,
			0.681391 -0.551920 0.480719,
			-0.577343 -0.577365 -0.577343,
			-0.693599 -0.719017 0.043985,
			-0.683023 -0.710625 0.168794,
			-0.679736 -0.653599 0.332817,
			-0.681374 -0.551932 0.480730,
			0.577356 -0.577356 -0.577338,
			0.693601 -0.719016 0.043983,
			0.683006 -0.710640 0.168798,
			0.679736 -0.653597 0.332821,
			0.681391 -0.551920 0.480719,
			-0.577343 -0.577365 -0.577343,
			-0.693599 -0.719017 0.043985,
			-0.683023 -0.710625 0.168794,
			-0.679736 -0.653599 0.332817,
			-0.681374 -0.551932 0.480730,
			0.577356 -0.577356 -0.577338,
			0.693601 -0.719016 0.043983,
			0.683006 -0.710640 0.168798,
			0.679736 -0.653597 0.332821,
			0.681391 -0.551920 0.480719,
			-0.577343 -0.577365 -0.577343,
			-0.693599 -0.719017 0.043985,
			-0.683023 -0.710625 0.168794,
			-0.679736 -0.653599 0.332817,
			-0.681374 -0.551932 0.480730,
			0.577356 -0.577356 -0.577338,
			0.693601 -0.719015 0.043983,
			0.683006 -0.710640 0.168798,
			0.679736 -0.653597 0.332821,
			0.681391 -0.551920 0.480719,
			-0.577343 -0.577365 -0.577343,
			-0.693599 -0.719017 0.043985,
			-0.683023 -0.710625 0.168794,
			-0.679736 -0.653599 0.332817,
			-0.681374 -0.551932 0.480730,
			0.577356 -0.577356 -0.577338,
			0.693601 -0.719015 0.043983,
			0.683006 -0.710640 0.168798,
			0.679736 -0.653597 0.332821,
			0.681391 -0.551920 0.480719,
			-0.577343 -0.577365 -0.577343,
			-0.693599 -0.719017 0.043985,
			-0.683023 -0.710625 0.168794,
			-0.679736 -0.653599 0.332817,
			-0.681374 -0.551932 0.480730,
			0.577356 -0.577356 -0.577338,
			0.693601 -0.719015 0.043983,
			0.683006 -0.710640 0.168798,
			0.679736 -0.653597 0.332821,
			0.681391 -0.551920 0.480719,
			-0.577343 -0.577365 -0.577343,
			-0.693599 -0.719017 0.043985,
			-0.683023 -0.710625 0.168794,
			-0.679736 -0.653599 0.332817,
			-0.681374 -0.551932 0.480730,
			0.577356 -0.577356 -0.577338,
			0.693601 -0.719015 0.043983,
			0.683006 -0.710640 0.168798,
			0.679736 -0.653597 0.332821,
			0.681391 -0.551920 0.480719,
			-0.577343 -0.577365 -0.577343,
			-0.693599 -0.719017 0.043985,
			-0.683023 -0.710625 0.168794,
			-0.679736 -0.653599 0.332817,
			-0.681374 -0.551932 0.480730,
			0.577356 -0.577356 -0.577338,
			0.693601 -0.719015 0.043983,
			0.683006 -0.710640 0.168798,
			0.679736 -0.653597 0.332821,
			0.681391 -0.551920 0.480719,
			-0.577348 -0.577355 -0.577348,
			-0.693387 -0.719173 0.044774,
			-0.577338 0.577349 -0.577364,
			-0.301522 0.301509 -0.904532,
			-0.683251 -0.710235 0.169512,
			-0.679729 -0.653605 0.332819,
			-0.681367 -0.551936 0.480735,
			0.301525 0.301502 -0.904533,
			0.577331 0.577360 -0.577360,
			0.577351 -0.577351 -0.577349,
			0.693393 -0.719167 0.044773,
			0.683234 -0.710251 0.169516,
			0.679729 -0.653604 0.332823,
			0.681384 -0.551924 0.480724,
			0.301524 0.301501 -0.904533,
			-0.232365 0.922323 -0.308752,
			-0.301522 0.301509 -0.904531,
			0.301524 0.301501 -0.904533,
			-0.301522 0.301509 -0.904531,
			0.301524 0.301501 -0.904533,
			-0.301522 0.301509 -0.904531,
			0.301524 0.301501 -0.904533,
			-0.301522 0.301509 -0.904531,
			0.301524 0.301501 -0.904533,
			-0.301522 0.301509 -0.904531,
			0.301521 0.301499 -0.904535,
			0.232361 0.922325 -0.308747,
			-0.301522 0.301509 -0.904531,
			0.301524 0.301501 -0.904533,
			-0.301522 0.301509 -0.904531,
			0.301524 0.301501 -0.904533,
			-0.301522 0.301509 -0.904531,
			0.301524 0.301501 -0.904533,
			-0.301522 0.301509 -0.904531,
			0.301524 0.301501 -0.904533,
			-0.301522 0.301509 -0.904532,
			0.301524 0.301501 -0.904533,
			-0.301520 0.301507 -0.904532,
			0.174142 0.652223 -0.737753,
			0.337710 0.585521 -0.736965,
			0.477883 0.478485 -0.736668,
			0.586222 0.338595 -0.736001,
			0.653500 0.174393 -0.736563,
			0.044723 0.690490 -0.721958,
			-0.691145 0.043985 -0.721376,
			-0.935126 -0.352832 0.032404,
			0.016025 -0.020718 -0.999657,
			-0.630108 -0.365630 -0.685039,
			-0.691274 -0.230085 -0.684982,
			-0.719280 -0.151944 -0.677901,
			0.694935 0.065953 -0.716042,
			0.718143 0.026560 -0.695388,
			0.709130 0.008465 -0.705027,
			0.719068 -0.045710 -0.693435,
			0.708330 -0.189070 -0.680089,
			-0.653500 0.174393 -0.736563,
			0.634148 -0.366950 -0.680592,
			-0.586222 0.338595 -0.736001,
			0.518082 -0.517845 -0.680756,
			-0.477883 0.478485 -0.736668,
			-0.337710 0.585521 -0.736965,
			0.366565 -0.634521 -0.680450,
			-0.174142 0.652223 -0.737753,
			0.189239 -0.708722 -0.679633,
			-0.044722 0.690504 -0.721944,
			0.046013 -0.719221 -0.693256,
			-0.708858 0.007013 -0.705316,
			-0.016025 -0.020718 -0.999657,
			-0.712222 0.030982 -0.701271,
			-0.694935 0.065953 -0.716042,
			0.719280 -0.151944 -0.677901,
			0.691274 -0.230085 -0.684982,
			0.630108 -0.365630 -0.685039,
			0.131251 -0.707171 -0.694753,
			0.017950 -0.712450 -0.701494,
			-0.017950 -0.712450 -0.701493,
			-0.131251 -0.707171 -0.694753,
			0.067086 -0.714049 -0.696874,
			-0.067086 -0.714050 -0.696874,
			-0.722469 -0.689857 0.046224,
			-0.737596 -0.651795 0.176396,
			-0.737613 -0.176393 0.651777,
			-0.738449 -0.340165 0.582221,
			-0.735715 -0.478917 0.478918,
			-0.738445 -0.582225 0.340167,
			0.402565 0.659872 -0.634437,
			-0.171996 0.697791 -0.695345,
			-0.160054 0.696982 -0.698999,
			-0.097285 0.689315 -0.717900,
			0.400191 -0.809775 -0.429083,
			0.363892 -0.858245 -0.361936,
			0.344292 -0.899073 -0.270426,
			0.313893 -0.930639 -0.188103,
			0.337725 -0.932172 -0.130371,
			0.370017 -0.925203 -0.084183,
			0.281680 -0.959168 -0.025571,
			0.279794 -0.621843 -0.731455,
			0.197969 -0.731249 -0.652750,
			0.142456 -0.667285 -0.731052,
			0.036940 -0.693733 -0.719284,
			0.922344 -0.028968 0.385283,
			0.719258 -0.046097 0.693213,
			0.914010 -0.118871 0.387885,
			0.708965 -0.189708 0.679249,
			0.889364 -0.241400 0.388275,
			0.851167 -0.353434 0.388071,
			0.635087 -0.367320 0.679514,
			0.798516 -0.459482 0.388907,
			0.730136 -0.561587 0.389259,
			0.518679 -0.518679 0.679665,
			0.651376 -0.651376 0.389126,
			0.561587 -0.730136 0.389259,
			0.367321 -0.635089 0.679513,
			0.459897 -0.798003 0.389468,
			0.353297 -0.850704 0.389209,
			0.189708 -0.708967 0.679247,
			0.240412 -0.889488 0.388604,
			0.119201 -0.914091 0.387594,
			0.046095 -0.719274 0.693196,
			0.028968 -0.922345 0.385280,
			0.721746 -0.690751 0.044100,
			0.738356 -0.651545 0.174127,
			0.738361 0.174126 -0.651539,
			0.718886 -0.694205 -0.035812,
			0.737965 -0.583345 0.339286,
			0.737969 0.339285 -0.583341,
			0.736664 -0.478186 0.478189,
			0.736663 0.478190 -0.478187,
			0.737968 -0.339283 0.583343,
			0.737965 0.583345 -0.339288,
			0.738361 -0.174126 0.651539,
			0.738357 0.651543 -0.174128,
			0.721727 -0.044101 0.690771,
			0.721729 0.690769 -0.044100,
			0.680832 -0.187621 0.708001,
			0.691944 -0.720244 0.049628,
			0.691971 -0.049627 0.720218,
			0.691949 -0.049627 -0.720238,
			0.693024 0.045932 -0.719450,
			0.693042 0.719432 -0.045930,
			0.677495 -0.364253 0.639000,
			0.679121 -0.519034 0.519036,
			0.677499 -0.638995 0.364254,
			0.680842 -0.707992 0.187619,
			0.691961 -0.720227 -0.049625,
			0.680821 -0.708012 -0.187624,
			0.677501 -0.638993 -0.364253,
			0.679121 -0.519036 -0.519034,
			0.677504 -0.364252 -0.638991,
			0.680832 -0.187621 -0.708001,
			0.678317 0.189712 -0.709856,
			0.678645 0.369267 -0.634889,
			0.679757 0.518620 -0.518617,
			0.678638 0.634894 -0.369270,
			0.678305 0.709867 -0.189715,
			0.690516 0.044669 -0.721937,
			0.721741 -0.044100 -0.690757,
			0.919798 0.060408 0.387715,
			0.738356 -0.174128 -0.651545,
			0.737977 -0.339282 -0.583334,
			0.736652 -0.478196 -0.478196,
			0.737968 -0.583342 -0.339287,
			0.738370 -0.651530 -0.174124,
			0.721735 -0.690763 -0.044099,
			0.721727 -0.690772 0.044100,
			0.738362 -0.651538 0.174126,
			0.738359 -0.651542 -0.174127,
			0.721735 -0.690764 -0.044100,
			0.737973 -0.583338 0.339283,
			0.737974 -0.583337 -0.339282,
			0.736658 -0.478192 0.478193,
			0.736658 -0.478192 -0.478191,
			0.737960 -0.339290 0.583349,
			0.737960 -0.339291 -0.583349,
			0.738371 -0.174124 0.651528,
			0.738370 -0.174124 -0.651529,
			0.721727 -0.044100 0.690772,
			0.721738 -0.044098 -0.690761,
			0.695067 -0.039143 0.717879,
			0.695049 -0.039143 -0.717896,
			0.684495 -0.154026 0.712561,
			0.695685 -0.400830 0.596119,
			0.694345 -0.718444 0.041511,
			0.694333 -0.718456 -0.041511,
			0.695681 -0.400832 -0.596122,
			0.693684 -0.466352 -0.548925,
			0.682843 -0.303636 0.664478,
			0.693683 -0.466352 0.548926,
			0.682616 -0.562256 0.466802,
			0.682562 -0.652621 0.328931,
			0.681314 -0.711946 0.170130,
			0.681317 -0.711944 -0.170129,
			0.682562 -0.652622 -0.328929,
			0.682613 -0.562258 -0.466803,
			0.682849 -0.303633 -0.664473,
			0.684488 -0.154027 -0.712567,
			0.721735 -0.690763 0.044100,
			0.738368 -0.651531 0.174124,
			0.737961 -0.583349 0.339290,
			0.736662 -0.478189 0.478189,
			0.737962 -0.339290 0.583348,
			0.738369 -0.174124 0.651530,
			0.719558 0.046547 0.692871,
			0.721742 -0.044098 0.690756,
			0.690507 0.044667 0.721945,
			-0.721729 0.690770 -0.044100,
			-0.693044 0.719431 -0.045930,
			-0.693023 0.045932 -0.719451,
			-0.691968 -0.049627 -0.720220,
			-0.691943 -0.720245 -0.049628,
			-0.680842 -0.707992 -0.187619,
			-0.677499 -0.638995 -0.364254,
			-0.679121 -0.519034 -0.519036,
			-0.677495 -0.364253 -0.638999,
			-0.680832 -0.187621 -0.708001,
			-0.721739 -0.690760 0.044099,
			-0.738355 -0.651545 0.174127,
			-0.738361 0.174126 -0.651539,
			-0.737966 -0.583345 0.339286,
			-0.737970 0.339285 -0.583341,
			-0.736664 -0.478187 0.478189,
			-0.736663 0.478190 -0.478187,
			-0.737969 -0.339283 0.583343,
			-0.737966 0.583344 -0.339288,
			-0.738361 -0.174126 0.651539,
			-0.738357 0.651543 -0.174128,
			-0.721732 -0.044101 0.690766,
			-0.678304 0.709868 -0.189716,
			-0.678638 0.634894 -0.369270,
			-0.679757 0.518620 -0.518617,
			-0.678645 0.369266 -0.634888,
			-0.678316 0.189712 -0.709857,
			-0.691972 -0.049625 0.720217,
			-0.691940 -0.720248 0.049626,
			-0.680822 -0.187623 0.708011,
			-0.680832 -0.708002 0.187621,
			-0.677510 -0.638986 0.364249,
			-0.679121 -0.519036 0.519034,
			-0.677495 -0.364256 0.638998,
			-0.718892 -0.694199 -0.035812,
			-0.694339 -0.718450 -0.041511,
			-0.694333 -0.718455 0.041511,
			-0.695041 -0.039144 -0.717904,
			-0.695067 -0.039141 0.717878,
			-0.721741 -0.044098 -0.690756,
			-0.721732 -0.044100 0.690767,
			-0.738371 -0.174123 -0.651529,
			-0.738371 -0.174124 0.651529,
			-0.737960 -0.339291 -0.583349,
			-0.737960 -0.339291 0.583349,
			-0.736658 -0.478192 -0.478192,
			-0.736658 -0.478192 0.478192,
			-0.737973 -0.583338 -0.339283,
			-0.737974 -0.583337 0.339283,
			-0.738359 -0.651541 -0.174127,
			-0.738361 -0.651539 0.174126,
			-0.721729 -0.690770 0.044100,
			-0.721733 -0.690766 -0.044099,
			-0.738370 -0.651529 -0.174124,
			-0.690533 0.044670 0.721920,
			-0.721737 -0.044098 0.690762,
			-0.719562 0.046547 0.692866,
			-0.738369 -0.174124 0.651531,
			-0.737962 -0.339290 0.583348,
			-0.736662 -0.478189 0.478189,
			-0.737961 -0.583349 0.339289,
			-0.738368 -0.651532 0.174125,
			-0.721737 -0.690761 0.044100,
			-0.721732 -0.690766 -0.044100,
			-0.695677 -0.400835 -0.596125,
			-0.684495 -0.154026 -0.712561,
			-0.682843 -0.303636 -0.664478,
			-0.693691 -0.466348 -0.548918,
			-0.682616 -0.562256 -0.466801,
			-0.682562 -0.652621 -0.328931,
			-0.681314 -0.711946 -0.170130,
			-0.681326 -0.711935 0.170127,
			-0.682562 -0.652622 0.328928,
			-0.682603 -0.562265 0.466809,
			-0.693698 -0.466343 0.548915,
			-0.695671 -0.400838 0.596130,
			-0.682853 -0.303632 0.664470,
			-0.684484 -0.154028 0.712570,
			-0.737967 -0.583343 -0.339287,
			-0.736653 -0.478196 -0.478196,
			-0.737977 -0.339282 -0.583334,
			-0.738357 -0.174127 -0.651544,
			-0.922518 0.029457 0.384828,
			-0.721734 -0.044099 -0.690764,
			-0.691616 0.043448 -0.720957,
			-0.729668 -0.669993 -0.136724,
			-0.728592 -0.631624 -0.264961,
			-0.727524 -0.565070 -0.389108,
			-0.736853 -0.463389 -0.492258,
			-0.736584 -0.343514 -0.582617,
			-0.726294 -0.194845 -0.659191,
			-0.617025 -0.031150 -0.786327,
			-0.046548 0.719563 0.692865,
			-0.044667 0.690514 0.721938,
			-0.189810 0.709536 0.678624,
			-0.174381 0.651861 0.738017,
			-0.338041 0.584414 0.737692,
			-0.367625 0.635568 0.678900,
			-0.477515 0.477512 0.737537,
			-0.519092 0.519095 0.679032,
			-0.584416 0.338038 0.737691,
			-0.635565 0.367629 0.678901,
			-0.651833 0.174374 0.738043,
			-0.709550 0.189814 0.678609,
			-0.914288 0.118729 0.387275,
			-0.653706 0.175018 -0.736232,
			-0.889488 0.240413 0.388603,
			-0.850637 0.353930 0.388780,
			-0.586097 0.338928 -0.735947,
			-0.798516 0.459483 0.388907,
			-0.729995 0.561880 0.389101,
			-0.478900 0.478900 -0.735737,
			-0.651550 0.651550 0.388542,
			-0.561592 0.730456 0.388648,
			-0.338928 0.586097 -0.735947,
			-0.460025 0.798430 0.388440,
			-0.353415 0.851121 0.388189,
			-0.175015 0.653695 -0.736242,
			-0.241398 0.889364 0.388276,
			-0.118864 0.913955 0.388018,
			-0.043447 0.691603 -0.720970,
			-0.028968 0.922343 0.385284,
			0.717318 -0.207946 -0.664992,
			0.728374 -0.296596 -0.617658,
			0.725362 -0.408041 -0.554394,
			0.711114 -0.515937 -0.477625,
			0.735343 -0.564075 -0.375621,
			0.730557 -0.634450 -0.252507,
			0.727337 -0.673841 -0.130074,
			0.708991 -0.189407 -0.679306,
			0.636440 -0.366946 -0.678450,
			0.518974 -0.518972 -0.679215,
			0.366948 -0.636439 -0.678450,
			0.189411 -0.708996 -0.679300,
			0.047632 -0.719794 -0.692552,
			0.189292 -0.707422 0.680972,
			0.307500 -0.611515 0.729035,
			0.365765 -0.635266 0.680187,
			0.418300 -0.543149 0.728021,
			0.518176 -0.517519 0.680931,
			0.635226 -0.366402 0.679880,
			0.707301 -0.189288 0.681099,
			0.046338 -0.718982 0.693482,
			0.047493 -0.722912 -0.689305,
			0.047494 0.722914 -0.689304,
			-0.708991 -0.189409 -0.679306,
			0.651866 0.174383 -0.738012,
			0.584420 0.338042 -0.737686,
			-0.636438 -0.366949 -0.678450,
			0.477519 0.477518 -0.737532,
			-0.518972 -0.518974 -0.679215,
			0.338043 0.584420 -0.737686,
			-0.366946 -0.636440 -0.678450,
			0.174378 0.651850 -0.738027,
			-0.189409 -0.708996 -0.679300,
			-0.047630 -0.719782 -0.692565,
			0.044669 0.690525 -0.721928,
			-0.047494 0.722906 -0.689312,
			-0.047493 -0.722920 -0.689298,
			-0.189292 -0.707422 0.680972,
			-0.307500 -0.611515 0.729035,
			-0.365765 -0.635266 0.680186,
			-0.418300 -0.543149 0.728021,
			-0.518176 -0.517519 0.680931,
			-0.635226 -0.366402 0.679880,
			-0.046337 -0.718977 0.693487,
			-0.707296 -0.189287 0.681104,
			-0.717319 -0.207946 -0.664990,
			-0.727339 -0.673839 -0.130074,
			-0.730290 -0.634830 -0.252326,
			-0.734669 -0.564797 -0.375854,
			-0.710698 -0.515856 -0.478332,
			-0.725084 -0.408463 -0.554448,
			-0.728144 -0.296387 -0.618030,
			0.173577 -0.735416 -0.655007,
			-0.477602 -0.737422 -0.477604,
			-0.584982 -0.739322 -0.333466,
			0.584989 -0.739316 -0.333468,
			0.477604 -0.737422 -0.477602,
			0.333463 -0.739327 -0.584977,
			-0.173577 -0.735416 -0.655007,
			-0.333459 -0.739332 -0.584973,
			0.654993 -0.735429 -0.173574,
			-0.654994 -0.735429 -0.173574,
			0.689315 -0.722903 -0.047495,
			-0.689305 -0.722913 -0.047494,
			-0.689865 -0.722461 0.046225,
			0.689856 -0.722470 0.046224,
			-0.651781 -0.737609 0.176393,
			0.651781 -0.737609 0.176393,
			-0.582226 -0.738443 0.340168,
			0.582233 -0.738435 0.340173,
			-0.478912 -0.735722 0.478913,
			-0.340167 -0.738445 0.582224,
			-0.176397 -0.737595 0.651796,
			-0.046223 -0.722475 0.689850,
			0.046223 -0.722470 0.689855,
			0.176397 -0.737595 0.651796,
			0.340165 -0.738447 0.582223,
			0.478911 -0.735722 0.478913,
			0.689317 0.722901 -0.047496,
			0.654983 0.735438 -0.173571,
			0.584987 0.739317 -0.333467,
			0.477602 0.737422 -0.477604,
			0.333460 0.739328 -0.584977,
			0.173575 0.735425 -0.654997,
			0.689860 0.722465 0.046224,
			-0.584995 0.739310 -0.333470,
			-0.654983 0.735439 -0.173571,
			-0.689309 0.722909 -0.047496,
			-0.689869 0.722457 0.046225,
			-0.651777 0.737613 0.176391,
			0.651777 0.737613 0.176391,
			-0.582232 0.738437 0.340171,
			0.582232 0.738438 0.340170,
			-0.478917 0.735715 0.478919,
			0.478917 0.735715 0.478917,
			0.046546 0.719547 0.692882,
			-0.340162 0.738452 0.582218,
			-0.176395 0.737604 0.651787,
			0.340164 0.738450 0.582220,
			0.176395 0.737604 0.651787,
			0.046224 0.722465 0.689861,
			0.044669 0.690527 0.721926,
			-0.046224 0.722460 0.689865,
			0.060262 0.919756 0.387838,
			-0.477604 0.737422 -0.477602,
			-0.333464 0.739323 -0.584981,
			-0.173575 0.735425 -0.654997,
			0.237667 0.887788 0.394142,
			0.460151 0.795632 0.393993,
			0.649848 0.649848 0.394202,
			0.795632 0.460152 0.393993,
			0.887873 0.237538 0.394028,
			0.651545 -0.738356 -0.174127,
			0.583335 -0.737975 -0.339283,
			0.478192 -0.736657 -0.478194,
			0.339289 -0.737964 -0.583346,
			0.174123 -0.738371 -0.651529,
			0.690759 -0.721739 -0.044100,
			0.045927 -0.693025 -0.719449,
			0.719426 -0.693049 -0.045929,
			0.709868 -0.678303 -0.189715,
			0.189712 -0.678314 -0.709859,
			0.369267 -0.678647 -0.634886,
			0.518619 -0.679756 -0.518619,
			0.634893 -0.678639 -0.369270,
			0.044101 -0.721732 -0.690766,
			-0.043429 -0.721204 -0.691360,
			-0.174362 -0.737264 -0.652717,
			0.174363 -0.737260 -0.652722,
			-0.339987 -0.736958 -0.584210,
			0.339987 -0.736957 -0.584212,
			-0.478911 -0.735820 -0.478762,
			0.478870 -0.735622 -0.479107,
			0.584490 -0.736627 -0.340222,
			-0.584164 -0.736828 -0.340348,
			0.652853 -0.737233 -0.173983,
			-0.652857 -0.737230 -0.173984,
			0.907061 -0.327073 0.265074,
			-0.907058 -0.327077 0.265076,
			0.043429 -0.721210 -0.691353,
			-0.044100 -0.721736 -0.690762,
			-0.174128 -0.738356 -0.651544,
			0.174127 -0.738358 -0.651542,
			-0.339283 -0.737974 -0.583336,
			0.339282 -0.737975 -0.583335,
			0.478192 -0.736657 -0.478194,
			-0.478192 -0.736657 -0.478194,
			0.583347 -0.737962 -0.339291,
			-0.583347 -0.737962 -0.339290,
			0.651537 -0.738363 -0.174125,
			-0.651536 -0.738364 -0.174124,
			0.048241 -0.692340 -0.719957,
			0.690762 -0.721736 -0.044099,
			0.719926 -0.692372 -0.048240,
			-0.048240 -0.692367 -0.719931,
			-0.690762 -0.721736 -0.044099,
			-0.719948 -0.692349 -0.048242,
			-0.708673 -0.678969 -0.191790,
			-0.634481 -0.678245 -0.370698,
			-0.518084 -0.680573 -0.518083,
			-0.370703 -0.678234 -0.634490,
			-0.191792 -0.678958 -0.708683,
			0.191790 -0.678970 -0.708673,
			0.370697 -0.678245 -0.634482,
			0.518083 -0.680572 -0.518084,
			0.634490 -0.678234 -0.370703,
			0.708683 -0.678958 -0.191793,
			0.044100 -0.721738 -0.690760,
			-0.043429 -0.721209 -0.691355,
			-0.174363 -0.737260 -0.652722,
			0.174362 -0.737264 -0.652717,
			0.043429 -0.721206 -0.691358,
			0.339987 -0.736958 -0.584210,
			-0.339987 -0.736957 -0.584212,
			0.478871 -0.735620 -0.479109,
			-0.478910 -0.735822 -0.478760,
			0.584490 -0.736628 -0.340222,
			-0.584164 -0.736828 -0.340349,
			0.652854 -0.737232 -0.173983,
			-0.652856 -0.737230 -0.173984,
			0.907060 -0.327073 0.265077,
			-0.907059 -0.327077 0.265073,
			-0.044101 -0.721730 -0.690768,
			-0.174123 -0.738371 -0.651529,
			-0.339289 -0.737963 -0.583346,
			-0.478192 -0.736657 -0.478194,
			-0.583335 -0.737975 -0.339283,
			-0.651545 -0.738356 -0.174127,
			-0.690759 -0.721739 -0.044100,
			-0.045926 -0.693055 -0.719420,
			-0.719448 -0.693026 -0.045930,
			-0.189715 -0.678302 -0.709869,
			-0.369270 -0.678639 -0.634892,
			-0.709858 -0.678314 -0.189713,
			-0.634887 -0.678647 -0.369266,
			-0.518619 -0.679756 -0.518619,
			-0.045926 0.693048 -0.719427,
			0.043162 -0.693959 -0.718720,
			-0.189715 0.678303 -0.709869,
			-0.369271 0.678638 -0.634893,
			-0.518619 0.679756 -0.518619,
			-0.634887 0.678647 -0.369266,
			-0.709857 0.678315 -0.189713,
			-0.719454 0.693020 -0.045930,
			0.583335 0.737975 -0.339283,
			0.651544 0.738357 -0.174127,
			0.690754 0.721744 -0.044100,
			0.045926 0.693055 -0.719421,
			0.719454 0.693020 -0.045930,
			0.189715 0.678303 -0.709869,
			0.369270 0.678639 -0.634893,
			0.044101 0.721729 -0.690770,
			0.174125 0.738366 -0.651534,
			0.339288 0.737966 -0.583344,
			0.478190 0.736660 -0.478191,
			0.044100 0.721734 -0.690764,
			0.174127 0.738358 -0.651542,
			-0.174127 0.738358 -0.651542,
			-0.044100 0.721736 -0.690762,
			0.033553 0.718126 -0.695104,
			-0.583335 0.737975 -0.339283,
			-0.478189 0.736660 -0.478191,
			-0.339288 0.737966 -0.583344,
			-0.174125 0.738366 -0.651534,
			-0.044101 0.721731 -0.690768,
			-0.690754 0.721744 -0.044100,
			-0.651544 0.738357 -0.174127,
			0.033553 0.718126 -0.695103,
			0.140765 0.732981 -0.665525,
			-0.140765 0.732981 -0.665525,
			-0.283147 0.730945 -0.620924,
			0.283148 0.730944 -0.620926,
			-0.402832 0.727477 -0.555430,
			0.402832 0.727478 -0.555429,
			-0.500683 0.731668 -0.462578,
			0.500650 0.731337 -0.463137,
			-0.033553 0.718128 -0.695101,
			-0.339283 0.737975 -0.583336,
			0.339283 0.737974 -0.583336,
			-0.478192 0.736656 -0.478194,
			0.478192 0.736657 -0.478194,
			-0.583348 0.737961 -0.339291,
			0.583347 0.737962 -0.339291,
			-0.651536 0.738364 -0.174125,
			0.651535 0.738365 -0.174124,
			-0.048239 0.692365 -0.719933,
			0.048239 0.692369 -0.719929,
			0.690753 0.721745 -0.044100,
			0.719955 0.692342 -0.048241,
			0.191793 0.678953 -0.708687,
			0.370702 0.678236 -0.634488,
			0.708677 0.678964 -0.191791,
			0.634479 0.678247 -0.370697,
			0.518084 0.680572 -0.518083,
			-0.191793 0.678953 -0.708687,
			-0.719955 0.692342 -0.048241,
			-0.690753 0.721745 -0.044100,
			-0.370701 0.678239 -0.634486,
			-0.518083 0.680572 -0.518084,
			-0.634481 0.678245 -0.370699,
			-0.708677 0.678964 -0.191791,
			0.140765 0.732981 -0.665526,
			-0.140765 0.732981 -0.665525,
			-0.033553 0.718128 -0.695101,
			-0.283147 0.730945 -0.620925,
			0.283147 0.730944 -0.620926,
			-0.402833 0.727478 -0.555430,
			0.402832 0.727477 -0.555430,
			-0.500684 0.731667 -0.462579,
			0.500650 0.731337 -0.463136,
			0.709857 0.678315 -0.189713,
			0.634887 0.678646 -0.369266,
			0.518619 0.679756 -0.518620,
			-0.043162 -0.693959 -0.718720,
			-0.184131 -0.678721 -0.710939,
			-0.367234 -0.677818 -0.636947,
			-0.526068 -0.678088 -0.513274,
			-0.634358 -0.682526 -0.362971,
			-0.704195 -0.682483 -0.195772,
			-0.719961 -0.692127 -0.051158,
			-0.713484 -0.698199 -0.058813,
			-0.247876 -0.239982 -0.938598,
			-0.334155 -0.347191 -0.876241,
			-0.442928 -0.423745 -0.790098,
			-0.501960 -0.495926 -0.708586,
			-0.573419 -0.596164 -0.561942,
			-0.668120 -0.641199 -0.377466,
			-0.680519 -0.705156 -0.199122,
			0.719961 -0.692127 -0.051158,
			0.184131 -0.678721 -0.710939,
			0.367234 -0.677818 -0.636947,
			0.524714 -0.678966 -0.513499,
			0.634269 -0.683305 -0.361658,
			0.704195 -0.682483 -0.195772,
			-0.568362 0.728804 -0.381850,
			-0.614066 0.717767 -0.328227,
			-0.650251 0.712111 -0.264711,
			-0.673711 0.693583 -0.255062,
			-0.228540 0.935222 -0.270425,
			-0.301496 0.904538 0.301516,
			-0.683304 0.293543 -0.668527,
			-0.682082 0.435962 -0.587113,
			-0.682320 0.558046 -0.472255,
			-0.682784 0.649404 -0.334785,
			0.301500 0.904536 0.301515,
			0.301494 0.904539 0.301514,
			-0.301500 0.904536 0.301515,
			-0.228541 0.935221 -0.270426,
			0.228541 0.935222 -0.270425,
			0.228541 0.935221 -0.270425,
			0.683303 0.293543 -0.668528,
			0.682083 0.435962 -0.587112,
			0.682319 0.558047 -0.472255,
			0.682784 0.649404 -0.334785,
			0.673713 0.693581 -0.255062,
			-0.683304 0.293543 -0.668527,
			-0.682082 0.435962 -0.587113,
			-0.682320 0.558046 -0.472255,
			-0.673711 0.693583 -0.255062,
			-0.682784 0.649404 -0.334785,
			-0.650250 0.712112 -0.264712,
			0.650251 0.712111 -0.264711,
			-0.614067 0.717766 -0.328227,
			0.614064 0.717769 -0.328227,
			-0.568362 0.728804 -0.381850,
			0.568886 0.728488 -0.381673,
			0.683303 0.293543 -0.668528,
			0.682083 0.435962 -0.587112,
			0.682319 0.558047 -0.472255,
			0.682784 0.649404 -0.334785,
			0.673713 0.693581 -0.255062,
			0.568885 0.728489 -0.381672,
			0.614065 0.717768 -0.328227,
			0.650250 0.712111 -0.264713,
			-0.689297 0.047496 0.722921,
			-0.655004 0.173577 0.735419,
			-0.584990 0.333469 0.739314,
			-0.477612 0.477613 0.737409,
			-0.333465 0.584984 0.739321,
			-0.173575 0.654997 0.735426,
			-0.047496 0.689309 0.722909,
			0.047495 0.689313 0.722905,
			0.173575 0.654997 0.735426,
			-0.689305 -0.047495 0.722912,
			0.709534 0.189810 0.678627,
			-0.655004 -0.173577 0.735419,
			0.635567 0.367624 0.678901,
			-0.584988 -0.333467 0.739317,
			0.519095 0.519092 0.679032,
			-0.477613 -0.477612 0.737409,
			0.367629 0.635566 0.678900,
			-0.333467 -0.584986 0.739318,
			0.189814 0.709552 0.678607,
			-0.173575 -0.654996 0.735426,
			-0.047496 -0.689309 0.722909,
			0.047495 -0.689313 0.722905,
			0.173575 -0.654996 0.735426,
			0.333465 -0.584983 0.739321,
			0.477612 -0.477613 0.737409,
			0.584990 -0.333469 0.739314,
			0.655004 -0.173577 0.735419,
			0.689304 -0.047495 0.722913,
			0.689297 0.047496 0.722920,
			0.655004 0.173577 0.735419,
			0.584988 0.333467 0.739317,
			0.477613 0.477612 0.737409,
			0.333467 0.584986 0.739318,
			0.617031 -0.031147 -0.786322,
			0.724217 -0.191250 -0.662521,
			0.739959 -0.348786 -0.575160,
			0.729213 -0.464935 -0.502079,
			0.733184 -0.558313 -0.388236,
			0.730295 -0.634824 -0.252324,
			0.727335 -0.673843 -0.130075,
			0.651861 0.174381 0.738017,
			0.584414 0.338041 0.737691,
			0.477512 0.477515 0.737537,
			0.338037 0.584416 0.737692,
			0.174376 0.651844 0.738033,
			-0.062617 -0.924487 0.376036,
			0.062919 -0.924321 0.376393,
			-0.026004 -0.395456 0.918117,
			0.026633 -0.396024 0.917854,
			0.397165 -0.106050 0.911599,
			0.396006 -0.026632 0.917862,
			0.678594 -0.281070 0.678609,
			0.577368 -0.577290 0.577393,
			0.301514 -0.301514 0.904532,
			-0.301511 -0.301512 0.904534,
			0.301511 -0.301511 0.904534,
			0.577353 -0.577348 0.577350,
			-0.577351 -0.577354 0.577346,
			-0.301511 -0.301512 0.904534,
			0.301511 -0.301511 0.904534,
			-0.301511 -0.301512 0.904534,
			-0.577351 -0.577354 0.577346,
			0.577353 -0.577348 0.577350,
			-0.577351 -0.577354 0.577346,
			0.577353 -0.577348 0.577350,
			0.301511 -0.301511 0.904534,
			-0.301511 -0.301512 0.904534,
			0.301511 -0.301511 0.904534,
			0.577353 -0.577348 0.577350,
			-0.577351 -0.577354 0.577346,
			-0.301511 -0.301512 0.904534,
			0.301511 -0.301511 0.904534,
			-0.301511 -0.301512 0.904534,
			-0.577351 -0.577354 0.577346,
			0.577353 -0.577348 0.577350,
			-0.577351 -0.577354 0.577346,
			0.577353 -0.577348 0.577350,
			0.301511 -0.301511 0.904534,
			-0.301511 -0.301512 0.904534,
			0.301511 -0.301511 0.904534,
			-0.301511 -0.301512 0.904534,
			-0.577351 -0.577354 0.577346,
			0.577353 -0.577348 0.577350,
			-0.577351 -0.577354 0.577346,
			0.577353 -0.577348 0.577350,
			0.301511 -0.301511 0.904534,
			-0.301511 -0.301512 0.904534,
			0.301511 -0.301511 0.904534,
			0.577353 -0.577348 0.577350,
			-0.577351 -0.577354 0.577346,
			-0.301511 -0.301512 0.904534,
			0.301511 -0.301511 0.904534,
			-0.301511 -0.301512 0.904534,
			-0.577351 -0.577354 0.577346,
			0.577353 -0.577348 0.577350,
			-0.577351 -0.577354 0.577346,
			0.577353 -0.577348 0.577350,
			0.301511 -0.301511 0.904534,
			-0.301514 -0.301515 0.904532,
			-0.577368 -0.577290 0.577393,
			-0.678594 -0.281070 0.678609,
			-0.395436 -0.026002 0.918125,
			-0.395875 -0.105449 0.912230,
			-0.353096 -0.205304 0.912783,
			-0.288063 -0.288333 0.913172,
			-0.205561 -0.353152 0.912704,
			-0.105447 -0.395869 0.912233,
			0.106049 -0.397159 0.911602,
			0.204952 -0.354234 0.912422,
			0.288334 -0.288062 0.913172,
			0.354297 -0.205212 0.912339,
			0.396599 0.104988 0.911969,
			0.353151 0.205561 0.912704,
			0.396018 0.026633 0.917856,
			0.288324 0.288324 0.913093,
			0.205213 0.354297 0.912338,
			0.106051 0.397165 0.911599,
			0.026632 0.396013 0.917859,
			0.678589 0.281072 0.678613,
			0.577364 0.577292 0.577395,
			0.577347 0.577356 0.577347,
			-0.577350 0.577350 0.577352,
			0.301513 0.301512 0.904533,
			-0.301514 0.301511 0.904533,
			-0.026003 0.395443 0.918122,
			0.301513 0.301512 0.904533,
			-0.301514 0.301511 0.904533,
			0.301513 0.301512 0.904533,
			-0.105449 0.395875 0.912230,
			-0.395448 0.026003 0.918120,
			-0.678589 0.281072 0.678613,
			-0.577364 0.577292 0.577395,
			-0.205305 0.353096 0.912783,
			-0.288073 0.288072 0.913252,
			-0.354234 0.204952 0.912422,
			-0.396430 0.106508 0.911866,
			-0.301517 0.301514 0.904531,
			0.301513 0.301512 0.904533,
			-0.301514 0.301511 0.904533,
			-0.577350 0.577350 0.577352,
			0.577347 0.577356 0.577347,
			0.301513 0.301512 0.904533,
			-0.301514 0.301511 0.904533,
			0.301513 0.301512 0.904533,
			0.577347 0.577356 0.577347,
			-0.577349 0.577350 0.577352,
			0.577347 0.577356 0.577347,
			-0.577349 0.577350 0.577352,
			-0.301514 0.301511 0.904533,
			0.301513 0.301512 0.904533,
			-0.301514 0.301511 0.904533,
			-0.577349 0.577350 0.577352,
			0.577347 0.577356 0.577347,
			0.577347 0.577356 0.577347,
			-0.577350 0.577350 0.577352,
			0.577347 0.577356 0.577347,
			-0.577350 0.577350 0.577352,
			-0.301514 0.301511 0.904533,
			0.301513 0.301512 0.904533,
			-0.301514 0.301511 0.904533,
			-0.577349 0.577350 0.577352,
			0.577347 0.577356 0.577347,
			0.301513 0.301512 0.904533,
			-0.301514 0.301511 0.904533,
			0.301513 0.301512 0.904533,
			0.577347 0.577356 0.577347,
			-0.577349 0.577350 0.577352,
			0.577347 0.577356 0.577347,
			-0.577349 0.577350 0.577352,
			-0.301514 0.301511 0.904533,
			0.301513 0.301512 0.904533,
			-0.301514 0.301511 0.904533,
			-0.577350 0.577350 0.577352,
			0.577347 0.577356 0.577347,
			0.301517 0.301515 0.904531,
			0.237964 -0.897095 0.372281,
			0.459734 -0.806340 0.372103,
			0.656213 -0.656080 0.372752,
			0.806261 -0.459789 0.372207,
			0.897095 -0.237963 0.372281,
			0.924324 -0.062921 0.376385,
			0.924324 0.062919 0.376387,
			0.686539 0.610139 0.395468,
			0.686531 -0.610148 0.395469,
			-0.686531 -0.610148 0.395469,
			-0.407043 -0.734518 0.542953,
			-0.520859 -0.732871 0.437729,
			-0.605617 -0.736923 0.300288,
			-0.605615 -0.736925 -0.300286,
			-0.664254 -0.731531 -0.153715,
			-0.301518 -0.904528 0.301522,
			-0.691534 -0.721104 -0.042304,
			-0.691522 -0.721115 0.042303,
			-0.664265 -0.731521 0.153718,
			-0.301511 -0.904533 0.301516,
			0.301510 -0.904535 0.301510,
			-0.524323 -0.701842 0.482186,
			-0.598905 -0.721714 0.347047,
			-0.644445 -0.684840 0.340125,
			0.301510 -0.904535 0.301510,
			-0.301511 -0.904533 0.301515,
			0.301510 -0.904535 0.301510,
			-0.301511 -0.904533 0.301515,
			0.301510 -0.904535 0.301510,
			-0.301511 -0.904533 0.301515,
			0.301510 -0.904535 0.301510,
			-0.301511 -0.904533 0.301516,
			0.301510 -0.904535 0.301510,
			-0.301511 -0.904533 0.301516,
			0.486719 -0.710554 0.508151,
			0.301510 -0.904535 0.301510,
			-0.301511 -0.904533 0.301515,
			0.301510 -0.904535 0.301510,
			-0.301511 -0.904533 0.301515,
			0.301510 -0.904535 0.301510,
			-0.301511 -0.904533 0.301515,
			0.301510 -0.904535 0.301510,
			-0.301511 -0.904533 0.301516,
			0.301510 -0.904535 0.301510,
			-0.301511 -0.904533 0.301516,
			0.301518 -0.904530 0.301518,
			0.623274 -0.693159 0.362022,
			0.652679 -0.698201 0.294152,
			0.664260 -0.731526 0.153717,
			0.691525 -0.721113 0.042303,
			0.691531 -0.721107 -0.042303,
			0.664259 -0.731526 -0.153717,
			0.605614 -0.736925 -0.300287,
			0.407045 -0.734516 0.542955,
			0.520857 -0.732873 0.437727,
			0.605620 -0.736920 0.300289,
			0.520852 -0.732880 -0.437723,
			0.715309 -0.698224 0.028564,
			0.672701 -0.699084 0.242396,
			0.712956 -0.694119 0.099462,
			0.696310 -0.694692 0.180432,
			0.407043 -0.734519 -0.542952,
			0.686539 -0.610138 -0.395469,
			-0.672688 -0.699098 0.242390,
			-0.715312 -0.698221 0.028565,
			-0.520853 -0.732880 -0.437722,
			-0.407046 -0.734515 -0.542956,
			-0.696310 -0.694691 0.180433,
			-0.712956 -0.694119 0.099463,
			-0.686538 -0.610141 -0.395465,
			-0.686539 0.610139 0.395468,
			-0.924487 0.062618 0.376035,
			-0.924488 -0.062619 0.376033,
			-0.897457 -0.237933 0.371428,
			-0.806311 -0.460197 0.371593,
			-0.656080 -0.656213 0.372752,
			-0.460254 -0.806231 0.371696,
			-0.237933 -0.897457 0.371429,
			-0.062617 0.924486 0.376037,
			-0.237933 0.897457 0.371428,
			-0.460198 0.806310 0.371593,
			-0.656181 0.656180 0.372633,
			-0.806340 0.459733 0.372105,
			-0.897155 0.238288 0.371931,
			0.062919 0.924321 0.376392,
			0.897398 0.237609 0.371779,
			0.806231 0.460254 0.371695,
			0.656112 0.656113 0.372870,
			0.459790 0.806260 0.372206,
			0.237964 0.897095 0.372281,
			-0.407044 0.734519 0.542952,
			-0.520855 0.732876 0.437725,
			-0.605622 0.736918 0.300290,
			-0.664260 0.731526 0.153716,
			-0.691526 0.721111 0.042303,
			-0.691530 0.721108 -0.042303,
			-0.301520 0.904529 0.301517,
			-0.664259 0.731526 -0.153717,
			-0.605614 0.736925 -0.300287,
			-0.520852 0.732879 -0.437723,
			-0.715306 0.698227 0.028564,
			-0.672701 0.699084 0.242396,
			-0.712956 0.694119 0.099462,
			-0.696310 0.694692 0.180432,
			-0.407043 0.734519 -0.542952,
			-0.686542 0.610135 -0.395467,
			-0.652679 0.698201 0.294152,
			-0.623274 0.693159 0.362022,
			-0.486719 0.710554 0.508151,
			0.301513 0.904532 0.301515,
			-0.301513 0.904534 0.301510,
			0.524323 0.701842 0.482186,
			0.301514 0.904532 0.301515,
			-0.301513 0.904534 0.301510,
			0.301513 0.904532 0.301515,
			0.598904 0.721714 0.347047,
			0.301520 0.904528 0.301522,
			-0.301513 0.904534 0.301510,
			0.301513 0.904532 0.301515,
			0.644445 0.684841 0.340125,
			0.672688 0.699098 0.242390,
			0.715309 0.698224 0.028565,
			0.712956 0.694119 0.099462,
			0.696310 0.694691 0.180433,
			0.686542 0.610138 -0.395464,
			0.407046 0.734515 -0.542956,
			0.520853 0.732879 -0.437722,
			0.605615 0.736925 -0.300286,
			0.664254 0.731531 -0.153716,
			0.691532 0.721106 -0.042304,
			0.691524 0.721114 0.042303,
			0.664265 0.731521 0.153718,
			0.605619 0.736920 0.300290,
			0.520856 0.732873 0.437727,
			0.407042 0.734521 0.542951,
			-0.301513 0.904534 0.301510,
			0.301513 0.904532 0.301515,
			-0.301513 0.904534 0.301510,
			0.301513 0.904532 0.301515,
			-0.301513 0.904534 0.301510,
			0.301513 0.904532 0.301515,
			-0.301513 0.904534 0.301510,
			-0.301513 0.904534 0.301510,
			0.301513 0.904532 0.301515,
			-0.301513 0.904534 0.301510,
			0.301513 0.904532 0.301515,
			-0.301513 0.904534 0.301510,
			0.301513 0.904532 0.301515,
			-0.301513 0.904534 0.301510,
			0.301513 0.904532 0.301515,
			-0.577347 0.577349 0.577355,
			-0.577354 -0.577348 0.577349,
			0.577350 0.577350 0.577350,
			0.577350 -0.577347 0.577354,
			-0.577347 0.577349 0.577355,
			-0.577354 -0.577348 0.577349,
			0.577350 0.577350 0.577350,
			0.577350 -0.577347 0.577354,
			-0.577347 0.577349 0.577355,
			-0.577354 -0.577348 0.577349,
			0.577350 0.577350 0.577350,
			0.577350 -0.577347 0.577353,
			-0.577347 0.577349 0.577355,
			-0.577354 -0.577348 0.577349,
			0.577350 0.577350 0.577350,
			0.577350 -0.577347 0.577353,
			-0.577347 0.577349 0.577355,
			-0.577354 -0.577348 0.577349,
			0.577350 0.577350 0.577350,
			0.577350 -0.577347 0.577353,
			-0.577347 0.577349 0.577355,
			-0.577354 -0.577348 0.577349,
			0.577350 0.577350 0.577350,
			0.577350 -0.577347 0.577354,
			-0.577347 0.577349 0.577355,
			-0.577354 -0.577348 0.577349,
			0.577350 0.577350 0.577350,
			0.577350 -0.577347 0.577354,
			-0.577347 0.577349 0.577355,
			-0.577354 -0.577348 0.577349,
			0.577350 0.577350 0.577350,
			0.577350 -0.577347 0.577353,
			-0.577347 0.577349 0.577355,
			-0.577354 -0.577348 0.577349,
			0.577350 0.577350 0.577350,
			0.577350 -0.577347 0.577353,
			-0.577347 0.577349 0.577355,
			-0.577354 -0.577348 0.577349,
			0.577350 0.577350 0.577350,
			0.577350 -0.577347 0.577353,
			-0.577347 0.577349 0.577355,
			-0.577354 -0.577348 0.577349,
			0.577350 0.577350 0.577350,
			0.577350 -0.577347 0.577354,
			-0.577347 0.577349 0.577355,
			-0.577354 -0.577348 0.577349,
			0.577350 0.577350 0.577350,
			0.577350 -0.577347 0.577354,
			0.912081 0.408161 0.038889,
			0.912084 -0.408156 0.038892,
			0.623832 0.721871 0.299559,
			0.623836 -0.721867 0.299560,
			0.417728 -0.392392 0.819471,
			0.509619 -0.404902 0.759173,
			0.552232 -0.732978 0.397219,
			0.449529 -0.730645 0.513889,
			0.344962 -0.383368 0.856756,
			0.310259 -0.734791 0.603177,
			0.268173 -0.384450 0.883336,
			0.202513 -0.365726 0.908423,
			0.159085 -0.727709 0.667182,
			0.101365 -0.359782 0.927514,
			0.041165 -0.719793 0.692967,
			0.024515 -0.370280 0.928597,
			-0.509619 -0.404902 0.759173,
			-0.024515 -0.370279 0.928597,
			-0.101365 -0.359782 0.927514,
			-0.202513 -0.365726 0.908423,
			-0.268173 -0.384450 0.883335,
			-0.344962 -0.383368 0.856756,
			-0.417728 -0.392392 0.819471,
			-0.041165 -0.719793 0.692967,
			-0.159085 -0.727709 0.667182,
			-0.310259 -0.734790 0.603177,
			-0.449529 -0.730645 0.513889,
			-0.552232 -0.732978 0.397219,
			-0.623832 -0.721871 0.299559,
			-0.912081 -0.408161 0.038889,
			-0.912084 0.408156 0.038892,
			-0.623836 0.721867 0.299560,
			-0.417728 0.392392 0.819471,
			-0.509619 0.404902 0.759172,
			-0.552232 0.732978 0.397219,
			-0.449529 0.730645 0.513889,
			-0.344962 0.383368 0.856756,
			-0.310259 0.734791 0.603177,
			-0.268173 0.384450 0.883335,
			-0.202513 0.365726 0.908423,
			-0.159084 0.727709 0.667181,
			-0.101365 0.359782 0.927514,
			-0.041165 0.719793 0.692967,
			-0.024515 0.370280 0.928596,
			0.509619 0.404902 0.759173,
			0.024515 0.370280 0.928597,
			0.101365 0.359782 0.927514,
			0.202513 0.365726 0.908423,
			0.268173 0.384450 0.883335,
			0.344961 0.383368 0.856756,
			0.417728 0.392392 0.819471,
			0.041165 0.719793 0.692967,
			0.159084 0.727709 0.667181,
			0.310259 0.734791 0.603177,
			0.449529 0.730645 0.513889,
			0.552232 0.732978 0.397219,
			-0.301510 -0.301510 0.904535,
			0.301511 -0.301511 0.904534,
			0.301501 0.301511 0.904538,
			-0.301503 0.301512 0.904537,
			0.685871 -0.559968 -0.464777,
			0.651507 -0.693653 0.307220,
			0.594685 -0.680745 0.427711,
			0.475240 -0.681409 0.556623,
			0.337934 -0.683966 0.646523,
			0.176714 -0.678573 0.712959,
			0.039769 -0.694864 0.718040,
			-0.577335 -0.577362 0.577354,
			0.577337 -0.577363 0.577351,
			-0.039769 -0.694860 0.718045,
			-0.176713 -0.678579 0.712954,
			-0.337933 -0.683966 0.646523,
			-0.475239 -0.681409 0.556624,
			-0.594689 -0.680740 0.427713,
			-0.651512 -0.693648 0.307220,
			-0.685851 -0.559974 -0.464799,
			-0.577349 0.577357 0.577345,
			0.039769 0.694860 0.718044,
			0.176713 0.678579 0.712953,
			0.337933 0.683966 0.646523,
			0.475239 0.681409 0.556623,
			0.594689 0.680740 0.427713,
			0.651512 0.693648 0.307220,
			0.685851 0.559974 -0.464799,
			-0.685871 0.559968 -0.464777,
			-0.651507 0.693653 0.307219,
			-0.594685 0.680745 0.427710,
			-0.475240 0.681409 0.556622,
			-0.337934 0.683966 0.646523,
			-0.176714 0.678574 0.712959,
			-0.039769 0.694865 0.718040,
			0.577348 0.577356 0.577347,
			-0.693387 -0.719173 0.044774,
			-0.683251 -0.710235 0.169512,
			-0.679729 -0.653605 0.332819,
			-0.577338 0.577349 -0.577364,
			-0.577348 -0.577355 -0.577348,
			-0.681367 -0.551936 0.480735,
			0.681384 -0.551924 0.480724,
			0.679729 -0.653604 0.332823,
			0.683234 -0.710251 0.169516,
			0.693393 -0.719167 0.044773,
			0.577351 -0.577351 -0.577349,
			0.577331 0.577360 -0.577360,
			-0.577348 -0.577355 -0.577348,
			-0.693387 -0.719173 0.044774,
			-0.577338 0.577349 -0.577364,
			-0.683251 -0.710235 0.169512,
			-0.679729 -0.653605 0.332819,
			-0.681367 -0.551936 0.480735,
			0.577331 0.577360 -0.577360,
			0.577351 -0.577351 -0.577349,
			0.693393 -0.719167 0.044773,
			0.683234 -0.710251 0.169516,
			0.679729 -0.653604 0.332823,
			0.681384 -0.551924 0.480724,
			-0.577348 -0.577355 -0.577348,
			-0.693387 -0.719173 0.044774,
			-0.577338 0.577349 -0.577365,
			-0.683251 -0.710235 0.169512,
			-0.679729 -0.653605 0.332819,
			-0.681367 -0.551936 0.480735,
			0.577331 0.577360 -0.577360,
			0.577351 -0.577351 -0.577349,
			0.693393 -0.719167 0.044773,
			0.683234 -0.710251 0.169516,
			0.679729 -0.653604 0.332823,
			0.681384 -0.551924 0.480724,
			-0.577348 -0.577355 -0.577348,
			-0.693387 -0.719173 0.044774,
			-0.577338 0.577349 -0.577365,
			-0.683251 -0.710235 0.169512,
			-0.679729 -0.653605 0.332819,
			-0.681367 -0.551936 0.480735,
			0.577331 0.577360 -0.577360,
			0.577351 -0.577351 -0.577349,
			0.693393 -0.719167 0.044773,
			0.683234 -0.710251 0.169516,
			0.679729 -0.653604 0.332823,
			0.681384 -0.551924 0.480724,
			-0.577348 -0.577355 -0.577348,
			-0.693387 -0.719173 0.044774,
			-0.577338 0.577349 -0.577365,
			-0.683251 -0.710235 0.169512,
			-0.679729 -0.653605 0.332819,
			-0.681367 -0.551936 0.480735,
			0.577331 0.577360 -0.577360,
			0.577351 -0.577351 -0.577349,
			0.693393 -0.719167 0.044773,
			0.683234 -0.710251 0.169516,
			0.679729 -0.653604 0.332823,
			0.681384 -0.551924 0.480724,
			-0.577348 -0.577355 -0.577348,
			-0.693387 -0.719173 0.044774,
			-0.577338 0.577349 -0.577365,
			-0.683251 -0.710235 0.169512,
			-0.679729 -0.653606 0.332819,
			-0.681367 -0.551936 0.480734,
			0.577331 0.577360 -0.577360,
			0.577351 -0.577351 -0.577349,
			0.693393 -0.719167 0.044773,
			0.683234 -0.710251 0.169516,
			0.679729 -0.653604 0.332823,
			0.681384 -0.551924 0.480724,
			-0.577348 -0.577355 -0.577348,
			-0.693387 -0.719173 0.044774,
			-0.577338 0.577349 -0.577365,
			-0.683251 -0.710235 0.169512,
			-0.679729 -0.653606 0.332819,
			-0.681367 -0.551936 0.480734,
			0.577331 0.577360 -0.577360,
			0.577351 -0.577351 -0.577349,
			0.693393 -0.719167 0.044773,
			0.683234 -0.710251 0.169516,
			0.679729 -0.653604 0.332823,
			0.681384 -0.551924 0.480724,
			-0.577348 -0.577355 -0.577348,
			-0.693387 -0.719173 0.044774,
			-0.577338 0.577349 -0.577365,
			-0.683251 -0.710235 0.169512,
			-0.679729 -0.653605 0.332819,
			-0.681367 -0.551936 0.480735,
			0.577331 0.577360 -0.577360,
			0.577351 -0.577351 -0.577349,
			0.693393 -0.719167 0.044773,
			0.683234 -0.710251 0.169516,
			0.679729 -0.653604 0.332823,
			0.681384 -0.551924 0.480724,
			-0.577348 -0.577355 -0.577348,
			-0.693387 -0.719173 0.044774,
			-0.577338 0.577349 -0.577365,
			-0.683251 -0.710235 0.169512,
			-0.679729 -0.653605 0.332819,
			-0.681367 -0.551936 0.480735,
			0.577331 0.577360 -0.577360,
			0.577351 -0.577351 -0.577349,
			0.693393 -0.719167 0.044773,
			0.683234 -0.710251 0.169516,
			0.679729 -0.653604 0.332823,
			0.681384 -0.551924 0.480724,
			-0.577348 -0.577355 -0.577348,
			-0.693387 -0.719173 0.044774,
			-0.577338 0.577349 -0.577365,
			-0.683251 -0.710235 0.169512,
			-0.679729 -0.653605 0.332819,
			-0.681367 -0.551936 0.480735,
			0.577331 0.577360 -0.577360,
			0.577351 -0.577351 -0.577349,
			0.693393 -0.719167 0.044773,
			0.683234 -0.710251 0.169516,
			0.679729 -0.653604 0.332823,
			0.681384 -0.551924 0.480724,
			-0.577348 -0.577355 -0.577348,
			-0.693387 -0.719173 0.044774,
			-0.577338 0.577349 -0.577364,
			-0.683251 -0.710235 0.169512,
			-0.679729 -0.653605 0.332819,
			-0.681367 -0.551936 0.480735,
			0.577331 0.577360 -0.577360,
			0.577351 -0.577351 -0.577349,
			0.693393 -0.719167 0.044773,
			0.683234 -0.710251 0.169516,
			0.679729 -0.653604 0.332823,
			0.681384 -0.551924 0.480724,
			0.967097 -0.254409 0.000000,
			0.933519 -0.254415 0.252619,
			0.836221 -0.252358 0.486877,
			0.684685 -0.249821 0.684687,
			0.487051 -0.252149 0.836183,
			0.252470 -0.254195 0.933619,
			-0.000019 -0.254430 0.967091,
			-0.252597 -0.254448 0.933515,
			-0.487738 -0.253922 0.835246,
			-0.684111 -0.252949 0.684112,
			-0.835210 -0.253711 0.487908,
			-0.933617 -0.254227 0.252443,
			-0.967086 -0.254451 0.000000,
			0.529759 -0.848148 -0.000000,
			0.510632 -0.848728 0.137535,
			0.460179 -0.849489 0.258076,
			0.378131 -0.845005 0.378132,
			0.258217 -0.849661 0.459782,
			0.137160 -0.848890 0.510463,
			-0.000040 -0.848124 0.529798,
			-0.137506 -0.848708 0.510672,
			-0.260960 -0.848338 0.460676,
			-0.380812 -0.842593 0.380813,
			-0.460299 -0.848496 0.261113,
			-0.510496 -0.848875 0.137129,
			-0.529828 -0.848105 -0.000000,
			-0.510671 -0.848710 -0.137504,
			-0.460689 -0.848329 -0.260968,
			-0.381122 -0.843804 -0.377812,
			-0.258073 -0.849497 -0.460167,
			-0.137506 -0.848707 -0.510674,
			-0.000039 -0.848125 -0.529796,
			0.137161 -0.848888 -0.510467,
			0.261107 -0.848505 -0.460285,
			0.377813 -0.843799 -0.381130,
			0.459791 -0.849655 -0.258223,
			0.510456 -0.848895 -0.137157,
			-0.529828 -0.848105 -0.000000,
			-0.510671 -0.848710 -0.137504,
			-0.510496 -0.848875 0.137129,
			-0.460299 -0.848496 0.261113,
			-0.460689 -0.848329 -0.260968,
			-0.380812 -0.842593 0.380813,
			-0.381122 -0.843804 -0.377812,
			-0.260960 -0.848338 0.460676,
			-0.258073 -0.849497 -0.460167,
			-0.137506 -0.848708 0.510672,
			-0.137505 -0.848707 -0.510674,
			-0.000040 -0.848124 0.529798,
			-0.000039 -0.848125 -0.529796,
			0.137160 -0.848891 0.510462,
			0.137161 -0.848888 -0.510467,
			0.258217 -0.849661 0.459782,
			0.261107 -0.848505 -0.460285,
			0.378131 -0.845005 0.378132,
			0.377813 -0.843799 -0.381130,
			0.460179 -0.849489 0.258076,
			0.459791 -0.849655 -0.258223,
			0.510632 -0.848728 0.137535,
			0.510456 -0.848895 -0.137157,
			0.529759 -0.848148 -0.000000,
			-0.933517 -0.254447 -0.252594,
			-0.835245 -0.253921 -0.487739,
			-0.685275 -0.251385 -0.683523,
			-0.486879 -0.252358 -0.836220,
			-0.252593 -0.254446 -0.933517,
			-0.000018 -0.254430 -0.967091,
			0.252467 -0.254195 -0.933620,
			0.487910 -0.253713 -0.835209,
			0.683523 -0.251385 -0.685275,
			0.836183 -0.252150 -0.487051,
			0.933619 -0.254194 -0.252468,
			0.967097 -0.254409 0.000000,
			0.933519 -0.254415 0.252619,
			0.836221 -0.252358 0.486877,
			0.684685 -0.249821 0.684687,
			0.487051 -0.252149 0.836183,
			0.252471 -0.254195 0.933618,
			-0.000018 -0.254430 0.967091,
			-0.252597 -0.254448 0.933516,
			-0.487738 -0.253922 0.835246,
			-0.684111 -0.252949 0.684112,
			-0.835210 -0.253711 0.487908,
			-0.933617 -0.254227 0.252443,
			-0.967086 -0.254451 0.000000,
			-0.933517 -0.254447 -0.252594,
			-0.835246 -0.253921 -0.487739,
			-0.685275 -0.251385 -0.683523,
			-0.486879 -0.252358 -0.836220,
			-0.252593 -0.254446 -0.933517,
			-0.000018 -0.254430 -0.967091,
			0.252467 -0.254195 -0.933619,
			0.487910 -0.253713 -0.835209,
			0.683523 -0.251385 -0.685275,
			0.836183 -0.252150 -0.487051,
			0.933619 -0.254194 -0.252468,
		] }
		normalPerVertex TRUE
		solid TRUE
	}
	appearance Appearance {
		material Material {
			diffuseColor 0.5000 0.5000 0.5000
			transparency 0.0000
			shininess 0.0000
		}
	}
}

Shape # Material: m20-9990345_color_1.004
{
	geometry IndexedFaceSet {
		coord Coordinate { point [
			-2.848000 -1.100000 -1.702040,
			-2.948000 -1.100000 -1.802040,
			-2.667200 -1.100000 -2.082840,
			-2.948000 -1.100000 -2.618040,
			-2.667200 -1.100000 -2.337240,
			-2.848000 -1.100000 -2.718040,
			-2.232000 -1.100000 -2.718040,
			-2.412800 -1.100000 -2.337240,
			-2.132000 -1.100000 -2.618040,
			-2.132000 -1.100000 -1.802040,
			-2.412800 -1.100000 -2.082840,
			-2.232000 -1.100000 -1.702040,
			-3.048000 -1.000000 -1.902040,
			-3.048000 -1.000000 -2.518040,
			-3.048000 -0.424000 -2.518040,
			-2.848000 -0.324000 -2.718040,
			-2.948000 -0.324000 -2.618040,
			-2.232000 -0.324000 -2.718040,
			-2.232000 -0.324000 -2.518040,
			-2.848000 -0.324000 -1.702040,
			-2.848000 -0.324000 -1.902040,
			-2.232000 -0.324000 -1.702040,
			-2.232000 -0.324000 -1.902040,
			-2.848000 -0.324000 -2.518040,
			-2.948000 -0.324000 -1.802040,
			-2.667200 -0.324000 -2.337240,
			-2.412800 -0.324000 -2.337240,
			-2.412800 -0.324000 -2.082840,
			-2.667200 -0.324000 -2.082840,
			-2.132000 -0.324000 -1.802040,
			-2.132000 -0.324000 -2.618040,
			-3.048000 -0.424000 -1.902040,
			-2.032000 -0.424000 -2.518040,
			-2.032000 -1.000000 -2.518040,
			-2.032000 -1.000000 -1.902040,
			-2.032000 -0.424000 -1.902040,
			-2.667200 -1.100000 -2.204109,
			-2.534069 -1.100000 -2.337240,
			-2.412800 -1.100000 -2.204109,
			-2.534069 -1.100000 -2.082840,
			-2.489813 -0.324000 -2.337240,
			-2.412800 -0.324000 -2.159854,
			-2.489813 -0.324000 -2.082840,
			-2.667200 -0.324000 -2.159854,
			-1.832000 -1.100000 -1.702040,
			-1.932000 -1.100000 -1.802040,
			-1.651200 -1.100000 -2.082840,
			-1.932000 -1.100000 -2.618040,
			-1.651200 -1.100000 -2.337240,
			-1.832000 -1.100000 -2.718040,
			-1.216000 -1.100000 -2.718040,
			-1.396800 -1.100000 -2.337240,
			-1.116000 -1.100000 -2.618040,
			-1.116000 -1.100000 -1.802040,
			-1.396800 -1.100000 -2.082840,
			-1.216000 -1.100000 -1.702040,
			-2.032000 -1.000000 -1.902040,
			-2.032000 -1.000000 -2.518040,
			-2.032000 -0.424000 -2.518040,
			-1.832000 -0.324000 -2.718040,
			-1.932000 -0.324000 -2.618040,
			-1.216000 -0.324000 -2.718040,
			-1.216000 -0.324000 -2.518040,
			-1.832000 -0.324000 -1.702040,
			-1.832000 -0.324000 -1.902040,
			-1.216000 -0.324000 -1.702040,
			-1.216000 -0.324000 -1.902040,
			-1.832000 -0.324000 -2.518040,
			-1.932000 -0.324000 -1.802040,
			-1.651200 -0.324000 -2.337240,
			-1.396800 -0.324000 -2.337240,
			-1.396800 -0.324000 -2.082840,
			-1.651200 -0.324000 -2.082840,
			-1.116000 -0.324000 -1.802040,
			-1.116000 -0.324000 -2.618040,
			-2.032000 -0.424000 -1.902040,
			-1.016000 -0.424000 -2.518040,
			-1.016000 -1.000000 -2.518040,
			-1.016000 -1.000000 -1.902040,
			-1.016000 -0.424000 -1.902040,
			-1.651200 -1.100000 -2.204109,
			-1.518069 -1.100000 -2.337240,
			-1.396800 -1.100000 -2.204109,
			-1.518069 -1.100000 -2.082840,
			-1.473813 -0.324000 -2.337240,
			-1.396800 -0.324000 -2.159854,
			-1.473813 -0.324000 -2.082840,
			-1.651200 -0.324000 -2.159854,
			-0.816000 -1.100000 -1.702040,
			-0.916000 -1.100000 -1.802040,
			-0.635200 -1.100000 -2.082840,
			-0.916000 -1.100000 -2.618040,
			-0.635200 -1.100000 -2.337240,
			-0.816000 -1.100000 -2.718040,
			-0.200000 -1.100000 -2.718040,
			-0.380800 -1.100000 -2.337240,
			-0.100000 -1.100000 -2.618040,
			-0.100000 -1.100000 -1.802040,
			-0.380800 -1.100000 -2.082840,
			-0.200000 -1.100000 -1.702040,
			-1.016000 -1.000000 -1.902040,
			-1.016000 -1.000000 -2.518040,
			-1.016000 -0.424000 -2.518040,
			-0.816000 -0.324000 -2.718040,
			-0.916000 -0.324000 -2.618040,
			-0.200000 -0.324000 -2.718040,
			-0.200000 -0.324000 -2.518040,
			-0.816000 -0.324000 -1.702040,
			-0.816000 -0.324000 -1.902040,
			-0.200000 -0.324000 -1.702040,
			-0.200000 -0.324000 -1.902040,
			-0.816000 -0.324000 -2.518040,
			-0.916000 -0.324000 -1.802040,
			-0.635200 -0.324000 -2.337240,
			-0.380800 -0.324000 -2.337240,
			-0.380800 -0.324000 -2.082840,
			-0.635200 -0.324000 -2.082840,
			-0.100000 -0.324000 -1.802040,
			-0.100000 -0.324000 -2.618040,
			-1.016000 -0.424000 -1.902040,
			0.000000 -0.424000 -2.518040,
			0.000000 -1.000000 -2.518040,
			0.000000 -1.000000 -1.902040,
			0.000000 -0.424000 -1.902040,
			-0.635200 -1.100000 -2.204109,
			-0.502069 -1.100000 -2.337240,
			-0.380800 -1.100000 -2.204109,
			-0.502069 -1.100000 -2.082840,
			-0.457813 -0.324000 -2.337240,
			-0.380800 -0.324000 -2.159854,
			-0.457813 -0.324000 -2.082840,
			-0.635200 -0.324000 -2.159854,
			0.200000 -1.100000 -1.702040,
			0.100000 -1.100000 -1.802040,
			0.380800 -1.100000 -2.082840,
			0.100000 -1.100000 -2.618040,
			0.380800 -1.100000 -2.337240,
			0.200000 -1.100000 -2.718040,
			0.816000 -1.100000 -2.718040,
			0.635200 -1.100000 -2.337240,
			0.916000 -1.100000 -2.618040,
			0.916000 -1.100000 -1.802040,
			0.635200 -1.100000 -2.082840,
			0.816000 -1.100000 -1.702040,
			0.000000 -1.000000 -1.902040,
			0.000000 -1.000000 -2.518040,
			0.000000 -0.424000 -2.518040,
			0.200000 -0.324000 -2.718040,
			0.100000 -0.324000 -2.618040,
			0.816000 -0.324000 -2.718040,
			0.816000 -0.324000 -2.518040,
			0.200000 -0.324000 -1.702040,
			0.200000 -0.324000 -1.902040,
			0.816000 -0.324000 -1.702040,
			0.816000 -0.324000 -1.902040,
			0.200000 -0.324000 -2.518040,
			0.100000 -0.324000 -1.802040,
			0.380800 -0.324000 -2.337240,
			0.635200 -0.324000 -2.337240,
			0.635200 -0.324000 -2.082840,
			0.380800 -0.324000 -2.082840,
			0.916000 -0.324000 -1.802040,
			0.916000 -0.324000 -2.618040,
			0.000000 -0.424000 -1.902040,
			1.016000 -0.424000 -2.518040,
			1.016000 -1.000000 -2.518040,
			1.016000 -1.000000 -1.902040,
			1.016000 -0.424000 -1.902040,
			0.380800 -1.100000 -2.204109,
			0.513931 -1.100000 -2.337240,
			0.635200 -1.100000 -2.204109,
			0.513931 -1.100000 -2.082840,
			0.558187 -0.324000 -2.337240,
			0.635200 -0.324000 -2.159854,
			0.558187 -0.324000 -2.082840,
			0.380800 -0.324000 -2.159854,
			1.216000 -1.100000 -1.702040,
			1.116000 -1.100000 -1.802040,
			1.396800 -1.100000 -2.082840,
			1.116000 -1.100000 -2.618040,
			1.396800 -1.100000 -2.337240,
			1.216000 -1.100000 -2.718040,
			1.832000 -1.100000 -2.718040,
			1.651200 -1.100000 -2.337240,
			1.932000 -1.100000 -2.618040,
			1.932000 -1.100000 -1.802040,
			1.651200 -1.100000 -2.082840,
			1.832000 -1.100000 -1.702040,
			1.016000 -1.000000 -1.902040,
			1.016000 -1.000000 -2.518040,
			1.016000 -0.424000 -2.518040,
			1.216000 -0.324000 -2.718040,
			1.116000 -0.324000 -2.618040,
			1.832000 -0.324000 -2.718040,
			1.832000 -0.324000 -2.518040,
			1.216000 -0.324000 -1.702040,
			1.216000 -0.324000 -1.902040,
			1.832000 -0.324000 -1.702040,
			1.832000 -0.324000 -1.902040,
			1.216000 -0.324000 -2.518040,
			1.116000 -0.324000 -1.802040,
			1.396800 -0.324000 -2.337240,
			1.651200 -0.324000 -2.337240,
			1.651200 -0.324000 -2.082840,
			1.396800 -0.324000 -2.082840,
			1.932000 -0.324000 -1.802040,
			1.932000 -0.324000 -2.618040,
			1.016000 -0.424000 -1.902040,
			2.032000 -0.424000 -2.518040,
			2.032000 -1.000000 -2.518040,
			2.032000 -1.000000 -1.902040,
			2.032000 -0.424000 -1.902040,
			1.396800 -1.100000 -2.204109,
			1.529931 -1.100000 -2.337240,
			1.651200 -1.100000 -2.204109,
			1.529931 -1.100000 -2.082840,
			1.574187 -0.324000 -2.337240,
			1.651200 -0.324000 -2.159854,
			1.574187 -0.324000 -2.082840,
			1.396800 -0.324000 -2.159854,
			2.232000 -1.100000 -1.702040,
			2.132000 -1.100000 -1.802040,
			2.412800 -1.100000 -2.082840,
			2.132000 -1.100000 -2.618040,
			2.412800 -1.100000 -2.337240,
			2.232000 -1.100000 -2.718040,
			2.848000 -1.100000 -2.718040,
			2.667200 -1.100000 -2.337240,
			2.948000 -1.100000 -2.618040,
			2.948000 -1.100000 -1.802040,
			2.667200 -1.100000 -2.082840,
			2.848000 -1.100000 -1.702040,
			2.032000 -1.000000 -1.902040,
			2.032000 -1.000000 -2.518040,
			2.032000 -0.424000 -2.518040,
			2.232000 -0.324000 -2.718040,
			2.132000 -0.324000 -2.618040,
			2.848000 -0.324000 -2.718040,
			2.848000 -0.324000 -2.518040,
			2.232000 -0.324000 -1.702040,
			2.232000 -0.324000 -1.902040,
			2.848000 -0.324000 -1.702040,
			2.848000 -0.324000 -1.902040,
			2.232000 -0.324000 -2.518040,
			2.132000 -0.324000 -1.802040,
			2.412800 -0.324000 -2.337240,
			2.667200 -0.324000 -2.337240,
			2.667200 -0.324000 -2.082840,
			2.412800 -0.324000 -2.082840,
			2.948000 -0.324000 -1.802040,
			2.948000 -0.324000 -2.618040,
			2.032000 -0.424000 -1.902040,
			3.048000 -0.424000 -2.518040,
			3.048000 -1.000000 -2.518040,
			3.048000 -1.000000 -1.902040,
			3.048000 -0.424000 -1.902040,
			2.412800 -1.100000 -2.204109,
			2.545931 -1.100000 -2.337240,
			2.667200 -1.100000 -2.204109,
			2.545931 -1.100000 -2.082840,
			2.590187 -0.324000 -2.337240,
			2.667200 -0.324000 -2.159854,
			2.590187 -0.324000 -2.082840,
			2.412800 -0.324000 -2.159854,
			-2.848000 -1.100000 -0.686040,
			-2.948000 -1.100000 -0.786040,
			-2.667200 -1.100000 -1.066840,
			-2.948000 -1.100000 -1.602040,
			-2.667200 -1.100000 -1.321240,
			-2.848000 -1.100000 -1.702040,
			-2.232000 -1.100000 -1.702040,
			-2.412800 -1.100000 -1.321240,
			-2.132000 -1.100000 -1.602040,
			-2.132000 -1.100000 -0.786040,
			-2.412800 -1.100000 -1.066840,
			-2.232000 -1.100000 -0.686040,
			-3.048000 -1.000000 -0.886040,
			-3.048000 -1.000000 -1.502040,
			-3.048000 -0.424000 -1.502040,
			-2.848000 -0.324000 -1.702040,
			-2.948000 -0.324000 -1.602040,
			-2.232000 -0.324000 -1.702040,
			-2.232000 -0.324000 -1.502040,
			-2.848000 -0.324000 -0.686040,
			-2.848000 -0.324000 -0.886040,
			-2.232000 -0.324000 -0.686040,
			-2.232000 -0.324000 -0.886040,
			-2.848000 -0.324000 -1.502040,
			-2.948000 -0.324000 -0.786040,
			-2.667200 -0.324000 -1.321240,
			-2.412800 -0.324000 -1.321240,
			-2.412800 -0.324000 -1.066840,
			-2.667200 -0.324000 -1.066840,
			-2.132000 -0.324000 -0.786040,
			-2.132000 -0.324000 -1.602040,
			-3.048000 -0.424000 -0.886040,
			-2.032000 -0.424000 -1.502040,
			-2.032000 -1.000000 -1.502040,
			-2.032000 -1.000000 -0.886040,
			-2.032000 -0.424000 -0.886040,
			-2.667200 -1.100000 -1.188109,
			-2.534069 -1.100000 -1.321240,
			-2.412800 -1.100000 -1.188109,
			-2.534069 -1.100000 -1.066840,
			-2.489813 -0.324000 -1.321240,
			-2.412800 -0.324000 -1.143854,
			-2.489813 -0.324000 -1.066840,
			-2.667200 -0.324000 -1.143854,
			-1.832000 -1.100000 -0.686040,
			-1.932000 -1.100000 -0.786040,
			-1.651200 -1.100000 -1.066840,
			-1.932000 -1.100000 -1.602040,
			-1.651200 -1.100000 -1.321240,
			-1.832000 -1.100000 -1.702040,
			-1.216000 -1.100000 -1.702040,
			-1.396800 -1.100000 -1.321240,
			-1.116000 -1.100000 -1.602040,
			-1.116000 -1.100000 -0.786040,
			-1.396800 -1.100000 -1.066840,
			-1.216000 -1.100000 -0.686040,
			-2.032000 -1.000000 -0.886040,
			-2.032000 -1.000000 -1.502040,
			-2.032000 -0.424000 -1.502040,
			-1.832000 -0.324000 -1.702040,
			-1.932000 -0.324000 -1.602040,
			-1.216000 -0.324000 -1.702040,
			-1.216000 -0.324000 -1.502040,
			-1.832000 -0.324000 -0.686040,
			-1.832000 -0.324000 -0.886040,
			-1.216000 -0.324000 -0.686040,
			-1.216000 -0.324000 -0.886040,
			-1.832000 -0.324000 -1.502040,
			-1.932000 -0.324000 -0.786040,
			-1.651200 -0.324000 -1.321240,
			-1.396800 -0.324000 -1.321240,
			-1.396800 -0.324000 -1.066840,
			-1.651200 -0.324000 -1.066840,
			-1.116000 -0.324000 -0.786040,
			-1.116000 -0.324000 -1.602040,
			-2.032000 -0.424000 -0.886040,
			-1.016000 -0.424000 -1.502040,
			-1.016000 -1.000000 -1.502040,
			-1.016000 -1.000000 -0.886040,
			-1.016000 -0.424000 -0.886040,
			-1.651200 -1.100000 -1.188109,
			-1.518069 -1.100000 -1.321240,
			-1.396800 -1.100000 -1.188109,
			-1.518069 -1.100000 -1.066840,
			-1.473813 -0.324000 -1.321240,
			-1.396800 -0.324000 -1.143854,
			-1.473813 -0.324000 -1.066840,
			-1.651200 -0.324000 -1.143854,
			-0.816000 -1.100000 -0.686040,
			-0.916000 -1.100000 -0.786040,
			-0.635200 -1.100000 -1.066840,
			-0.916000 -1.100000 -1.602040,
			-0.635200 -1.100000 -1.321240,
			-0.816000 -1.100000 -1.702040,
			-0.200000 -1.100000 -1.702040,
			-0.380800 -1.100000 -1.321240,
			-0.100000 -1.100000 -1.602040,
			-0.100000 -1.100000 -0.786040,
			-0.380800 -1.100000 -1.066840,
			-0.200000 -1.100000 -0.686040,
			-1.016000 -1.000000 -0.886040,
			-1.016000 -1.000000 -1.502040,
			-1.016000 -0.424000 -1.502040,
			-0.816000 -0.324000 -1.702040,
			-0.916000 -0.324000 -1.602040,
			-0.200000 -0.324000 -1.702040,
			-0.200000 -0.324000 -1.502040,
			-0.816000 -0.324000 -0.686040,
			-0.816000 -0.324000 -0.886040,
			-0.200000 -0.324000 -0.686040,
			-0.200000 -0.324000 -0.886040,
			-0.816000 -0.324000 -1.502040,
			-0.916000 -0.324000 -0.786040,
			-0.635200 -0.324000 -1.321240,
			-0.380800 -0.324000 -1.321240,
			-0.380800 -0.324000 -1.066840,
			-0.635200 -0.324000 -1.066840,
			-0.100000 -0.324000 -0.786040,
			-0.100000 -0.324000 -1.602040,
			-1.016000 -0.424000 -0.886040,
			0.000000 -0.424000 -1.502040,
			0.000000 -1.000000 -1.502040,
			0.000000 -1.000000 -0.886040,
			0.000000 -0.424000 -0.886040,
			-0.635200 -1.100000 -1.188109,
			-0.502069 -1.100000 -1.321240,
			-0.380800 -1.100000 -1.188109,
			-0.502069 -1.100000 -1.066840,
			-0.457813 -0.324000 -1.321240,
			-0.380800 -0.324000 -1.143854,
			-0.457813 -0.324000 -1.066840,
			-0.635200 -0.324000 -1.143854,
			0.200000 -1.100000 -0.686040,
			0.100000 -1.100000 -0.786040,
			0.380800 -1.100000 -1.066840,
			0.100000 -1.100000 -1.602040,
			0.380800 -1.100000 -1.321240,
			0.200000 -1.100000 -1.702040,
			0.816000 -1.100000 -1.702040,
			0.635200 -1.100000 -1.321240,
			0.916000 -1.100000 -1.602040,
			0.916000 -1.100000 -0.786040,
			0.635200 -1.100000 -1.066840,
			0.816000 -1.100000 -0.686040,
			0.000000 -1.000000 -0.886040,
			0.000000 -1.000000 -1.502040,
			0.000000 -0.424000 -1.502040,
			0.200000 -0.324000 -1.702040,
			0.100000 -0.324000 -1.602040,
			0.816000 -0.324000 -1.702040,
			0.816000 -0.324000 -1.502040,
			0.200000 -0.324000 -0.686040,
			0.200000 -0.324000 -0.886040,
			0.816000 -0.324000 -0.686040,
			0.816000 -0.324000 -0.886040,
			0.200000 -0.324000 -1.502040,
			0.100000 -0.324000 -0.786040,
			0.380800 -0.324000 -1.321240,
			0.635200 -0.324000 -1.321240,
			0.635200 -0.324000 -1.066840,
			0.380800 -0.324000 -1.066840,
			0.916000 -0.324000 -0.786040,
			0.916000 -0.324000 -1.602040,
			0.000000 -0.424000 -0.886040,
			1.016000 -0.424000 -1.502040,
			1.016000 -1.000000 -1.502040,
			1.016000 -1.000000 -0.886040,
			1.016000 -0.424000 -0.886040,
			0.380800 -1.100000 -1.188109,
			0.513931 -1.100000 -1.321240,
			0.635200 -1.100000 -1.188109,
			0.513931 -1.100000 -1.066840,
			0.558187 -0.324000 -1.321240,
			0.635200 -0.324000 -1.143854,
			0.558187 -0.324000 -1.066840,
			0.380800 -0.324000 -1.143854,
			1.216000 -1.100000 -0.686040,
			1.116000 -1.100000 -0.786040,
			1.396800 -1.100000 -1.066840,
			1.116000 -1.100000 -1.602040,
			1.396800 -1.100000 -1.321240,
			1.216000 -1.100000 -1.702040,
			1.832000 -1.100000 -1.702040,
			1.651200 -1.100000 -1.321240,
			1.932000 -1.100000 -1.602040,
			1.932000 -1.100000 -0.786040,
			1.651200 -1.100000 -1.066840,
			1.832000 -1.100000 -0.686040,
			1.016000 -1.000000 -0.886040,
			1.016000 -1.000000 -1.502040,
			1.016000 -0.424000 -1.502040,
			1.216000 -0.324000 -1.702040,
			1.116000 -0.324000 -1.602040,
			1.832000 -0.324000 -1.702040,
			1.832000 -0.324000 -1.502040,
			1.216000 -0.324000 -0.686040,
			1.216000 -0.324000 -0.886040,
			1.832000 -0.324000 -0.686040,
			1.832000 -0.324000 -0.886040,
			1.216000 -0.324000 -1.502040,
			1.116000 -0.324000 -0.786040,
			1.396800 -0.324000 -1.321240,
			1.651200 -0.324000 -1.321240,
			1.651200 -0.324000 -1.066840,
			1.396800 -0.324000 -1.066840,
			1.932000 -0.324000 -0.786040,
			1.932000 -0.324000 -1.602040,
			1.016000 -0.424000 -0.886040,
			2.032000 -0.424000 -1.502040,
			2.032000 -1.000000 -1.502040,
			2.032000 -1.000000 -0.886040,
			2.032000 -0.424000 -0.886040,
			1.396800 -1.100000 -1.188109,
			1.529931 -1.100000 -1.321240,
			1.651200 -1.100000 -1.188109,
			1.529931 -1.100000 -1.066840,
			1.574187 -0.324000 -1.321240,
			1.651200 -0.324000 -1.143854,
			1.574187 -0.324000 -1.066840,
			1.396800 -0.324000 -1.143854,
			2.232000 -1.100000 -0.686040,
			2.132000 -1.100000 -0.786040,
			2.412800 -1.100000 -1.066840,
			2.132000 -1.100000 -1.602040,
			2.412800 -1.100000 -1.321240,
			2.232000 -1.100000 -1.702040,
			2.848000 -1.100000 -1.702040,
			2.667200 -1.100000 -1.321240,
			2.948000 -1.100000 -1.602040,
			2.948000 -1.100000 -0.786040,
			2.667200 -1.100000 -1.066840,
			2.848000 -1.100000 -0.686040,
			2.032000 -1.000000 -0.886040,
			2.032000 -1.000000 -1.502040,
			2.032000 -0.424000 -1.502040,
			2.232000 -0.324000 -1.702040,
			2.132000 -0.324000 -1.602040,
			2.848000 -0.324000 -1.702040,
			2.848000 -0.324000 -1.502040,
			2.232000 -0.324000 -0.686040,
			2.232000 -0.324000 -0.886040,
			2.848000 -0.324000 -0.686040,
			2.848000 -0.324000 -0.886040,
			2.232000 -0.324000 -1.502040,
			2.132000 -0.324000 -0.786040,
			2.412800 -0.324000 -1.321240,
			2.667200 -0.324000 -1.321240,
			2.667200 -0.324000 -1.066840,
			2.412800 -0.324000 -1.066840,
			2.948000 -0.324000 -0.786040,
			2.948000 -0.324000 -1.602040,
			2.032000 -0.424000 -0.886040,
			3.048000 -0.424000 -1.502040,
			3.048000 -1.000000 -1.502040,
			3.048000 -1.000000 -0.886040,
			3.048000 -0.424000 -0.886040,
			2.412800 -1.100000 -1.188109,
			2.545931 -1.100000 -1.321240,
			2.667200 -1.100000 -1.188109,
			2.545931 -1.100000 -1.066840,
			2.590187 -0.324000 -1.321240,
			2.667200 -0.324000 -1.143854,
			2.590187 -0.324000 -1.066840,
			2.412800 -0.324000 -1.143854,
		] }
		coordIndex [
			0 1 2 -1,
			2 1 3 -1,
			3 36 2 -1,
			4 3 5 -1,
			4 5 6 -1,
			6 37 4 -1,
			8 7 6 -1,
			9 7 8 -1,
			9 38 7 -1,
			11 10 9 -1,
			11 39 10 -1,
			11 0 2 -1,
			12 13 1 -1,
			1 13 3 -1,
			3 13 5 -1,
			5 13 14 -1,
			5 14 15 -1,
			15 14 16 -1,
			17 6 15 -1,
			15 6 5 -1,
			21 19 11 -1,
			11 19 0 -1,
			15 16 23 -1,
			23 16 24 -1,
			23 24 20 -1,
			20 24 19 -1,
			18 40 26 -1,
			41 18 26 -1,
			22 18 27 -1,
			42 22 27 -1,
			22 28 20 -1,
			43 20 28 -1,
			25 23 20 -1,
			25 18 23 -1,
			21 29 22 -1,
			22 29 30 -1,
			22 30 18 -1,
			18 30 17 -1,
			14 31 16 -1,
			16 31 24 -1,
			31 13 12 -1,
			24 31 19 -1,
			19 31 12 -1,
			19 12 0 -1,
			0 12 1 -1,
			30 32 17 -1,
			17 32 33 -1,
			17 33 6 -1,
			6 33 8 -1,
			9 8 34 -1,
			34 8 33 -1,
			29 21 35 -1,
			35 21 11 -1,
			35 11 34 -1,
			34 11 9 -1,
			35 32 29 -1,
			29 32 30 -1,
			32 35 33 -1,
			33 35 34 -1,
			19 22 20 -1,
			17 23 18 -1,
			44 45 46 -1,
			46 45 47 -1,
			47 80 46 -1,
			48 47 49 -1,
			48 49 50 -1,
			50 81 48 -1,
			52 51 50 -1,
			53 51 52 -1,
			53 82 51 -1,
			55 54 53 -1,
			55 83 54 -1,
			55 44 46 -1,
			56 57 45 -1,
			45 57 47 -1,
			47 57 49 -1,
			49 57 58 -1,
			49 58 59 -1,
			59 58 60 -1,
			61 50 59 -1,
			59 50 49 -1,
			65 63 55 -1,
			55 63 44 -1,
			59 60 67 -1,
			67 60 68 -1,
			67 68 64 -1,
			64 68 63 -1,
			62 84 70 -1,
			85 62 70 -1,
			66 62 71 -1,
			86 66 71 -1,
			66 72 64 -1,
			87 64 72 -1,
			69 67 64 -1,
			69 62 67 -1,
			65 73 66 -1,
			66 73 74 -1,
			66 74 62 -1,
			62 74 61 -1,
			58 75 60 -1,
			60 75 68 -1,
			75 57 56 -1,
			68 75 63 -1,
			63 75 56 -1,
			63 56 44 -1,
			44 56 45 -1,
			74 76 61 -1,
			61 76 77 -1,
			61 77 50 -1,
			50 77 52 -1,
			53 52 78 -1,
			78 52 77 -1,
			73 65 79 -1,
			79 65 55 -1,
			79 55 78 -1,
			78 55 53 -1,
			79 76 73 -1,
			73 76 74 -1,
			76 79 77 -1,
			77 79 78 -1,
			63 66 64 -1,
			61 67 62 -1,
			88 89 90 -1,
			90 89 91 -1,
			91 124 90 -1,
			92 91 93 -1,
			92 93 94 -1,
			94 125 92 -1,
			96 95 94 -1,
			97 95 96 -1,
			97 126 95 -1,
			99 98 97 -1,
			99 127 98 -1,
			99 88 90 -1,
			100 101 89 -1,
			89 101 91 -1,
			91 101 93 -1,
			93 101 102 -1,
			93 102 103 -1,
			103 102 104 -1,
			105 94 103 -1,
			103 94 93 -1,
			109 107 99 -1,
			99 107 88 -1,
			103 104 111 -1,
			111 104 112 -1,
			111 112 108 -1,
			108 112 107 -1,
			106 128 114 -1,
			129 106 114 -1,
			110 106 115 -1,
			130 110 115 -1,
			110 116 108 -1,
			131 108 116 -1,
			113 111 108 -1,
			113 106 111 -1,
			109 117 110 -1,
			110 117 118 -1,
			110 118 106 -1,
			106 118 105 -1,
			102 119 104 -1,
			104 119 112 -1,
			119 101 100 -1,
			112 119 107 -1,
			107 119 100 -1,
			107 100 88 -1,
			88 100 89 -1,
			118 120 105 -1,
			105 120 121 -1,
			105 121 94 -1,
			94 121 96 -1,
			97 96 122 -1,
			122 96 121 -1,
			117 109 123 -1,
			123 109 99 -1,
			123 99 122 -1,
			122 99 97 -1,
			123 120 117 -1,
			117 120 118 -1,
			120 123 121 -1,
			121 123 122 -1,
			107 110 108 -1,
			105 111 106 -1,
			132 133 134 -1,
			134 133 135 -1,
			135 168 134 -1,
			136 135 137 -1,
			136 137 138 -1,
			138 169 136 -1,
			140 139 138 -1,
			141 139 140 -1,
			141 170 139 -1,
			143 142 141 -1,
			143 171 142 -1,
			143 132 134 -1,
			144 145 133 -1,
			133 145 135 -1,
			135 145 137 -1,
			137 145 146 -1,
			137 146 147 -1,
			147 146 148 -1,
			149 138 147 -1,
			147 138 137 -1,
			153 151 143 -1,
			143 151 132 -1,
			147 148 155 -1,
			155 148 156 -1,
			155 156 152 -1,
			152 156 151 -1,
			150 172 158 -1,
			173 150 158 -1,
			154 150 159 -1,
			174 154 159 -1,
			154 160 152 -1,
			175 152 160 -1,
			157 155 152 -1,
			157 150 155 -1,
			153 161 154 -1,
			154 161 162 -1,
			154 162 150 -1,
			150 162 149 -1,
			146 163 148 -1,
			148 163 156 -1,
			163 145 144 -1,
			156 163 151 -1,
			151 163 144 -1,
			151 144 132 -1,
			132 144 133 -1,
			162 164 149 -1,
			149 164 165 -1,
			149 165 138 -1,
			138 165 140 -1,
			141 140 166 -1,
			166 140 165 -1,
			161 153 167 -1,
			167 153 143 -1,
			167 143 166 -1,
			166 143 141 -1,
			167 164 161 -1,
			161 164 162 -1,
			164 167 165 -1,
			165 167 166 -1,
			151 154 152 -1,
			149 155 150 -1,
			176 177 178 -1,
			178 177 179 -1,
			179 212 178 -1,
			180 179 181 -1,
			180 181 182 -1,
			182 213 180 -1,
			184 183 182 -1,
			185 183 184 -1,
			185 214 183 -1,
			187 186 185 -1,
			187 215 186 -1,
			187 176 178 -1,
			188 189 177 -1,
			177 189 179 -1,
			179 189 181 -1,
			181 189 190 -1,
			181 190 191 -1,
			191 190 192 -1,
			193 182 191 -1,
			191 182 181 -1,
			197 195 187 -1,
			187 195 176 -1,
			191 192 199 -1,
			199 192 200 -1,
			199 200 196 -1,
			196 200 195 -1,
			194 216 202 -1,
			217 194 202 -1,
			198 194 203 -1,
			218 198 203 -1,
			198 204 196 -1,
			219 196 204 -1,
			201 199 196 -1,
			201 194 199 -1,
			197 205 198 -1,
			198 205 206 -1,
			198 206 194 -1,
			194 206 193 -1,
			190 207 192 -1,
			192 207 200 -1,
			207 189 188 -1,
			200 207 195 -1,
			195 207 188 -1,
			195 188 176 -1,
			176 188 177 -1,
			206 208 193 -1,
			193 208 209 -1,
			193 209 182 -1,
			182 209 184 -1,
			185 184 210 -1,
			210 184 209 -1,
			205 197 211 -1,
			211 197 187 -1,
			211 187 210 -1,
			210 187 185 -1,
			211 208 205 -1,
			205 208 206 -1,
			208 211 209 -1,
			209 211 210 -1,
			195 198 196 -1,
			193 199 194 -1,
			220 221 222 -1,
			222 221 223 -1,
			223 256 222 -1,
			224 223 225 -1,
			224 225 226 -1,
			226 257 224 -1,
			228 227 226 -1,
			229 227 228 -1,
			229 258 227 -1,
			231 230 229 -1,
			231 259 230 -1,
			231 220 222 -1,
			232 233 221 -1,
			221 233 223 -1,
			223 233 225 -1,
			225 233 234 -1,
			225 234 235 -1,
			235 234 236 -1,
			237 226 235 -1,
			235 226 225 -1,
			241 239 231 -1,
			231 239 220 -1,
			235 236 243 -1,
			243 236 244 -1,
			243 244 240 -1,
			240 244 239 -1,
			238 260 246 -1,
			261 238 246 -1,
			242 238 247 -1,
			262 242 247 -1,
			242 248 240 -1,
			263 240 248 -1,
			245 243 240 -1,
			245 238 243 -1,
			241 249 242 -1,
			242 249 250 -1,
			242 250 238 -1,
			238 250 237 -1,
			234 251 236 -1,
			236 251 244 -1,
			251 233 232 -1,
			244 251 239 -1,
			239 251 232 -1,
			239 232 220 -1,
			220 232 221 -1,
			250 252 237 -1,
			237 252 253 -1,
			237 253 226 -1,
			226 253 228 -1,
			229 228 254 -1,
			254 228 253 -1,
			249 241 255 -1,
			255 241 231 -1,
			255 231 254 -1,
			254 231 229 -1,
			255 252 249 -1,
			249 252 250 -1,
			252 255 253 -1,
			253 255 254 -1,
			239 242 240 -1,
			237 243 238 -1,
			264 265 266 -1,
			266 265 267 -1,
			267 300 266 -1,
			268 267 269 -1,
			268 269 270 -1,
			270 301 268 -1,
			272 271 270 -1,
			273 271 272 -1,
			273 302 271 -1,
			275 274 273 -1,
			275 303 274 -1,
			275 264 266 -1,
			276 277 265 -1,
			265 277 267 -1,
			267 277 269 -1,
			269 277 278 -1,
			269 278 279 -1,
			279 278 280 -1,
			281 270 279 -1,
			279 270 269 -1,
			285 283 275 -1,
			275 283 264 -1,
			279 280 287 -1,
			287 280 288 -1,
			287 288 284 -1,
			284 288 283 -1,
			282 304 290 -1,
			305 282 290 -1,
			286 282 291 -1,
			306 286 291 -1,
			286 292 284 -1,
			307 284 292 -1,
			289 287 284 -1,
			289 282 287 -1,
			285 293 286 -1,
			286 293 294 -1,
			286 294 282 -1,
			282 294 281 -1,
			278 295 280 -1,
			280 295 288 -1,
			295 277 276 -1,
			288 295 283 -1,
			283 295 276 -1,
			283 276 264 -1,
			264 276 265 -1,
			294 296 281 -1,
			281 296 297 -1,
			281 297 270 -1,
			270 297 272 -1,
			273 272 298 -1,
			298 272 297 -1,
			293 285 299 -1,
			299 285 275 -1,
			299 275 298 -1,
			298 275 273 -1,
			299 296 293 -1,
			293 296 294 -1,
			296 299 297 -1,
			297 299 298 -1,
			283 286 284 -1,
			281 287 282 -1,
			308 309 310 -1,
			310 309 311 -1,
			311 344 310 -1,
			312 311 313 -1,
			312 313 314 -1,
			314 345 312 -1,
			316 315 314 -1,
			317 315 316 -1,
			317 346 315 -1,
			319 318 317 -1,
			319 347 318 -1,
			319 308 310 -1,
			320 321 309 -1,
			309 321 311 -1,
			311 321 313 -1,
			313 321 322 -1,
			313 322 323 -1,
			323 322 324 -1,
			325 314 323 -1,
			323 314 313 -1,
			329 327 319 -1,
			319 327 308 -1,
			323 324 331 -1,
			331 324 332 -1,
			331 332 328 -1,
			328 332 327 -1,
			326 348 334 -1,
			349 326 334 -1,
			330 326 335 -1,
			350 330 335 -1,
			330 336 328 -1,
			351 328 336 -1,
			333 331 328 -1,
			333 326 331 -1,
			329 337 330 -1,
			330 337 338 -1,
			330 338 326 -1,
			326 338 325 -1,
			322 339 324 -1,
			324 339 332 -1,
			339 321 320 -1,
			332 339 327 -1,
			327 339 320 -1,
			327 320 308 -1,
			308 320 309 -1,
			338 340 325 -1,
			325 340 341 -1,
			325 341 314 -1,
			314 341 316 -1,
			317 316 342 -1,
			342 316 341 -1,
			337 329 343 -1,
			343 329 319 -1,
			343 319 342 -1,
			342 319 317 -1,
			343 340 337 -1,
			337 340 338 -1,
			340 343 341 -1,
			341 343 342 -1,
			327 330 328 -1,
			325 331 326 -1,
			352 353 354 -1,
			354 353 355 -1,
			355 388 354 -1,
			356 355 357 -1,
			356 357 358 -1,
			358 389 356 -1,
			360 359 358 -1,
			361 359 360 -1,
			361 390 359 -1,
			363 362 361 -1,
			363 391 362 -1,
			363 352 354 -1,
			364 365 353 -1,
			353 365 355 -1,
			355 365 357 -1,
			357 365 366 -1,
			357 366 367 -1,
			367 366 368 -1,
			369 358 367 -1,
			367 358 357 -1,
			373 371 363 -1,
			363 371 352 -1,
			367 368 375 -1,
			375 368 376 -1,
			375 376 372 -1,
			372 376 371 -1,
			370 392 378 -1,
			393 370 378 -1,
			374 370 379 -1,
			394 374 379 -1,
			374 380 372 -1,
			395 372 380 -1,
			377 375 372 -1,
			377 370 375 -1,
			373 381 374 -1,
			374 381 382 -1,
			374 382 370 -1,
			370 382 369 -1,
			366 383 368 -1,
			368 383 376 -1,
			383 365 364 -1,
			376 383 371 -1,
			371 383 364 -1,
			371 364 352 -1,
			352 364 353 -1,
			382 384 369 -1,
			369 384 385 -1,
			369 385 358 -1,
			358 385 360 -1,
			361 360 386 -1,
			386 360 385 -1,
			381 373 387 -1,
			387 373 363 -1,
			387 363 386 -1,
			386 363 361 -1,
			387 384 381 -1,
			381 384 382 -1,
			384 387 385 -1,
			385 387 386 -1,
			371 374 372 -1,
			369 375 370 -1,
			396 397 398 -1,
			398 397 399 -1,
			399 432 398 -1,
			400 399 401 -1,
			400 401 402 -1,
			402 433 400 -1,
			404 403 402 -1,
			405 403 404 -1,
			405 434 403 -1,
			407 406 405 -1,
			407 435 406 -1,
			407 396 398 -1,
			408 409 397 -1,
			397 409 399 -1,
			399 409 401 -1,
			401 409 410 -1,
			401 410 411 -1,
			411 410 412 -1,
			413 402 411 -1,
			411 402 401 -1,
			417 415 407 -1,
			407 415 396 -1,
			411 412 419 -1,
			419 412 420 -1,
			419 420 416 -1,
			416 420 415 -1,
			414 436 422 -1,
			437 414 422 -1,
			418 414 423 -1,
			438 418 423 -1,
			418 424 416 -1,
			439 416 424 -1,
			421 419 416 -1,
			421 414 419 -1,
			417 425 418 -1,
			418 425 426 -1,
			418 426 414 -1,
			414 426 413 -1,
			410 427 412 -1,
			412 427 420 -1,
			427 409 408 -1,
			420 427 415 -1,
			415 427 408 -1,
			415 408 396 -1,
			396 408 397 -1,
			426 428 413 -1,
			413 428 429 -1,
			413 429 402 -1,
			402 429 404 -1,
			405 404 430 -1,
			430 404 429 -1,
			425 417 431 -1,
			431 417 407 -1,
			431 407 430 -1,
			430 407 405 -1,
			431 428 425 -1,
			425 428 426 -1,
			428 431 429 -1,
			429 431 430 -1,
			415 418 416 -1,
			413 419 414 -1,
			440 441 442 -1,
			442 441 443 -1,
			443 476 442 -1,
			444 443 445 -1,
			444 445 446 -1,
			446 477 444 -1,
			448 447 446 -1,
			449 447 448 -1,
			449 478 447 -1,
			451 450 449 -1,
			451 479 450 -1,
			451 440 442 -1,
			452 453 441 -1,
			441 453 443 -1,
			443 453 445 -1,
			445 453 454 -1,
			445 454 455 -1,
			455 454 456 -1,
			457 446 455 -1,
			455 446 445 -1,
			461 459 451 -1,
			451 459 440 -1,
			455 456 463 -1,
			463 456 464 -1,
			463 464 460 -1,
			460 464 459 -1,
			458 480 466 -1,
			481 458 466 -1,
			462 458 467 -1,
			482 462 467 -1,
			462 468 460 -1,
			483 460 468 -1,
			465 463 460 -1,
			465 458 463 -1,
			461 469 462 -1,
			462 469 470 -1,
			462 470 458 -1,
			458 470 457 -1,
			454 471 456 -1,
			456 471 464 -1,
			471 453 452 -1,
			464 471 459 -1,
			459 471 452 -1,
			459 452 440 -1,
			440 452 441 -1,
			470 472 457 -1,
			457 472 473 -1,
			457 473 446 -1,
			446 473 448 -1,
			449 448 474 -1,
			474 448 473 -1,
			469 461 475 -1,
			475 461 451 -1,
			475 451 474 -1,
			474 451 449 -1,
			475 472 469 -1,
			469 472 470 -1,
			472 475 473 -1,
			473 475 474 -1,
			459 462 460 -1,
			457 463 458 -1,
			484 485 486 -1,
			486 485 487 -1,
			487 520 486 -1,
			488 487 489 -1,
			488 489 490 -1,
			490 521 488 -1,
			492 491 490 -1,
			493 491 492 -1,
			493 522 491 -1,
			495 494 493 -1,
			495 523 494 -1,
			495 484 486 -1,
			496 497 485 -1,
			485 497 487 -1,
			487 497 489 -1,
			489 497 498 -1,
			489 498 499 -1,
			499 498 500 -1,
			501 490 499 -1,
			499 490 489 -1,
			505 503 495 -1,
			495 503 484 -1,
			499 500 507 -1,
			507 500 508 -1,
			507 508 504 -1,
			504 508 503 -1,
			502 524 510 -1,
			525 502 510 -1,
			506 502 511 -1,
			526 506 511 -1,
			506 512 504 -1,
			527 504 512 -1,
			509 507 504 -1,
			509 502 507 -1,
			505 513 506 -1,
			506 513 514 -1,
			506 514 502 -1,
			502 514 501 -1,
			498 515 500 -1,
			500 515 508 -1,
			515 497 496 -1,
			508 515 503 -1,
			503 515 496 -1,
			503 496 484 -1,
			484 496 485 -1,
			514 516 501 -1,
			501 516 517 -1,
			501 517 490 -1,
			490 517 492 -1,
			493 492 518 -1,
			518 492 517 -1,
			513 505 519 -1,
			519 505 495 -1,
			519 495 518 -1,
			518 495 493 -1,
			519 516 513 -1,
			513 516 514 -1,
			516 519 517 -1,
			517 519 518 -1,
			503 506 504 -1,
			501 507 502 -1,
			3 4 36 -1,
			6 7 37 -1,
			9 10 38 -1,
			11 2 39 -1,
			18 25 40 -1,
			41 27 18 -1,
			42 28 22 -1,
			43 25 20 -1,
			31 14 13 -1,
			19 21 22 -1,
			17 15 23 -1,
			47 48 80 -1,
			50 51 81 -1,
			53 54 82 -1,
			55 46 83 -1,
			62 69 84 -1,
			85 71 62 -1,
			86 72 66 -1,
			87 69 64 -1,
			75 58 57 -1,
			63 65 66 -1,
			61 59 67 -1,
			91 92 124 -1,
			94 95 125 -1,
			97 98 126 -1,
			99 90 127 -1,
			106 113 128 -1,
			129 115 106 -1,
			130 116 110 -1,
			131 113 108 -1,
			119 102 101 -1,
			107 109 110 -1,
			105 103 111 -1,
			135 136 168 -1,
			138 139 169 -1,
			141 142 170 -1,
			143 134 171 -1,
			150 157 172 -1,
			173 159 150 -1,
			174 160 154 -1,
			175 157 152 -1,
			163 146 145 -1,
			151 153 154 -1,
			149 147 155 -1,
			179 180 212 -1,
			182 183 213 -1,
			185 186 214 -1,
			187 178 215 -1,
			194 201 216 -1,
			217 203 194 -1,
			218 204 198 -1,
			219 201 196 -1,
			207 190 189 -1,
			195 197 198 -1,
			193 191 199 -1,
			223 224 256 -1,
			226 227 257 -1,
			229 230 258 -1,
			231 222 259 -1,
			238 245 260 -1,
			261 247 238 -1,
			262 248 242 -1,
			263 245 240 -1,
			251 234 233 -1,
			239 241 242 -1,
			237 235 243 -1,
			267 268 300 -1,
			270 271 301 -1,
			273 274 302 -1,
			275 266 303 -1,
			282 289 304 -1,
			305 291 282 -1,
			306 292 286 -1,
			307 289 284 -1,
			295 278 277 -1,
			283 285 286 -1,
			281 279 287 -1,
			311 312 344 -1,
			314 315 345 -1,
			317 318 346 -1,
			319 310 347 -1,
			326 333 348 -1,
			349 335 326 -1,
			350 336 330 -1,
			351 333 328 -1,
			339 322 321 -1,
			327 329 330 -1,
			325 323 331 -1,
			355 356 388 -1,
			358 359 389 -1,
			361 362 390 -1,
			363 354 391 -1,
			370 377 392 -1,
			393 379 370 -1,
			394 380 374 -1,
			395 377 372 -1,
			383 366 365 -1,
			371 373 374 -1,
			369 367 375 -1,
			399 400 432 -1,
			402 403 433 -1,
			405 406 434 -1,
			407 398 435 -1,
			414 421 436 -1,
			437 423 414 -1,
			438 424 418 -1,
			439 421 416 -1,
			427 410 409 -1,
			415 417 418 -1,
			413 411 419 -1,
			443 444 476 -1,
			446 447 477 -1,
			449 450 478 -1,
			451 442 479 -1,
			458 465 480 -1,
			481 467 458 -1,
			482 468 462 -1,
			483 465 460 -1,
			471 454 453 -1,
			459 461 462 -1,
			457 455 463 -1,
			487 488 520 -1,
			490 491 521 -1,
			493 494 522 -1,
			495 486 523 -1,
			502 509 524 -1,
			525 511 502 -1,
			526 512 506 -1,
			527 509 504 -1,
			515 498 497 -1,
			503 505 506 -1,
			501 499 507 -1,
		]
		normal Normal { vector [
			-0.297102 -0.630259 0.717289,
			-0.573236 -0.705972 0.415937,
			0.000000 -1.000000 0.000000,
			-0.573248 -0.705958 -0.415944,
			0.000000 -1.000000 0.000000,
			-0.297109 -0.630253 -0.717292,
			0.297098 -0.630251 -0.717298,
			0.000000 -1.000000 0.000000,
			0.573236 -0.705972 -0.415937,
			0.573249 -0.705958 0.415945,
			0.000000 -1.000000 0.000000,
			0.297105 -0.630245 0.717301,
			-0.905411 -0.300194 0.300191,
			-0.905413 -0.300189 -0.300189,
			-0.905411 0.300194 -0.300191,
			-0.297092 0.630272 -0.717282,
			-0.573236 0.705972 -0.415937,
			0.297106 0.630260 -0.717287,
			0.000000 1.000000 -0.000000,
			-0.297103 0.630253 0.717295,
			0.000000 1.000000 -0.000000,
			0.297095 0.630280 0.717274,
			0.000000 1.000000 -0.000000,
			0.000000 1.000000 -0.000000,
			-0.573241 0.705967 0.415939,
			0.000000 1.000000 -0.000000,
			0.000000 1.000000 -0.000000,
			0.000000 1.000000 -0.000000,
			0.000000 1.000000 -0.000000,
			0.573236 0.705972 0.415937,
			0.573241 0.705967 -0.415939,
			-0.905413 0.300189 0.300189,
			0.905410 0.300194 -0.300194,
			0.905414 -0.300190 -0.300187,
			0.905410 -0.300194 0.300194,
			0.905414 0.300190 0.300187,
			0.000000 -1.000000 0.000000,
			0.000000 -1.000000 0.000000,
			0.000000 -1.000000 0.000000,
			0.000000 -1.000000 0.000000,
			0.000000 1.000000 -0.000000,
			0.000000 1.000000 -0.000000,
			0.000000 1.000000 -0.000000,
			0.000000 1.000000 -0.000000,
			-0.297102 -0.630259 0.717289,
			-0.573236 -0.705972 0.415937,
			0.000000 -1.000000 0.000000,
			-0.573248 -0.705958 -0.415944,
			0.000000 -1.000000 0.000000,
			-0.297109 -0.630253 -0.717292,
			0.297098 -0.630251 -0.717298,
			0.000000 -1.000000 0.000000,
			0.573236 -0.705972 -0.415937,
			0.573248 -0.705958 0.415945,
			0.000000 -1.000000 0.000000,
			0.297105 -0.630245 0.717300,
			-0.905411 -0.300194 0.300191,
			-0.905413 -0.300189 -0.300189,
			-0.905411 0.300194 -0.300191,
			-0.297092 0.630272 -0.717282,
			-0.573236 0.705972 -0.415937,
			0.297106 0.630260 -0.717287,
			0.000000 1.000000 -0.000000,
			-0.297103 0.630253 0.717295,
			0.000000 1.000000 -0.000000,
			0.297095 0.630280 0.717274,
			0.000000 1.000000 -0.000000,
			0.000000 1.000000 -0.000000,
			-0.573241 0.705967 0.415939,
			0.000000 1.000000 -0.000000,
			0.000000 1.000000 -0.000000,
			0.000000 1.000000 -0.000000,
			0.000000 1.000000 -0.000000,
			0.573236 0.705972 0.415937,
			0.573241 0.705967 -0.415939,
			-0.905413 0.300189 0.300189,
			0.905410 0.300194 -0.300194,
			0.905414 -0.300190 -0.300187,
			0.905410 -0.300194 0.300194,
			0.905414 0.300190 0.300187,
			0.000000 -1.000000 0.000000,
			0.000000 -1.000000 0.000000,
			0.000000 -1.000000 0.000000,
			0.000000 -1.000000 0.000000,
			0.000000 1.000000 -0.000000,
			0.000000 1.000000 -0.000000,
			0.000000 1.000000 -0.000000,
			0.000000 1.000000 -0.000000,
			-0.297102 -0.630259 0.717289,
			-0.573236 -0.705972 0.415937,
			0.000000 -1.000000 0.000000,
			-0.573248 -0.705958 -0.415944,
			0.000000 -1.000000 0.000000,
			-0.297109 -0.630253 -0.717292,
			0.297098 -0.630251 -0.717298,
			0.000000 -1.000000 0.000000,
			0.573236 -0.705972 -0.415937,
			0.573249 -0.705958 0.415945,
			0.000000 -1.000000 0.000000,
			0.297105 -0.630245 0.717301,
			-0.905411 -0.300194 0.300191,
			-0.905413 -0.300189 -0.300189,
			-0.905411 0.300194 -0.300191,
			-0.297092 0.630272 -0.717282,
			-0.573236 0.705972 -0.415937,
			0.297106 0.630260 -0.717287,
			0.000000 1.000000 -0.000000,
			-0.297103 0.630253 0.717295,
			0.000000 1.000000 -0.000000,
			0.297095 0.630280 0.717274,
			0.000000 1.000000 -0.000000,
			0.000000 1.000000 -0.000000,
			-0.573241 0.705967 0.415939,
			0.000000 1.000000 -0.000000,
			0.000000 1.000000 -0.000000,
			0.000000 1.000000 -0.000000,
			0.000000 1.000000 -0.000000,
			0.573236 0.705972 0.415937,
			0.573241 0.705967 -0.415939,
			-0.905413 0.300189 0.300189,
			0.905410 0.300194 -0.300194,
			0.905414 -0.300190 -0.300187,
			0.905410 -0.300194 0.300194,
			0.905414 0.300190 0.300187,
			0.000000 -1.000000 0.000000,
			0.000000 -1.000000 0.000000,
			0.000000 -1.000000 0.000000,
			0.000000 -1.000000 0.000000,
			0.000000 1.000000 -0.000000,
			0.000000 1.000000 -0.000000,
			0.000000 1.000000 -0.000000,
			0.000000 1.000000 -0.000000,
			-0.297102 -0.630259 0.717289,
			-0.573236 -0.705972 0.415937,
			0.000000 -1.000000 0.000000,
			-0.573248 -0.705958 -0.415944,
			0.000000 -1.000000 0.000000,
			-0.297109 -0.630253 -0.717292,
			0.297098 -0.630251 -0.717298,
			0.000000 -1.000000 0.000000,
			0.573236 -0.705972 -0.415937,
			0.573248 -0.705958 0.415945,
			0.000000 -1.000000 0.000000,
			0.297105 -0.630245 0.717301,
			-0.905411 -0.300194 0.300191,
			-0.905413 -0.300189 -0.300189,
			-0.905411 0.300194 -0.300191,
			-0.297092 0.630272 -0.717282,
			-0.573236 0.705972 -0.415937,
			0.297106 0.630260 -0.717286,
			0.000000 1.000000 -0.000000,
			-0.297103 0.630253 0.717295,
			0.000000 1.000000 -0.000000,
			0.297095 0.630280 0.717274,
			0.000000 1.000000 -0.000000,
			0.000000 1.000000 -0.000000,
			-0.573241 0.705967 0.415939,
			0.000000 1.000000 -0.000000,
			0.000000 1.000000 -0.000000,
			0.000000 1.000000 -0.000000,
			0.000000 1.000000 -0.000000,
			0.573236 0.705972 0.415937,
			0.573241 0.705967 -0.415939,
			-0.905413 0.300189 0.300189,
			0.905410 0.300194 -0.300194,
			0.905414 -0.300190 -0.300187,
			0.905410 -0.300194 0.300194,
			0.905414 0.300190 0.300187,
			0.000000 -1.000000 0.000000,
			0.000000 -1.000000 0.000000,
			0.000000 -1.000000 0.000000,
			0.000000 -1.000000 0.000000,
			0.000000 1.000000 -0.000000,
			0.000000 1.000000 -0.000000,
			0.000000 1.000000 -0.000000,
			0.000000 1.000000 -0.000000,
			-0.297102 -0.630259 0.717289,
			-0.573236 -0.705972 0.415937,
			0.000000 -1.000000 0.000000,
			-0.573248 -0.705958 -0.415944,
			0.000000 -1.000000 0.000000,
			-0.297109 -0.630253 -0.717292,
			0.297098 -0.630251 -0.717297,
			0.000000 -1.000000 0.000000,
			0.573236 -0.705972 -0.415937,
			0.573248 -0.705958 0.415945,
			0.000000 -1.000000 0.000000,
			0.297105 -0.630245 0.717301,
			-0.905411 -0.300194 0.300191,
			-0.905413 -0.300189 -0.300189,
			-0.905411 0.300194 -0.300191,
			-0.297092 0.630272 -0.717282,
			-0.573236 0.705972 -0.415937,
			0.297106 0.630260 -0.717287,
			0.000000 1.000000 -0.000000,
			-0.297103 0.630253 0.717295,
			0.000000 1.000000 -0.000000,
			0.297095 0.630280 0.717274,
			0.000000 1.000000 -0.000000,
			0.000000 1.000000 -0.000000,
			-0.573241 0.705967 0.415939,
			0.000000 1.000000 -0.000000,
			0.000000 1.000000 -0.000000,
			0.000000 1.000000 -0.000000,
			0.000000 1.000000 -0.000000,
			0.573236 0.705972 0.415937,
			0.573241 0.705967 -0.415939,
			-0.905413 0.300189 0.300189,
			0.905410 0.300194 -0.300194,
			0.905414 -0.300190 -0.300187,
			0.905410 -0.300194 0.300194,
			0.905414 0.300190 0.300187,
			0.000000 -1.000000 0.000000,
			0.000000 -1.000000 0.000000,
			0.000000 -1.000000 0.000000,
			0.000000 -1.000000 0.000000,
			0.000000 1.000000 -0.000000,
			0.000000 1.000000 -0.000000,
			0.000000 1.000000 -0.000000,
			0.000000 1.000000 -0.000000,
			-0.297102 -0.630259 0.717289,
			-0.573236 -0.705973 0.415935,
			0.000000 -1.000000 0.000000,
			-0.573248 -0.705959 -0.415943,
			0.000000 -1.000000 0.000000,
			-0.297109 -0.630253 -0.717292,
			0.297098 -0.630251 -0.717298,
			0.000000 -1.000000 0.000000,
			0.573236 -0.705972 -0.415937,
			0.573248 -0.705958 0.415945,
			0.000000 -1.000000 0.000000,
			0.297105 -0.630245 0.717301,
			-0.905411 -0.300194 0.300191,
			-0.905413 -0.300190 -0.300189,
			-0.905411 0.300194 -0.300191,
			-0.297092 0.630272 -0.717282,
			-0.573236 0.705973 -0.415935,
			0.297106 0.630260 -0.717287,
			0.000000 1.000000 -0.000000,
			-0.297103 0.630253 0.717295,
			0.000000 1.000000 -0.000000,
			0.297095 0.630280 0.717274,
			0.000000 1.000000 -0.000000,
			0.000000 1.000000 -0.000000,
			-0.573241 0.705968 0.415938,
			0.000000 1.000000 -0.000000,
			0.000000 1.000000 -0.000000,
			0.000000 1.000000 -0.000000,
			0.000000 1.000000 -0.000000,
			0.573236 0.705972 0.415937,
			0.573241 0.705967 -0.415939,
			-0.905413 0.300190 0.300189,
			0.905410 0.300194 -0.300194,
			0.905414 -0.300190 -0.300187,
			0.905410 -0.300194 0.300194,
			0.905414 0.300190 0.300187,
			0.000000 -1.000000 0.000000,
			0.000000 -1.000000 0.000000,
			0.000000 -1.000000 0.000000,
			0.000000 -1.000000 0.000000,
			0.000000 1.000000 -0.000000,
			0.000000 1.000000 -0.000000,
			0.000000 1.000000 -0.000000,
			0.000000 1.000000 -0.000000,
			-0.297102 -0.630259 0.717289,
			-0.573236 -0.705972 0.415937,
			0.000000 -1.000000 0.000000,
			-0.573249 -0.705958 -0.415944,
			0.000000 -1.000000 0.000000,
			-0.297109 -0.630253 -0.717292,
			0.297098 -0.630251 -0.717298,
			0.000000 -1.000000 0.000000,
			0.573236 -0.705972 -0.415937,
			0.573249 -0.705958 0.415945,
			0.000000 -1.000000 0.000000,
			0.297105 -0.630245 0.717301,
			-0.905411 -0.300194 0.300191,
			-0.905413 -0.300189 -0.300189,
			-0.905411 0.300194 -0.300191,
			-0.297092 0.630272 -0.717282,
			-0.573236 0.705972 -0.415937,
			0.297106 0.630260 -0.717287,
			0.000000 1.000000 -0.000000,
			-0.297103 0.630253 0.717295,
			0.000000 1.000000 -0.000000,
			0.297095 0.630280 0.717274,
			0.000000 1.000000 -0.000000,
			0.000000 1.000000 -0.000000,
			-0.573241 0.705967 0.415939,
			0.000000 1.000000 -0.000000,
			0.000000 1.000000 -0.000000,
			0.000000 1.000000 -0.000000,
			0.000000 1.000000 -0.000000,
			0.573236 0.705972 0.415937,
			0.573241 0.705967 -0.415939,
			-0.905413 0.300189 0.300189,
			0.905410 0.300194 -0.300194,
			0.905414 -0.300190 -0.300187,
			0.905410 -0.300194 0.300194,
			0.905414 0.300190 0.300187,
			0.000000 -1.000000 0.000000,
			0.000000 -1.000000 0.000000,
			0.000000 -1.000000 0.000000,
			0.000000 -1.000000 0.000000,
			0.000000 1.000000 -0.000000,
			0.000000 1.000000 -0.000000,
			0.000000 1.000000 -0.000000,
			0.000000 1.000000 -0.000000,
			-0.297102 -0.630259 0.717289,
			-0.573236 -0.705972 0.415937,
			0.000000 -1.000000 0.000000,
			-0.573249 -0.705958 -0.415944,
			0.000000 -1.000000 0.000000,
			-0.297109 -0.630253 -0.717292,
			0.297098 -0.630251 -0.717298,
			0.000000 -1.000000 0.000000,
			0.573236 -0.705972 -0.415937,
			0.573249 -0.705958 0.415945,
			0.000000 -1.000000 0.000000,
			0.297105 -0.630245 0.717300,
			-0.905411 -0.300194 0.300191,
			-0.905413 -0.300189 -0.300189,
			-0.905411 0.300194 -0.300191,
			-0.297092 0.630272 -0.717282,
			-0.573236 0.705972 -0.415937,
			0.297106 0.630260 -0.717287,
			0.000000 1.000000 -0.000000,
			-0.297103 0.630253 0.717295,
			0.000000 1.000000 -0.000000,
			0.297095 0.630280 0.717274,
			0.000000 1.000000 -0.000000,
			0.000000 1.000000 -0.000000,
			-0.573241 0.705967 0.415939,
			0.000000 1.000000 -0.000000,
			0.000000 1.000000 -0.000000,
			0.000000 1.000000 -0.000000,
			0.000000 1.000000 -0.000000,
			0.573236 0.705972 0.415937,
			0.573241 0.705967 -0.415939,
			-0.905413 0.300189 0.300189,
			0.905410 0.300194 -0.300194,
			0.905414 -0.300190 -0.300187,
			0.905410 -0.300194 0.300194,
			0.905414 0.300190 0.300187,
			0.000000 -1.000000 0.000000,
			0.000000 -1.000000 0.000000,
			0.000000 -1.000000 0.000000,
			0.000000 -1.000000 0.000000,
			0.000000 1.000000 -0.000000,
			0.000000 1.000000 -0.000000,
			0.000000 1.000000 -0.000000,
			0.000000 1.000000 -0.000000,
			-0.297102 -0.630259 0.717289,
			-0.573236 -0.705972 0.415937,
			0.000000 -1.000000 0.000000,
			-0.573249 -0.705958 -0.415944,
			0.000000 -1.000000 0.000000,
			-0.297109 -0.630253 -0.717292,
			0.297098 -0.630251 -0.717298,
			0.000000 -1.000000 0.000000,
			0.573236 -0.705972 -0.415937,
			0.573249 -0.705958 0.415945,
			0.000000 -1.000000 0.000000,
			0.297105 -0.630245 0.717301,
			-0.905411 -0.300194 0.300191,
			-0.905413 -0.300189 -0.300189,
			-0.905411 0.300194 -0.300191,
			-0.297092 0.630272 -0.717282,
			-0.573236 0.705972 -0.415937,
			0.297106 0.630260 -0.717287,
			0.000000 1.000000 -0.000000,
			-0.297103 0.630253 0.717295,
			0.000000 1.000000 -0.000000,
			0.297095 0.630280 0.717274,
			0.000000 1.000000 -0.000000,
			0.000000 1.000000 -0.000000,
			-0.573241 0.705967 0.415939,
			0.000000 1.000000 -0.000000,
			0.000000 1.000000 -0.000000,
			0.000000 1.000000 -0.000000,
			0.000000 1.000000 -0.000000,
			0.573236 0.705972 0.415937,
			0.573241 0.705967 -0.415939,
			-0.905413 0.300189 0.300189,
			0.905410 0.300194 -0.300194,
			0.905414 -0.300190 -0.300187,
			0.905410 -0.300194 0.300194,
			0.905414 0.300190 0.300187,
			0.000000 -1.000000 0.000000,
			0.000000 -1.000000 0.000000,
			0.000000 -1.000000 0.000000,
			0.000000 -1.000000 0.000000,
			0.000000 1.000000 -0.000000,
			0.000000 1.000000 -0.000000,
			0.000000 1.000000 -0.000000,
			0.000000 1.000000 -0.000000,
			-0.297102 -0.630259 0.717289,
			-0.573236 -0.705972 0.415937,
			0.000000 -1.000000 0.000000,
			-0.573249 -0.705958 -0.415944,
			0.000000 -1.000000 0.000000,
			-0.297109 -0.630253 -0.717292,
			0.297098 -0.630251 -0.717298,
			0.000000 -1.000000 0.000000,
			0.573236 -0.705972 -0.415937,
			0.573248 -0.705958 0.415945,
			0.000000 -1.000000 0.000000,
			0.297105 -0.630245 0.717301,
			-0.905411 -0.300194 0.300191,
			-0.905413 -0.300189 -0.300189,
			-0.905411 0.300194 -0.300191,
			-0.297092 0.630272 -0.717282,
			-0.573236 0.705972 -0.415937,
			0.297106 0.630260 -0.717286,
			0.000000 1.000000 -0.000000,
			-0.297103 0.630253 0.717295,
			0.000000 1.000000 -0.000000,
			0.297095 0.630280 0.717274,
			0.000000 1.000000 -0.000000,
			0.000000 1.000000 -0.000000,
			-0.573241 0.705967 0.415939,
			0.000000 1.000000 -0.000000,
			0.000000 1.000000 -0.000000,
			0.000000 1.000000 -0.000000,
			0.000000 1.000000 -0.000000,
			0.573236 0.705972 0.415937,
			0.573241 0.705967 -0.415939,
			-0.905413 0.300189 0.300189,
			0.905410 0.300194 -0.300194,
			0.905414 -0.300190 -0.300187,
			0.905410 -0.300194 0.300194,
			0.905414 0.300190 0.300187,
			0.000000 -1.000000 0.000000,
			0.000000 -1.000000 0.000000,
			0.000000 -1.000000 0.000000,
			0.000000 -1.000000 0.000000,
			0.000000 1.000000 -0.000000,
			0.000000 1.000000 -0.000000,
			0.000000 1.000000 -0.000000,
			0.000000 1.000000 -0.000000,
			-0.297102 -0.630259 0.717289,
			-0.573236 -0.705972 0.415937,
			0.000000 -1.000000 0.000000,
			-0.573249 -0.705958 -0.415944,
			0.000000 -1.000000 0.000000,
			-0.297109 -0.630253 -0.717292,
			0.297098 -0.630251 -0.717297,
			0.000000 -1.000000 0.000000,
			0.573236 -0.705972 -0.415937,
			0.573248 -0.705958 0.415945,
			0.000000 -1.000000 0.000000,
			0.297105 -0.630245 0.717301,
			-0.905411 -0.300194 0.300191,
			-0.905413 -0.300189 -0.300189,
			-0.905411 0.300194 -0.300191,
			-0.297092 0.630272 -0.717282,
			-0.573236 0.705972 -0.415937,
			0.297106 0.630260 -0.717287,
			0.000000 1.000000 -0.000000,
			-0.297103 0.630253 0.717295,
			0.000000 1.000000 -0.000000,
			0.297095 0.630280 0.717274,
			0.000000 1.000000 -0.000000,
			0.000000 1.000000 -0.000000,
			-0.573241 0.705967 0.415939,
			0.000000 1.000000 -0.000000,
			0.000000 1.000000 -0.000000,
			0.000000 1.000000 -0.000000,
			0.000000 1.000000 -0.000000,
			0.573236 0.705972 0.415937,
			0.573241 0.705967 -0.415939,
			-0.905413 0.300189 0.300189,
			0.905410 0.300194 -0.300194,
			0.905414 -0.300190 -0.300187,
			0.905410 -0.300194 0.300194,
			0.905414 0.300190 0.300187,
			0.000000 -1.000000 0.000000,
			0.000000 -1.000000 0.000000,
			0.000000 -1.000000 0.000000,
			0.000000 -1.000000 0.000000,
			0.000000 1.000000 -0.000000,
			0.000000 1.000000 -0.000000,
			0.000000 1.000000 -0.000000,
			0.000000 1.000000 -0.000000,
			-0.297102 -0.630259 0.717289,
			-0.573236 -0.705973 0.415935,
			0.000000 -1.000000 0.000000,
			-0.573248 -0.705959 -0.415943,
			0.000000 -1.000000 0.000000,
			-0.297109 -0.630253 -0.717292,
			0.297098 -0.630251 -0.717298,
			0.000000 -1.000000 0.000000,
			0.573236 -0.705972 -0.415937,
			0.573248 -0.705958 0.415945,
			0.000000 -1.000000 0.000000,
			0.297105 -0.630245 0.717301,
			-0.905411 -0.300195 0.300191,
			-0.905413 -0.300190 -0.300189,
			-0.905411 0.300195 -0.300191,
			-0.297092 0.630272 -0.717282,
			-0.573236 0.705973 -0.415935,
			0.297106 0.630260 -0.717287,
			0.000000 1.000000 -0.000000,
			-0.297103 0.630253 0.717295,
			0.000000 1.000000 -0.000000,
			0.297095 0.630280 0.717274,
			0.000000 1.000000 -0.000000,
			0.000000 1.000000 -0.000000,
			-0.573241 0.705968 0.415938,
			0.000000 1.000000 -0.000000,
			0.000000 1.000000 -0.000000,
			0.000000 1.000000 -0.000000,
			0.000000 1.000000 -0.000000,
			0.573236 0.705972 0.415937,
			0.573241 0.705967 -0.415939,
			-0.905413 0.300190 0.300189,
			0.905410 0.300194 -0.300194,
			0.905414 -0.300190 -0.300187,
			0.905410 -0.300194 0.300194,
			0.905414 0.300190 0.300187,
			0.000000 -1.000000 0.000000,
			0.000000 -1.000000 0.000000,
			0.000000 -1.000000 0.000000,
			0.000000 -1.000000 0.000000,
			0.000000 1.000000 -0.000000,
			0.000000 1.000000 -0.000000,
			0.000000 1.000000 -0.000000,
			0.000000 1.000000 -0.000000,
		] }
		normalPerVertex TRUE
		solid TRUE
	}
	appearance Appearance {
		material Material {
			diffuseColor 0.2980 0.2980 0.2980
			transparency 0.0000
			shininess 0.0000
		}
	}
}

Shape # Material: Gold
{
	geometry IndexedFaceSet {
		coord Coordinate { point [
			-2.605999 1.132000 -2.276041,
			-2.605999 1.132000 -2.144041,
			-2.667200 -1.100000 -2.082840,
			-2.474000 1.132000 -2.276041,
			-2.474000 1.132000 -2.144041,
			-2.667200 -1.100000 -2.337240,
			-2.667200 1.026400 -2.082840,
			-2.667200 1.026400 -2.337240,
			-2.412800 1.026400 -2.082840,
			-2.412800 -1.100000 -2.337240,
			-2.412800 1.026400 -2.337240,
			-2.667200 -3.434400 -2.337240,
			-2.412800 -3.434400 -2.337240,
			-2.412800 -1.100000 -2.082840,
			-2.667200 -3.434400 -2.082840,
			-2.412800 -3.434400 -2.082840,
			-2.474000 -3.540000 -2.144040,
			-2.474000 -3.540000 -2.276040,
			-2.606000 -3.540000 -2.144040,
			-2.606000 -3.540000 -2.276040,
			-2.667200 -0.324000 -2.337240,
			-2.412800 -0.324000 -2.337240,
			-2.412800 -0.324000 -2.082840,
			-2.667200 -0.324000 -2.082840,
			-2.667200 -1.100000 -2.204109,
			-2.534069 -1.100000 -2.337240,
			-2.412800 -1.100000 -2.204109,
			-2.534069 -1.100000 -2.082840,
			-2.489813 -0.324000 -2.337240,
			-2.412800 -0.324000 -2.159854,
			-2.489813 -0.324000 -2.082840,
			-2.667200 -0.324000 -2.159854,
			-1.589999 1.132000 -2.276041,
			-1.589999 1.132000 -2.144041,
			-1.651200 -1.100000 -2.082840,
			-1.458000 1.132000 -2.276041,
			-1.458000 1.132000 -2.144041,
			-1.651200 -1.100000 -2.337240,
			-1.651200 1.026400 -2.082840,
			-1.651200 1.026400 -2.337240,
			-1.396799 1.026400 -2.082840,
			-1.396800 -1.100000 -2.337240,
			-1.396799 1.026400 -2.337240,
			-1.651200 -3.434400 -2.337240,
			-1.396800 -3.434400 -2.337240,
			-1.396800 -1.100000 -2.082840,
			-1.651200 -3.434400 -2.082840,
			-1.396800 -3.434400 -2.082840,
			-1.458000 -3.540000 -2.144040,
			-1.458000 -3.540000 -2.276040,
			-1.590000 -3.540000 -2.144040,
			-1.590000 -3.540000 -2.276040,
			-1.651200 -0.324000 -2.337240,
			-1.396800 -0.324000 -2.337240,
			-1.396800 -0.324000 -2.082840,
			-1.651200 -0.324000 -2.082840,
			-1.651200 -1.100000 -2.204109,
			-1.518069 -1.100000 -2.337240,
			-1.396800 -1.100000 -2.204109,
			-1.518069 -1.100000 -2.082840,
			-1.473813 -0.324000 -2.337240,
			-1.396800 -0.324000 -2.159854,
			-1.473813 -0.324000 -2.082840,
			-1.651200 -0.324000 -2.159854,
			-0.573999 1.132000 -2.276041,
			-0.573999 1.132000 -2.144041,
			-0.635200 -1.100000 -2.082840,
			-0.442000 1.132000 -2.276041,
			-0.442000 1.132000 -2.144041,
			-0.635200 -1.100000 -2.337240,
			-0.635200 1.026400 -2.082840,
			-0.635200 1.026400 -2.337240,
			-0.380800 1.026400 -2.082840,
			-0.380800 -1.100000 -2.337240,
			-0.380800 1.026400 -2.337240,
			-0.635200 -3.434400 -2.337240,
			-0.380800 -3.434400 -2.337240,
			-0.380800 -1.100000 -2.082840,
			-0.635200 -3.434400 -2.082840,
			-0.380800 -3.434400 -2.082840,
			-0.442000 -3.540000 -2.144040,
			-0.442000 -3.540000 -2.276040,
			-0.574000 -3.540000 -2.144040,
			-0.574000 -3.540000 -2.276040,
			-0.635200 -0.324000 -2.337240,
			-0.380800 -0.324000 -2.337240,
			-0.380800 -0.324000 -2.082840,
			-0.635200 -0.324000 -2.082840,
			-0.635200 -1.100000 -2.204109,
			-0.502069 -1.100000 -2.337240,
			-0.380800 -1.100000 -2.204109,
			-0.502069 -1.100000 -2.082840,
			-0.457813 -0.324000 -2.337240,
			-0.380800 -0.324000 -2.159854,
			-0.457813 -0.324000 -2.082840,
			-0.635200 -0.324000 -2.159854,
			0.442001 1.132000 -2.276041,
			0.442001 1.132000 -2.144041,
			0.380800 -1.100000 -2.082840,
			0.574000 1.132000 -2.276041,
			0.574000 1.132000 -2.144041,
			0.380800 -1.100000 -2.337240,
			0.380800 1.026400 -2.082840,
			0.380800 1.026400 -2.337240,
			0.635201 1.026400 -2.082840,
			0.635200 -1.100000 -2.337240,
			0.635201 1.026400 -2.337240,
			0.380800 -3.434400 -2.337240,
			0.635200 -3.434400 -2.337240,
			0.635200 -1.100000 -2.082840,
			0.380800 -3.434400 -2.082840,
			0.635200 -3.434400 -2.082840,
			0.574000 -3.540000 -2.144040,
			0.574000 -3.540000 -2.276040,
			0.442000 -3.540000 -2.144040,
			0.442000 -3.540000 -2.276040,
			0.380800 -0.324000 -2.337240,
			0.635200 -0.324000 -2.337240,
			0.635200 -0.324000 -2.082840,
			0.380800 -0.324000 -2.082840,
			0.380800 -1.100000 -2.204109,
			0.513931 -1.100000 -2.337240,
			0.635200 -1.100000 -2.204109,
			0.513931 -1.100000 -2.082840,
			0.558187 -0.324000 -2.337240,
			0.635200 -0.324000 -2.159854,
			0.558187 -0.324000 -2.082840,
			0.380800 -0.324000 -2.159854,
			1.458001 1.132000 -2.276041,
			1.458001 1.132000 -2.144041,
			1.396800 -1.100000 -2.082840,
			1.590000 1.132000 -2.276041,
			1.590000 1.132000 -2.144041,
			1.396800 -1.100000 -2.337240,
			1.396800 1.026400 -2.082840,
			1.396800 1.026400 -2.337240,
			1.651201 1.026400 -2.082840,
			1.651200 -1.100000 -2.337240,
			1.651201 1.026400 -2.337240,
			1.396800 -3.434400 -2.337240,
			1.651200 -3.434400 -2.337240,
			1.651200 -1.100000 -2.082840,
			1.396800 -3.434400 -2.082840,
			1.651200 -3.434400 -2.082840,
			1.590000 -3.540000 -2.144040,
			1.590000 -3.540000 -2.276040,
			1.458000 -3.540000 -2.144040,
			1.458000 -3.540000 -2.276040,
			1.396800 -0.324000 -2.337240,
			1.651200 -0.324000 -2.337240,
			1.651200 -0.324000 -2.082840,
			1.396800 -0.324000 -2.082840,
			1.396800 -1.100000 -2.204109,
			1.529931 -1.100000 -2.337240,
			1.651200 -1.100000 -2.204109,
			1.529931 -1.100000 -2.082840,
			1.574187 -0.324000 -2.337240,
			1.651200 -0.324000 -2.159854,
			1.574187 -0.324000 -2.082840,
			1.396800 -0.324000 -2.159854,
			2.474001 1.132000 -2.276041,
			2.474001 1.132000 -2.144041,
			2.412800 -1.100000 -2.082840,
			2.606000 1.132000 -2.276041,
			2.606000 1.132000 -2.144041,
			2.412800 -1.100000 -2.337240,
			2.412800 1.026400 -2.082840,
			2.412800 1.026400 -2.337240,
			2.667201 1.026400 -2.082840,
			2.667200 -1.100000 -2.337240,
			2.667201 1.026400 -2.337240,
			2.412800 -3.434400 -2.337240,
			2.667200 -3.434400 -2.337240,
			2.667200 -1.100000 -2.082840,
			2.412800 -3.434400 -2.082840,
			2.667200 -3.434400 -2.082840,
			2.606000 -3.540000 -2.144040,
			2.606000 -3.540000 -2.276040,
			2.474000 -3.540000 -2.144040,
			2.474000 -3.540000 -2.276040,
			2.412800 -0.324000 -2.337240,
			2.667200 -0.324000 -2.337240,
			2.667200 -0.324000 -2.082840,
			2.412800 -0.324000 -2.082840,
			2.412800 -1.100000 -2.204109,
			2.545931 -1.100000 -2.337240,
			2.667200 -1.100000 -2.204109,
			2.545931 -1.100000 -2.082840,
			2.590187 -0.324000 -2.337240,
			2.667200 -0.324000 -2.159854,
			2.590187 -0.324000 -2.082840,
			2.412800 -0.324000 -2.159854,
			-2.605999 1.132000 -1.260041,
			-2.605999 1.132000 -1.128041,
			-2.667200 -1.100000 -1.066840,
			-2.474000 1.132000 -1.260041,
			-2.474000 1.132000 -1.128041,
			-2.667200 -1.100000 -1.321240,
			-2.667200 1.026400 -1.066841,
			-2.667200 1.026400 -1.321241,
			-2.412800 1.026400 -1.066841,
			-2.412800 -1.100000 -1.321240,
			-2.412800 1.026400 -1.321241,
			-2.667200 -3.434400 -1.321240,
			-2.412800 -3.434400 -1.321240,
			-2.412800 -1.100000 -1.066840,
			-2.667200 -3.434400 -1.066840,
			-2.412800 -3.434400 -1.066840,
			-2.474000 -3.540000 -1.128040,
			-2.474000 -3.540000 -1.260040,
			-2.606000 -3.540000 -1.128040,
			-2.606000 -3.540000 -1.260040,
			-2.667200 -0.324000 -1.321240,
			-2.412800 -0.324000 -1.321240,
			-2.412800 -0.324000 -1.066840,
			-2.667200 -0.324000 -1.066840,
			-2.667200 -1.100000 -1.188109,
			-2.534069 -1.100000 -1.321240,
			-2.412800 -1.100000 -1.188109,
			-2.534069 -1.100000 -1.066840,
			-2.489813 -0.324000 -1.321240,
			-2.412800 -0.324000 -1.143854,
			-2.489813 -0.324000 -1.066840,
			-2.667200 -0.324000 -1.143854,
			-1.589999 1.132000 -1.260041,
			-1.589999 1.132000 -1.128041,
			-1.651200 -1.100000 -1.066840,
			-1.458000 1.132000 -1.260041,
			-1.458000 1.132000 -1.128041,
			-1.651200 -1.100000 -1.321240,
			-1.651200 1.026400 -1.066841,
			-1.651200 1.026400 -1.321241,
			-1.396799 1.026400 -1.066841,
			-1.396800 -1.100000 -1.321240,
			-1.396799 1.026400 -1.321241,
			-1.651200 -3.434400 -1.321240,
			-1.396800 -3.434400 -1.321240,
			-1.396800 -1.100000 -1.066840,
			-1.651200 -3.434400 -1.066840,
			-1.396800 -3.434400 -1.066840,
			-1.458000 -3.540000 -1.128040,
			-1.458000 -3.540000 -1.260040,
			-1.590000 -3.540000 -1.128040,
			-1.590000 -3.540000 -1.260040,
			-1.651200 -0.324000 -1.321240,
			-1.396800 -0.324000 -1.321240,
			-1.396800 -0.324000 -1.066840,
			-1.651200 -0.324000 -1.066840,
			-1.651200 -1.100000 -1.188109,
			-1.518069 -1.100000 -1.321240,
			-1.396800 -1.100000 -1.188109,
			-1.518069 -1.100000 -1.066840,
			-1.473813 -0.324000 -1.321240,
			-1.396800 -0.324000 -1.143854,
			-1.473813 -0.324000 -1.066840,
			-1.651200 -0.324000 -1.143854,
			-0.573999 1.132000 -1.260041,
			-0.573999 1.132000 -1.128041,
			-0.635200 -1.100000 -1.066840,
			-0.442000 1.132000 -1.260041,
			-0.442000 1.132000 -1.128041,
			-0.635200 -1.100000 -1.321240,
			-0.635200 1.026400 -1.066841,
			-0.635200 1.026400 -1.321241,
			-0.380800 1.026400 -1.066841,
			-0.380800 -1.100000 -1.321240,
			-0.380800 1.026400 -1.321241,
			-0.635200 -3.434400 -1.321240,
			-0.380800 -3.434400 -1.321240,
			-0.380800 -1.100000 -1.066840,
			-0.635200 -3.434400 -1.066840,
			-0.380800 -3.434400 -1.066840,
			-0.442000 -3.540000 -1.128040,
			-0.442000 -3.540000 -1.260040,
			-0.574000 -3.540000 -1.128040,
			-0.574000 -3.540000 -1.260040,
			-0.635200 -0.324000 -1.321240,
			-0.380800 -0.324000 -1.321240,
			-0.380800 -0.324000 -1.066840,
			-0.635200 -0.324000 -1.066840,
			-0.635200 -1.100000 -1.188109,
			-0.502069 -1.100000 -1.321240,
			-0.380800 -1.100000 -1.188109,
			-0.502069 -1.100000 -1.066840,
			-0.457813 -0.324000 -1.321240,
			-0.380800 -0.324000 -1.143854,
			-0.457813 -0.324000 -1.066840,
			-0.635200 -0.324000 -1.143854,
			0.442001 1.132000 -1.260041,
			0.442001 1.132000 -1.128041,
			0.380800 -1.100000 -1.066840,
			0.574000 1.132000 -1.260041,
			0.574000 1.132000 -1.128041,
			0.380800 -1.100000 -1.321240,
			0.380800 1.026400 -1.066841,
			0.380800 1.026400 -1.321241,
			0.635201 1.026400 -1.066841,
			0.635200 -1.100000 -1.321240,
			0.635201 1.026400 -1.321241,
			0.380800 -3.434400 -1.321240,
			0.635200 -3.434400 -1.321240,
			0.635200 -1.100000 -1.066840,
			0.380800 -3.434400 -1.066840,
			0.635200 -3.434400 -1.066840,
			0.574000 -3.540000 -1.128040,
			0.574000 -3.540000 -1.260040,
			0.442000 -3.540000 -1.128040,
			0.442000 -3.540000 -1.260040,
			0.380800 -0.324000 -1.321240,
			0.635200 -0.324000 -1.321240,
			0.635200 -0.324000 -1.066840,
			0.380800 -0.324000 -1.066840,
			0.380800 -1.100000 -1.188109,
			0.513931 -1.100000 -1.321240,
			0.635200 -1.100000 -1.188109,
			0.513931 -1.100000 -1.066840,
			0.558187 -0.324000 -1.321240,
			0.635200 -0.324000 -1.143854,
			0.558187 -0.324000 -1.066840,
			0.380800 -0.324000 -1.143854,
			1.458001 1.132000 -1.260041,
			1.458001 1.132000 -1.128041,
			1.396800 -1.100000 -1.066840,
			1.590000 1.132000 -1.260041,
			1.590000 1.132000 -1.128041,
			1.396800 -1.100000 -1.321240,
			1.396800 1.026400 -1.066841,
			1.396800 1.026400 -1.321241,
			1.651201 1.026400 -1.066841,
			1.651200 -1.100000 -1.321240,
			1.651201 1.026400 -1.321241,
			1.396800 -3.434400 -1.321240,
			1.651200 -3.434400 -1.321240,
			1.651200 -1.100000 -1.066840,
			1.396800 -3.434400 -1.066840,
			1.651200 -3.434400 -1.066840,
			1.590000 -3.540000 -1.128040,
			1.590000 -3.540000 -1.260040,
			1.458000 -3.540000 -1.128040,
			1.458000 -3.540000 -1.260040,
			1.396800 -0.324000 -1.321240,
			1.651200 -0.324000 -1.321240,
			1.651200 -0.324000 -1.066840,
			1.396800 -0.324000 -1.066840,
			1.396800 -1.100000 -1.188109,
			1.529931 -1.100000 -1.321240,
			1.651200 -1.100000 -1.188109,
			1.529931 -1.100000 -1.066840,
			1.574187 -0.324000 -1.321240,
			1.651200 -0.324000 -1.143854,
			1.574187 -0.324000 -1.066840,
			1.396800 -0.324000 -1.143854,
			2.474001 1.132000 -1.260041,
			2.474001 1.132000 -1.128041,
			2.412800 -1.100000 -1.066840,
			2.606000 1.132000 -1.260041,
			2.606000 1.132000 -1.128041,
			2.412800 -1.100000 -1.321240,
			2.412800 1.026400 -1.066841,
			2.412800 1.026400 -1.321241,
			2.667201 1.026400 -1.066841,
			2.667200 -1.100000 -1.321240,
			2.667201 1.026400 -1.321241,
			2.412800 -3.434400 -1.321240,
			2.667200 -3.434400 -1.321240,
			2.667200 -1.100000 -1.066840,
			2.412800 -3.434400 -1.066840,
			2.667200 -3.434400 -1.066840,
			2.606000 -3.540000 -1.128040,
			2.606000 -3.540000 -1.260040,
			2.474000 -3.540000 -1.128040,
			2.474000 -3.540000 -1.260040,
			2.412800 -0.324000 -1.321240,
			2.667200 -0.324000 -1.321240,
			2.667200 -0.324000 -1.066840,
			2.412800 -0.324000 -1.066840,
			2.412800 -1.100000 -1.188109,
			2.545931 -1.100000 -1.321240,
			2.667200 -1.100000 -1.188109,
			2.545931 -1.100000 -1.066840,
			2.590187 -0.324000 -1.321240,
			2.667200 -0.324000 -1.143854,
			2.590187 -0.324000 -1.066840,
			2.412800 -0.324000 -1.143854,
		] }
		coordIndex [
			0 1 3 -1,
			3 1 4 -1,
			1 0 6 -1,
			6 0 7 -1,
			4 1 8 -1,
			8 1 6 -1,
			3 4 10 -1,
			10 4 8 -1,
			0 3 7 -1,
			7 3 10 -1,
			5 25 11 -1,
			7 28 20 -1,
			21 28 10 -1,
			12 25 9 -1,
			7 31 6 -1,
			24 5 11 -1,
			31 23 6 -1,
			14 24 11 -1,
			2 14 27 -1,
			30 6 23 -1,
			22 8 30 -1,
			27 15 13 -1,
			10 29 21 -1,
			26 12 9 -1,
			29 8 22 -1,
			15 26 13 -1,
			16 17 15 -1,
			15 17 12 -1,
			18 19 16 -1,
			16 19 17 -1,
			19 18 11 -1,
			11 18 14 -1,
			17 19 12 -1,
			12 19 11 -1,
			18 16 14 -1,
			14 16 15 -1,
			32 33 35 -1,
			35 33 36 -1,
			33 32 38 -1,
			38 32 39 -1,
			36 33 40 -1,
			40 33 38 -1,
			35 36 42 -1,
			42 36 40 -1,
			32 35 39 -1,
			39 35 42 -1,
			37 57 43 -1,
			39 60 52 -1,
			53 60 42 -1,
			44 57 41 -1,
			39 63 38 -1,
			56 37 43 -1,
			63 55 38 -1,
			46 56 43 -1,
			34 46 59 -1,
			62 38 55 -1,
			54 40 62 -1,
			59 47 45 -1,
			42 61 53 -1,
			58 44 41 -1,
			61 40 54 -1,
			47 58 45 -1,
			48 49 47 -1,
			47 49 44 -1,
			50 51 48 -1,
			48 51 49 -1,
			51 50 43 -1,
			43 50 46 -1,
			49 51 44 -1,
			44 51 43 -1,
			50 48 46 -1,
			46 48 47 -1,
			64 65 67 -1,
			67 65 68 -1,
			65 64 70 -1,
			70 64 71 -1,
			68 65 72 -1,
			72 65 70 -1,
			67 68 74 -1,
			74 68 72 -1,
			64 67 71 -1,
			71 67 74 -1,
			69 89 75 -1,
			71 92 84 -1,
			85 92 74 -1,
			76 89 73 -1,
			71 95 70 -1,
			88 69 75 -1,
			95 87 70 -1,
			78 88 75 -1,
			66 78 91 -1,
			94 70 87 -1,
			86 72 94 -1,
			91 79 77 -1,
			74 93 85 -1,
			90 76 73 -1,
			93 72 86 -1,
			79 90 77 -1,
			80 81 79 -1,
			79 81 76 -1,
			82 83 80 -1,
			80 83 81 -1,
			83 82 75 -1,
			75 82 78 -1,
			81 83 76 -1,
			76 83 75 -1,
			82 80 78 -1,
			78 80 79 -1,
			96 97 99 -1,
			99 97 100 -1,
			97 96 102 -1,
			102 96 103 -1,
			100 97 104 -1,
			104 97 102 -1,
			99 100 106 -1,
			106 100 104 -1,
			96 99 103 -1,
			103 99 106 -1,
			101 121 107 -1,
			103 124 116 -1,
			117 124 106 -1,
			108 121 105 -1,
			103 127 102 -1,
			120 101 107 -1,
			127 119 102 -1,
			110 120 107 -1,
			98 110 123 -1,
			126 102 119 -1,
			118 104 126 -1,
			123 111 109 -1,
			106 125 117 -1,
			122 108 105 -1,
			125 104 118 -1,
			111 122 109 -1,
			112 113 111 -1,
			111 113 108 -1,
			114 115 112 -1,
			112 115 113 -1,
			115 114 107 -1,
			107 114 110 -1,
			113 115 108 -1,
			108 115 107 -1,
			114 112 110 -1,
			110 112 111 -1,
			128 129 131 -1,
			131 129 132 -1,
			129 128 134 -1,
			134 128 135 -1,
			132 129 136 -1,
			136 129 134 -1,
			131 132 138 -1,
			138 132 136 -1,
			128 131 135 -1,
			135 131 138 -1,
			133 153 139 -1,
			135 156 148 -1,
			149 156 138 -1,
			140 153 137 -1,
			135 159 134 -1,
			152 133 139 -1,
			159 151 134 -1,
			142 152 139 -1,
			130 142 155 -1,
			158 134 151 -1,
			150 136 158 -1,
			155 143 141 -1,
			138 157 149 -1,
			154 140 137 -1,
			157 136 150 -1,
			143 154 141 -1,
			144 145 143 -1,
			143 145 140 -1,
			146 147 144 -1,
			144 147 145 -1,
			147 146 139 -1,
			139 146 142 -1,
			145 147 140 -1,
			140 147 139 -1,
			146 144 142 -1,
			142 144 143 -1,
			160 161 163 -1,
			163 161 164 -1,
			161 160 166 -1,
			166 160 167 -1,
			164 161 168 -1,
			168 161 166 -1,
			163 164 170 -1,
			170 164 168 -1,
			160 163 167 -1,
			167 163 170 -1,
			165 185 171 -1,
			167 188 180 -1,
			181 188 170 -1,
			172 185 169 -1,
			167 191 166 -1,
			184 165 171 -1,
			191 183 166 -1,
			174 184 171 -1,
			162 174 187 -1,
			190 166 183 -1,
			182 168 190 -1,
			187 175 173 -1,
			170 189 181 -1,
			186 172 169 -1,
			189 168 182 -1,
			175 186 173 -1,
			176 177 175 -1,
			175 177 172 -1,
			178 179 176 -1,
			176 179 177 -1,
			179 178 171 -1,
			171 178 174 -1,
			177 179 172 -1,
			172 179 171 -1,
			178 176 174 -1,
			174 176 175 -1,
			192 193 195 -1,
			195 193 196 -1,
			193 192 198 -1,
			198 192 199 -1,
			196 193 200 -1,
			200 193 198 -1,
			195 196 202 -1,
			202 196 200 -1,
			192 195 199 -1,
			199 195 202 -1,
			197 217 203 -1,
			199 220 212 -1,
			213 220 202 -1,
			204 217 201 -1,
			199 223 198 -1,
			216 197 203 -1,
			223 215 198 -1,
			206 216 203 -1,
			194 206 219 -1,
			222 198 215 -1,
			214 200 222 -1,
			219 207 205 -1,
			202 221 213 -1,
			218 204 201 -1,
			221 200 214 -1,
			207 218 205 -1,
			208 209 207 -1,
			207 209 204 -1,
			210 211 208 -1,
			208 211 209 -1,
			211 210 203 -1,
			203 210 206 -1,
			209 211 204 -1,
			204 211 203 -1,
			210 208 206 -1,
			206 208 207 -1,
			224 225 227 -1,
			227 225 228 -1,
			225 224 230 -1,
			230 224 231 -1,
			228 225 232 -1,
			232 225 230 -1,
			227 228 234 -1,
			234 228 232 -1,
			224 227 231 -1,
			231 227 234 -1,
			229 249 235 -1,
			231 252 244 -1,
			245 252 234 -1,
			236 249 233 -1,
			231 255 230 -1,
			248 229 235 -1,
			255 247 230 -1,
			238 248 235 -1,
			226 238 251 -1,
			254 230 247 -1,
			246 232 254 -1,
			251 239 237 -1,
			234 253 245 -1,
			250 236 233 -1,
			253 232 246 -1,
			239 250 237 -1,
			240 241 239 -1,
			239 241 236 -1,
			242 243 240 -1,
			240 243 241 -1,
			243 242 235 -1,
			235 242 238 -1,
			241 243 236 -1,
			236 243 235 -1,
			242 240 238 -1,
			238 240 239 -1,
			256 257 259 -1,
			259 257 260 -1,
			257 256 262 -1,
			262 256 263 -1,
			260 257 264 -1,
			264 257 262 -1,
			259 260 266 -1,
			266 260 264 -1,
			256 259 263 -1,
			263 259 266 -1,
			261 281 267 -1,
			263 284 276 -1,
			277 284 266 -1,
			268 281 265 -1,
			263 287 262 -1,
			280 261 267 -1,
			287 279 262 -1,
			270 280 267 -1,
			258 270 283 -1,
			286 262 279 -1,
			278 264 286 -1,
			283 271 269 -1,
			266 285 277 -1,
			282 268 265 -1,
			285 264 278 -1,
			271 282 269 -1,
			272 273 271 -1,
			271 273 268 -1,
			274 275 272 -1,
			272 275 273 -1,
			275 274 267 -1,
			267 274 270 -1,
			273 275 268 -1,
			268 275 267 -1,
			274 272 270 -1,
			270 272 271 -1,
			288 289 291 -1,
			291 289 292 -1,
			289 288 294 -1,
			294 288 295 -1,
			292 289 296 -1,
			296 289 294 -1,
			291 292 298 -1,
			298 292 296 -1,
			288 291 295 -1,
			295 291 298 -1,
			293 313 299 -1,
			295 316 308 -1,
			309 316 298 -1,
			300 313 297 -1,
			295 319 294 -1,
			312 293 299 -1,
			319 311 294 -1,
			302 312 299 -1,
			290 302 315 -1,
			318 294 311 -1,
			310 296 318 -1,
			315 303 301 -1,
			298 317 309 -1,
			314 300 297 -1,
			317 296 310 -1,
			303 314 301 -1,
			304 305 303 -1,
			303 305 300 -1,
			306 307 304 -1,
			304 307 305 -1,
			307 306 299 -1,
			299 306 302 -1,
			305 307 300 -1,
			300 307 299 -1,
			306 304 302 -1,
			302 304 303 -1,
			320 321 323 -1,
			323 321 324 -1,
			321 320 326 -1,
			326 320 327 -1,
			324 321 328 -1,
			328 321 326 -1,
			323 324 330 -1,
			330 324 328 -1,
			320 323 327 -1,
			327 323 330 -1,
			325 345 331 -1,
			327 348 340 -1,
			341 348 330 -1,
			332 345 329 -1,
			327 351 326 -1,
			344 325 331 -1,
			351 343 326 -1,
			334 344 331 -1,
			322 334 347 -1,
			350 326 343 -1,
			342 328 350 -1,
			347 335 333 -1,
			330 349 341 -1,
			346 332 329 -1,
			349 328 342 -1,
			335 346 333 -1,
			336 337 335 -1,
			335 337 332 -1,
			338 339 336 -1,
			336 339 337 -1,
			339 338 331 -1,
			331 338 334 -1,
			337 339 332 -1,
			332 339 331 -1,
			338 336 334 -1,
			334 336 335 -1,
			352 353 355 -1,
			355 353 356 -1,
			353 352 358 -1,
			358 352 359 -1,
			356 353 360 -1,
			360 353 358 -1,
			355 356 362 -1,
			362 356 360 -1,
			352 355 359 -1,
			359 355 362 -1,
			357 377 363 -1,
			359 380 372 -1,
			373 380 362 -1,
			364 377 361 -1,
			359 383 358 -1,
			376 357 363 -1,
			383 375 358 -1,
			366 376 363 -1,
			354 366 379 -1,
			382 358 375 -1,
			374 360 382 -1,
			379 367 365 -1,
			362 381 373 -1,
			378 364 361 -1,
			381 360 374 -1,
			367 378 365 -1,
			368 369 367 -1,
			367 369 364 -1,
			370 371 368 -1,
			368 371 369 -1,
			371 370 363 -1,
			363 370 366 -1,
			369 371 364 -1,
			364 371 363 -1,
			370 368 366 -1,
			366 368 367 -1,
			7 10 28 -1,
			12 11 25 -1,
			7 20 31 -1,
			14 2 24 -1,
			30 8 6 -1,
			27 14 15 -1,
			10 8 29 -1,
			15 12 26 -1,
			39 42 60 -1,
			44 43 57 -1,
			39 52 63 -1,
			46 34 56 -1,
			62 40 38 -1,
			59 46 47 -1,
			42 40 61 -1,
			47 44 58 -1,
			71 74 92 -1,
			76 75 89 -1,
			71 84 95 -1,
			78 66 88 -1,
			94 72 70 -1,
			91 78 79 -1,
			74 72 93 -1,
			79 76 90 -1,
			103 106 124 -1,
			108 107 121 -1,
			103 116 127 -1,
			110 98 120 -1,
			126 104 102 -1,
			123 110 111 -1,
			106 104 125 -1,
			111 108 122 -1,
			135 138 156 -1,
			140 139 153 -1,
			135 148 159 -1,
			142 130 152 -1,
			158 136 134 -1,
			155 142 143 -1,
			138 136 157 -1,
			143 140 154 -1,
			167 170 188 -1,
			172 171 185 -1,
			167 180 191 -1,
			174 162 184 -1,
			190 168 166 -1,
			187 174 175 -1,
			170 168 189 -1,
			175 172 186 -1,
			199 202 220 -1,
			204 203 217 -1,
			199 212 223 -1,
			206 194 216 -1,
			222 200 198 -1,
			219 206 207 -1,
			202 200 221 -1,
			207 204 218 -1,
			231 234 252 -1,
			236 235 249 -1,
			231 244 255 -1,
			238 226 248 -1,
			254 232 230 -1,
			251 238 239 -1,
			234 232 253 -1,
			239 236 250 -1,
			263 266 284 -1,
			268 267 281 -1,
			263 276 287 -1,
			270 258 280 -1,
			286 264 262 -1,
			283 270 271 -1,
			266 264 285 -1,
			271 268 282 -1,
			295 298 316 -1,
			300 299 313 -1,
			295 308 319 -1,
			302 290 312 -1,
			318 296 294 -1,
			315 302 303 -1,
			298 296 317 -1,
			303 300 314 -1,
			327 330 348 -1,
			332 331 345 -1,
			327 340 351 -1,
			334 322 344 -1,
			350 328 326 -1,
			347 334 335 -1,
			330 328 349 -1,
			335 332 346 -1,
			359 362 380 -1,
			364 363 377 -1,
			359 372 383 -1,
			366 354 376 -1,
			382 360 358 -1,
			379 366 367 -1,
			362 360 381 -1,
			367 364 378 -1,
		]
		normal Normal { vector [
			-0.401402 0.823259 -0.401399,
			-0.401391 0.823266 0.401396,
			-0.707107 0.000000 0.707107,
			0.401391 0.823266 -0.401396,
			0.401402 0.823259 0.401398,
			-0.707107 0.000000 -0.707107,
			-0.675355 0.296339 0.675336,
			-0.675339 0.296339 -0.675351,
			0.675340 0.296337 0.675352,
			0.707107 -0.000000 -0.707107,
			0.675349 0.296338 -0.675343,
			-0.675352 -0.296337 -0.675340,
			0.675340 -0.296337 -0.675352,
			0.707107 0.000000 0.707107,
			-0.675340 -0.296337 0.675352,
			0.675353 -0.296337 0.675339,
			0.401391 -0.823266 0.401396,
			0.401402 -0.823259 -0.401398,
			-0.401402 -0.823259 0.401399,
			-0.401391 -0.823266 -0.401396,
			-0.707107 -0.000000 -0.707107,
			0.707107 -0.000000 -0.707107,
			0.707107 -0.000000 0.707107,
			-0.707107 0.000000 0.707107,
			-1.000000 0.000000 -0.000000,
			0.000000 -0.000000 -1.000000,
			1.000000 0.000000 0.000000,
			0.000000 0.000000 1.000000,
			0.000000 -0.000000 -1.000000,
			1.000000 -0.000000 0.000000,
			0.000000 0.000000 1.000000,
			-1.000000 0.000000 0.000000,
			-0.401402 0.823259 -0.401399,
			-0.401391 0.823266 0.401396,
			-0.707107 0.000000 0.707107,
			0.401390 0.823266 -0.401396,
			0.401401 0.823260 0.401398,
			-0.707107 0.000000 -0.707107,
			-0.675355 0.296339 0.675336,
			-0.675339 0.296340 -0.675351,
			0.675340 0.296337 0.675352,
			0.707107 -0.000000 -0.707107,
			0.675349 0.296338 -0.675342,
			-0.675352 -0.296337 -0.675340,
			0.675340 -0.296337 -0.675352,
			0.707107 0.000000 0.707107,
			-0.675340 -0.296337 0.675352,
			0.675352 -0.296337 0.675340,
			0.401390 -0.823266 0.401396,
			0.401401 -0.823260 -0.401398,
			-0.401402 -0.823259 0.401399,
			-0.401391 -0.823266 -0.401396,
			-0.707107 -0.000000 -0.707107,
			0.707107 -0.000000 -0.707107,
			0.707107 -0.000000 0.707107,
			-0.707107 0.000000 0.707107,
			-1.000000 0.000000 -0.000000,
			0.000000 -0.000000 -1.000000,
			1.000000 0.000000 0.000000,
			0.000000 0.000000 1.000000,
			0.000000 -0.000000 -1.000000,
			1.000000 -0.000000 0.000000,
			0.000000 0.000000 1.000000,
			-1.000000 0.000000 0.000000,
			-0.401402 0.823259 -0.401399,
			-0.401391 0.823266 0.401396,
			-0.707107 0.000000 0.707107,
			0.401391 0.823266 -0.401396,
			0.401402 0.823259 0.401398,
			-0.707107 0.000000 -0.707107,
			-0.675355 0.296339 0.675336,
			-0.675339 0.296339 -0.675351,
			0.675340 0.296337 0.675352,
			0.707107 -0.000000 -0.707107,
			0.675349 0.296338 -0.675343,
			-0.675352 -0.296337 -0.675340,
			0.675340 -0.296337 -0.675352,
			0.707107 0.000000 0.707107,
			-0.675340 -0.296337 0.675352,
			0.675353 -0.296337 0.675339,
			0.401391 -0.823266 0.401396,
			0.401402 -0.823259 -0.401398,
			-0.401402 -0.823259 0.401399,
			-0.401391 -0.823266 -0.401396,
			-0.707107 -0.000000 -0.707107,
			0.707107 -0.000000 -0.707107,
			0.707107 -0.000000 0.707107,
			-0.707107 0.000000 0.707107,
			-1.000000 0.000000 -0.000000,
			0.000000 -0.000000 -1.000000,
			1.000000 0.000000 0.000000,
			0.000000 0.000000 1.000000,
			0.000000 -0.000000 -1.000000,
			1.000000 -0.000000 0.000000,
			0.000000 0.000000 1.000000,
			-1.000000 0.000000 0.000000,
			-0.401402 0.823259 -0.401399,
			-0.401391 0.823266 0.401396,
			-0.707107 0.000000 0.707107,
			0.401391 0.823266 -0.401396,
			0.401402 0.823259 0.401398,
			-0.707107 0.000000 -0.707107,
			-0.675355 0.296339 0.675336,
			-0.675339 0.296339 -0.675351,
			0.675340 0.296337 0.675352,
			0.707107 -0.000000 -0.707107,
			0.675349 0.296338 -0.675343,
			-0.675352 -0.296337 -0.675340,
			0.675340 -0.296337 -0.675352,
			0.707107 0.000000 0.707107,
			-0.675340 -0.296337 0.675352,
			0.675353 -0.296337 0.675339,
			0.401391 -0.823266 0.401396,
			0.401402 -0.823259 -0.401398,
			-0.401402 -0.823259 0.401399,
			-0.401391 -0.823266 -0.401396,
			-0.707107 -0.000000 -0.707107,
			0.707107 -0.000000 -0.707107,
			0.707107 -0.000000 0.707107,
			-0.707107 0.000000 0.707107,
			-1.000000 0.000000 -0.000000,
			0.000000 -0.000000 -1.000000,
			1.000000 0.000000 0.000000,
			0.000000 0.000000 1.000000,
			0.000000 -0.000000 -1.000000,
			1.000000 -0.000000 0.000000,
			0.000000 0.000000 1.000000,
			-1.000000 0.000000 0.000000,
			-0.401402 0.823259 -0.401399,
			-0.401391 0.823266 0.401396,
			-0.707107 0.000000 0.707107,
			0.401391 0.823266 -0.401396,
			0.401402 0.823259 0.401398,
			-0.707107 0.000000 -0.707107,
			-0.675355 0.296339 0.675336,
			-0.675339 0.296339 -0.675351,
			0.675340 0.296337 0.675352,
			0.707107 -0.000000 -0.707107,
			0.675349 0.296338 -0.675343,
			-0.675352 -0.296337 -0.675340,
			0.675340 -0.296337 -0.675352,
			0.707107 0.000000 0.707107,
			-0.675340 -0.296337 0.675352,
			0.675352 -0.296337 0.675340,
			0.401391 -0.823266 0.401396,
			0.401402 -0.823259 -0.401398,
			-0.401402 -0.823259 0.401399,
			-0.401391 -0.823266 -0.401396,
			-0.707107 -0.000000 -0.707107,
			0.707107 -0.000000 -0.707107,
			0.707107 -0.000000 0.707107,
			-0.707107 0.000000 0.707107,
			-1.000000 0.000000 -0.000000,
			0.000000 -0.000000 -1.000000,
			1.000000 0.000000 0.000000,
			0.000000 0.000000 1.000000,
			0.000000 -0.000000 -1.000000,
			1.000000 -0.000000 0.000000,
			0.000000 0.000000 1.000000,
			-1.000000 0.000000 0.000000,
			-0.401402 0.823259 -0.401399,
			-0.401391 0.823266 0.401396,
			-0.707107 0.000000 0.707107,
			0.401391 0.823266 -0.401396,
			0.401402 0.823259 0.401398,
			-0.707107 0.000000 -0.707107,
			-0.675355 0.296339 0.675336,
			-0.675339 0.296339 -0.675351,
			0.675340 0.296337 0.675352,
			0.707107 -0.000000 -0.707107,
			0.675349 0.296338 -0.675343,
			-0.675352 -0.296337 -0.675340,
			0.675340 -0.296337 -0.675352,
			0.707107 0.000000 0.707107,
			-0.675340 -0.296337 0.675352,
			0.675352 -0.296337 0.675340,
			0.401391 -0.823266 0.401396,
			0.401402 -0.823259 -0.401398,
			-0.401402 -0.823259 0.401399,
			-0.401391 -0.823266 -0.401396,
			-0.707107 -0.000000 -0.707107,
			0.707107 -0.000000 -0.707107,
			0.707107 -0.000000 0.707107,
			-0.707107 0.000000 0.707107,
			-1.000000 0.000000 -0.000000,
			0.000000 -0.000000 -1.000000,
			1.000000 0.000000 0.000000,
			0.000000 0.000000 1.000000,
			0.000000 -0.000000 -1.000000,
			1.000000 -0.000000 0.000000,
			0.000000 0.000000 1.000000,
			-1.000000 0.000000 0.000000,
			-0.401402 0.823259 -0.401398,
			-0.401391 0.823266 0.401396,
			-0.707107 0.000000 0.707107,
			0.401391 0.823266 -0.401396,
			0.401402 0.823260 0.401398,
			-0.707107 0.000000 -0.707107,
			-0.675355 0.296339 0.675336,
			-0.675339 0.296340 -0.675351,
			0.675340 0.296337 0.675352,
			0.707107 -0.000000 -0.707107,
			0.675349 0.296338 -0.675343,
			-0.675352 -0.296337 -0.675340,
			0.675340 -0.296337 -0.675352,
			0.707107 0.000000 0.707107,
			-0.675340 -0.296337 0.675352,
			0.675352 -0.296337 0.675339,
			0.401391 -0.823266 0.401396,
			0.401402 -0.823260 -0.401398,
			-0.401402 -0.823259 0.401398,
			-0.401391 -0.823266 -0.401396,
			-0.707107 -0.000000 -0.707107,
			0.707107 -0.000000 -0.707107,
			0.707107 -0.000000 0.707107,
			-0.707107 0.000000 0.707107,
			-1.000000 0.000000 -0.000000,
			0.000000 -0.000000 -1.000000,
			1.000000 0.000000 0.000000,
			0.000000 0.000000 1.000000,
			0.000000 -0.000000 -1.000000,
			1.000000 -0.000000 0.000000,
			0.000000 0.000000 1.000000,
			-1.000000 0.000000 0.000000,
			-0.401402 0.823259 -0.401398,
			-0.401391 0.823266 0.401396,
			-0.707107 0.000000 0.707107,
			0.401390 0.823266 -0.401396,
			0.401401 0.823260 0.401398,
			-0.707107 0.000000 -0.707107,
			-0.675355 0.296339 0.675336,
			-0.675339 0.296340 -0.675351,
			0.675340 0.296337 0.675352,
			0.707107 -0.000000 -0.707107,
			0.675349 0.296338 -0.675343,
			-0.675352 -0.296337 -0.675340,
			0.675340 -0.296337 -0.675352,
			0.707107 0.000000 0.707107,
			-0.675340 -0.296337 0.675352,
			0.675352 -0.296337 0.675340,
			0.401390 -0.823266 0.401396,
			0.401401 -0.823260 -0.401398,
			-0.401402 -0.823259 0.401398,
			-0.401391 -0.823266 -0.401396,
			-0.707107 -0.000000 -0.707107,
			0.707107 -0.000000 -0.707107,
			0.707107 -0.000000 0.707107,
			-0.707107 0.000000 0.707107,
			-1.000000 0.000000 -0.000000,
			0.000000 -0.000000 -1.000000,
			1.000000 0.000000 0.000000,
			0.000000 0.000000 1.000000,
			0.000000 -0.000000 -1.000000,
			1.000000 -0.000000 0.000000,
			0.000000 0.000000 1.000000,
			-1.000000 0.000000 0.000000,
			-0.401402 0.823259 -0.401398,
			-0.401391 0.823266 0.401396,
			-0.707107 0.000000 0.707107,
			0.401391 0.823266 -0.401396,
			0.401402 0.823260 0.401398,
			-0.707107 0.000000 -0.707107,
			-0.675355 0.296339 0.675336,
			-0.675339 0.296340 -0.675351,
			0.675340 0.296337 0.675352,
			0.707107 -0.000000 -0.707107,
			0.675349 0.296338 -0.675343,
			-0.675352 -0.296337 -0.675340,
			0.675340 -0.296337 -0.675352,
			0.707107 0.000000 0.707107,
			-0.675340 -0.296337 0.675352,
			0.675352 -0.296337 0.675339,
			0.401391 -0.823266 0.401396,
			0.401402 -0.823260 -0.401398,
			-0.401402 -0.823259 0.401398,
			-0.401391 -0.823266 -0.401396,
			-0.707107 -0.000000 -0.707107,
			0.707107 -0.000000 -0.707107,
			0.707107 -0.000000 0.707107,
			-0.707107 0.000000 0.707107,
			-1.000000 0.000000 -0.000000,
			0.000000 -0.000000 -1.000000,
			1.000000 0.000000 0.000000,
			0.000000 0.000000 1.000000,
			0.000000 -0.000000 -1.000000,
			1.000000 -0.000000 0.000000,
			0.000000 0.000000 1.000000,
			-1.000000 0.000000 0.000000,
			-0.401402 0.823259 -0.401398,
			-0.401391 0.823266 0.401396,
			-0.707107 0.000000 0.707107,
			0.401391 0.823266 -0.401396,
			0.401402 0.823260 0.401398,
			-0.707107 0.000000 -0.707107,
			-0.675355 0.296339 0.675336,
			-0.675339 0.296340 -0.675351,
			0.675340 0.296337 0.675352,
			0.707107 -0.000000 -0.707107,
			0.675349 0.296338 -0.675343,
			-0.675352 -0.296337 -0.675340,
			0.675340 -0.296337 -0.675352,
			0.707107 0.000000 0.707107,
			-0.675340 -0.296337 0.675352,
			0.675352 -0.296337 0.675339,
			0.401391 -0.823266 0.401396,
			0.401402 -0.823260 -0.401398,
			-0.401402 -0.823259 0.401398,
			-0.401391 -0.823266 -0.401396,
			-0.707107 -0.000000 -0.707107,
			0.707107 -0.000000 -0.707107,
			0.707107 -0.000000 0.707107,
			-0.707107 0.000000 0.707107,
			-1.000000 0.000000 -0.000000,
			0.000000 -0.000000 -1.000000,
			1.000000 0.000000 0.000000,
			0.000000 0.000000 1.000000,
			0.000000 -0.000000 -1.000000,
			1.000000 -0.000000 0.000000,
			0.000000 0.000000 1.000000,
			-1.000000 0.000000 0.000000,
			-0.401402 0.823259 -0.401398,
			-0.401391 0.823266 0.401396,
			-0.707107 0.000000 0.707107,
			0.401391 0.823266 -0.401396,
			0.401402 0.823260 0.401398,
			-0.707107 0.000000 -0.707107,
			-0.675355 0.296339 0.675336,
			-0.675339 0.296340 -0.675351,
			0.675340 0.296337 0.675352,
			0.707107 -0.000000 -0.707107,
			0.675349 0.296338 -0.675343,
			-0.675352 -0.296337 -0.675340,
			0.675340 -0.296337 -0.675352,
			0.707107 0.000000 0.707107,
			-0.675340 -0.296337 0.675352,
			0.675352 -0.296337 0.675340,
			0.401391 -0.823266 0.401396,
			0.401402 -0.823260 -0.401398,
			-0.401402 -0.823259 0.401398,
			-0.401391 -0.823266 -0.401396,
			-0.707107 -0.000000 -0.707107,
			0.707107 -0.000000 -0.707107,
			0.707107 -0.000000 0.707107,
			-0.707107 0.000000 0.707107,
			-1.000000 0.000000 -0.000000,
			0.000000 -0.000000 -1.000000,
			1.000000 0.000000 0.000000,
			0.000000 0.000000 1.000000,
			0.000000 -0.000000 -1.000000,
			1.000000 -0.000000 0.000000,
			0.000000 0.000000 1.000000,
			-1.000000 0.000000 0.000000,
			-0.401402 0.823259 -0.401398,
			-0.401391 0.823266 0.401396,
			-0.707107 0.000000 0.707107,
			0.401391 0.823266 -0.401396,
			0.401402 0.823260 0.401398,
			-0.707107 0.000000 -0.707107,
			-0.675355 0.296339 0.675336,
			-0.675339 0.296340 -0.675351,
			0.675340 0.296337 0.675352,
			0.707107 -0.000000 -0.707107,
			0.675349 0.296338 -0.675343,
			-0.675352 -0.296337 -0.675340,
			0.675340 -0.296337 -0.675352,
			0.707107 0.000000 0.707107,
			-0.675340 -0.296337 0.675352,
			0.675352 -0.296337 0.675340,
			0.401391 -0.823266 0.401396,
			0.401402 -0.823260 -0.401398,
			-0.401402 -0.823259 0.401398,
			-0.401391 -0.823266 -0.401396,
			-0.707107 -0.000000 -0.707107,
			0.707107 -0.000000 -0.707107,
			0.707107 -0.000000 0.707107,
			-0.707107 0.000000 0.707107,
			-1.000000 0.000000 -0.000000,
			0.000000 -0.000000 -1.000000,
			1.000000 0.000000 0.000000,
			0.000000 0.000000 1.000000,
			0.000000 -0.000000 -1.000000,
			1.000000 -0.000000 0.000000,
			0.000000 0.000000 1.000000,
			-1.000000 0.000000 0.000000,
		] }
		normalPerVertex TRUE
		solid TRUE
	}
	appearance Appearance {
		material Material {
			diffuseColor 0.9714 0.9167 0.4554
			transparency 0.0000
			shininess 0.5000
		}
	}
}

Shape # Material: Material
{
	geometry IndexedFaceSet {
		coord Coordinate { point [
			3.500000 0.320000 -4.300000,
			3.500000 -0.320000 -4.300000,
			3.500000 0.320000 4.300000,
			3.500000 -0.320000 4.300000,
			-3.500000 0.320000 -4.300000,
			-3.500000 -0.320000 -4.300000,
			-3.500000 0.320000 4.300000,
			-3.500000 -0.320000 4.300000,
		] }
		coordIndex [
			4 2 0 -1,
			2 7 3 -1,
			6 5 7 -1,
			1 7 5 -1,
			0 3 1 -1,
			4 1 5 -1,
			4 6 2 -1,
			2 6 7 -1,
			6 4 5 -1,
			1 3 7 -1,
			0 2 3 -1,
			4 0 1 -1,
		]
		normal Normal { vector [
			0.090805 0.993122 -0.073907,
			0.090795 -0.993123 -0.073907,
			0.090795 0.993123 0.073907,
			0.090805 -0.993122 0.073907,
			-0.090795 0.993123 -0.073907,
			-0.090805 -0.993122 -0.073907,
			-0.090805 0.993122 0.073907,
			-0.090795 -0.993123 0.073907,
		] }
		normalPerVertex TRUE
		solid TRUE
	}
	appearance Appearance {
		material Material {
			diffuseColor 0.0909 0.8002 0.0436
			transparency 0.0000
			shininess 0.5000
		}
	}
}

